youtube_video_id,youtube_url,title_original,channel_name,language,topic,duration_seconds,availability,description_checked,description_characters,youtube_chapters_checked,chapter_count,captions_checked,caption_languages,contains_marketing_signal,professional_source_signal,evidence_score,preliminary_decision,decision_reason
3nwR3t6-Ftg,https://www.youtube.com/watch?v=3nwR3t6-Ftg,הדרכת אדוונצ'ר שלב א' של צביקה כהן השטח לקבוצת אדוונצ'רים מתחילים בשטח,ADV Moto Life,he,sand,431,public,True,548,True,5,True,aa|ab|af|ak|am|ar|as|ay|az|ba|be|bg|bho|bn|bo|br|bs|ca|ceb|co|crs|cs|cy|da|de|dv|dz|ee|el|en|eo|es|et|eu|fa|fi|fil|fj|fo|fr|fy|ga|gaa|gd|gl|gn|gu|gv|ha|haw|hi|hmn|hr|ht|hu|hy|id|ig|is|it|iu|iw|iw-orig|ja|jv|ka|kha|kk|kl|km|kn|ko|kri|ku|ky|la|lb|lg|ln|lo|lt|lua|luo|lv|mfe|mg|mi|mk|ml|mn|mr|ms|mt|my|ne|new|nl|no|nso|ny|oc|om|or|os|pa|pam|pl|ps|pt|pt-PT|qu|rn|ro|ru|rw|sa|sd|sg|si|sk|sl|sm|sn|so|sq|sr|ss|st|su|sv|sw|ta|te|tg|th|ti|tk|tn|to|tr|ts|tt|tum|ug|uk|ur|uz|ve|vi|war|wo|xh|yi|yo|zh-Hans|zh-Hant|zu,False,True,10,eligible_for_content_review,youtube_chapters=5; caption_tracks=157; professional_source_signal
tBzG_y2mhHU,https://www.youtube.com/watch?v=tBzG_y2mhHU,טיפ: הכרת היתרונות והחסרונות של מערכת ה-ABS באופנוע ובקטנוע,ProRiding Israel,he,braking,78,public,True,545,True,0,True,,True,True,2,rejected,no_chapters_or_captions_for_content_evidence
05DDi3qweE0,https://www.youtube.com/watch?v=05DDi3qweE0,איך לא ליפול בשטח עם אופנוע,Cohen Adventure (‫צביקה כהן השטח‬‎),he,instructor_seed,425,public,True,157,True,0,True,,False,False,2,rejected,no_chapters_or_captions_for_content_evidence
3uttfaaeYrA,https://www.youtube.com/watch?v=3uttfaaeYrA,טיפים לרוכבים על אופנועים גבוהים,Cohen Adventure (‫צביקה כהן השטח‬‎),he,obstacles,107,public,True,217,True,0,True,iw,False,False,4,eligible_for_content_review,caption_tracks=1
GqUgDGd04XE,https://www.youtube.com/watch?v=GqUgDGd04XE,קורס רכיבת כביש פרוריידינג פרו 1,ADV Moto Life,he,channel_seed,891,public,True,439,True,0,True,aa|ab|af|ak|am|ar|as|ay|az|ba|be|bg|bho|bn|bo|br|bs|ca|ceb|co|crs|cs|cy|da|de|dv|dz|ee|el|en|eo|es|et|eu|fa|fi|fil|fj|fo|fr|fy|ga|gaa|gd|gl|gn|gu|gv|ha|haw|hi|hmn|hr|ht|hu|hy|id|ig|is|it|iu|iw|iw-orig|ja|jv|ka|kha|kk|kl|km|kn|ko|kri|ku|ky|la|lb|lg|ln|lo|lt|lua|luo|lv|mfe|mg|mi|mk|ml|mn|mr|ms|mt|my|ne|new|nl|no|nso|ny|oc|om|or|os|pa|pam|pl|ps|pt|pt-PT|qu|rn|ro|ru|rw|sa|sd|sg|si|sk|sl|sm|sn|so|sq|sr|ss|st|su|sv|sw|ta|te|tg|th|ti|tk|tn|to|tr|ts|tt|tum|ug|uk|ur|uz|ve|vi|war|wo|xh|yi|yo|zh-Hans|zh-Hant|zu,False,True,8,eligible_for_content_review,caption_tracks=157; professional_source_signal
jyRIPZ1olIs,https://www.youtube.com/watch?v=jyRIPZ1olIs,קורס אדוונצ'ר 2 של פרוריידינג- מבט מבפנים,ADV Moto Life,he,channel_seed,1025,public,True,656,True,6,True,aa|ab|af|ak|am|ar|as|ay|az|ba|be|bg|bho|bn|bo|br|bs|ca|ceb|co|crs|cs|cy|da|de|dv|dz|ee|el|en|eo|es|et|eu|fa|fi|fil|fj|fo|fr|fy|ga|gaa|gd|gl|gn|gu|gv|ha|haw|hi|hmn|hr|ht|hu|hy|id|ig|is|it|iu|iw|iw-orig|ja|jv|ka|kha|kk|kl|km|kn|ko|kri|ku|ky|la|lb|lg|ln|lo|lt|lua|luo|lv|mfe|mg|mi|mk|ml|mn|mr|ms|mt|my|ne|new|nl|no|nso|ny|oc|om|or|os|pa|pam|pl|ps|pt|pt-PT|qu|rn|ro|ru|rw|sa|sd|sg|si|sk|sl|sm|sn|so|sq|sr|ss|st|su|sv|sw|ta|te|tg|th|ti|tk|tn|to|tr|ts|tt|tum|ug|uk|ur|uz|ve|vi|war|wo|xh|yi|yo|zh-Hans|zh-Hant|zu,False,True,10,rejected,title_indicates_non_instructional_or_promotional_content
HWNbjhnBTMM,https://www.youtube.com/watch?v=HWNbjhnBTMM,ביצוע PIVOT עם אופנוע אדוונצ'ר בשטח,ProRiding Israel,he,required_seed,81,public,True,235,True,0,True,aa|ab|af|ak|am|ar|as|ay|az|ba|be|bg|bho|bn|bo|br|bs|ca|ceb|co|crs|cs|cy|da|de|dv|dz|ee|el|en|eo|es|et|eu|fa|fi|fil|fj|fo|fr|fy|ga|gaa|gd|gl|gn|gu|gv|ha|haw|hi|hmn|hr|ht|hu|hy|id|ig|is|it|iu|iw|iw-orig|ja|jv|ka|kha|kk|kl|km|kn|ko|kri|ku|ky|la|lb|lg|ln|lo|lt|lua|luo|lv|mfe|mg|mi|mk|ml|mn|mr|ms|mt|my|ne|new|nl|no|nso|ny|oc|om|or|os|pa|pam|pl|ps|pt|pt-PT|qu|rn|ro|ru|rw|sa|sd|sg|si|sk|sl|sm|sn|so|sq|sr|ss|st|su|sv|sw|ta|te|tg|th|ti|tk|tn|to|tr|ts|tt|tum|ug|uk|ur|uz|ve|vi|war|wo|xh|yi|yo|zh-Hans|zh-Hant|zu,False,True,6,eligible_for_content_review,caption_tracks=157; professional_source_signal
Nfox-7dggh4,https://www.youtube.com/watch?v=Nfox-7dggh4,גם לאופנועי אדוונצ'ר כבדים מותר לרחף,ProRiding Israel,he,required_seed,64,public,True,474,True,0,True,,False,True,4,rejected,no_chapters_or_captions_for_content_evidence
QkMjbG_6PzY,https://www.youtube.com/watch?v=QkMjbG_6PzY,מקשקשים בקסדה פרק 3- מדברים על בולמים עם מוש כהן,ADV Moto Life,he,required_seed,3063,public,True,270,True,0,True,,False,False,1,rejected,no_chapters_or_captions_for_content_evidence
lYBhzHlFmNU,https://www.youtube.com/watch?v=lYBhzHlFmNU,הדרכת אדוונצ'ר שלב 2 עם צ'יקו Chicco ADV Team,ADV Moto Life,he,required_seed,972,public,True,506,True,0,True,aa|ab|af|ak|am|ar|as|ay|az|ba|be|bg|bho|bn|bo|br|bs|ca|ceb|co|crs|cs|cy|da|de|dv|dz|ee|el|en|eo|es|et|eu|fa|fi|fil|fj|fo|fr|fy|ga|gaa|gd|gl|gn|gu|gv|ha|haw|hi|hmn|hr|ht|hu|hy|id|ig|is|it|iu|iw|iw-orig|ja|jv|ka|kha|kk|kl|km|kn|ko|kri|ku|ky|la|lb|lg|ln|lo|lt|lua|luo|lv|mfe|mg|mi|mk|ml|mn|mr|ms|mt|my|ne|new|nl|no|nso|ny|oc|om|or|os|pa|pam|pl|ps|pt|pt-PT|qu|rn|ro|ru|rw|sa|sd|sg|si|sk|sl|sm|sn|so|sq|sr|ss|st|su|sv|sw|ta|te|tg|th|ti|tk|tn|to|tr|ts|tt|tum|ug|uk|ur|uz|ve|vi|war|wo|xh|yi|yo|zh-Hans|zh-Hant|zu,False,True,8,eligible_for_content_review,caption_tracks=157; professional_source_signal
mi6-lTRzFkI,https://www.youtube.com/watch?v=mi6-lTRzFkI,דגשים לרכיבת שטח בעליות,Cohen Adventure (‫צביקה כהן השטח‬‎),he,required_seed,216,public,True,252,True,0,True,,False,False,2,rejected,no_chapters_or_captions_for_content_evidence
zmw788huGuk,https://www.youtube.com/watch?v=zmw788huGuk,קורס רכיבת שטח לאופנועים דו-שימושיים גדולים במועדון BMW GS,ProRiding Israel,he,required_seed,92,public,True,787,True,0,True,,False,True,4,rejected,no_chapters_or_captions_for_content_evidence
xl3emOAywZ8,https://www.youtube.com/watch?v=xl3emOAywZ8,טיפ: ביצוע היגוי הפוך באופנוע,ProRiding Israel,he,countersteering,145,public,True,461,True,0,True,,False,True,5,rejected,no_chapters_or_captions_for_content_evidence
NGsEsEp2DsA,https://www.youtube.com/watch?v=NGsEsEp2DsA,טכניקות אינדורו - שיעור מספר 1,sivan leventhal,he,hills,45,public,True,21,True,0,True,aa|ab|af|ak|am|ar|as|ay|az|ba|be|bg|bho|bn|bo|br|bs|ca|ceb|co|crs|cs|cy|da|de|dv|dz|ee|el|en|eo|es|et|eu|fa|fi|fil|fj|fo|fr|fy|ga|gaa|gd|gl|gn|gu|gv|ha|haw|hi|hmn|hr|ht|hu|hy|id|ig|is|it|iu|iw|iw-orig|ja|jv|ka|kha|kk|kl|km|kn|ko|kri|ku|ky|la|lb|lg|ln|lo|lt|lua|luo|lv|mfe|mg|mi|mk|ml|mn|mr|ms|mt|my|ne|new|nl|no|nso|ny|oc|om|or|os|pa|pam|pl|ps|pt|pt-PT|qu|rn|ro|ru|rw|sa|sd|sg|si|sk|sl|sm|sn|so|sq|sr|ss|st|su|sv|sw|ta|te|tg|th|ti|tk|tn|to|tr|ts|tt|tum|ug|uk|ur|uz|ve|vi|war|wo|xh|yi|yo|zh-Hans|zh-Hant|zu,False,False,4,rejected,too_short_for_release_depth
mVhES4mwvZ4,https://www.youtube.com/watch?v=mVhES4mwvZ4,קורס רכיבת אנדורו 'נטו טכניקה',FullgaZ Magazine,he,group_riding,316,public,True,331,True,0,True,,False,True,4,rejected,no_chapters_or_captions_for_content_evidence
HPbNRlbGfr8,https://www.youtube.com/watch?v=HPbNRlbGfr8,איך לשרוד על הכביש עם אופנוע- כביש בינעירוני,Maticycles,he,urban_hazards,235,public,True,0,True,0,True,,False,False,1,rejected,description_missing; no_chapters_or_captions_for_content_evidence
WJi4FiQHIos,https://www.youtube.com/watch?v=WJi4FiQHIos,איך מרימים גלגל עם אופנוע - טוני ווילי,Tony Wheelie,he,lifting,337,public,True,246,True,0,True,,False,False,2,rejected,no_chapters_or_captions_for_content_evidence
AYi-E0rHMFM,https://www.youtube.com/watch?v=AYi-E0rHMFM,מבחן שליטה- רישיון נהיגה לאופנוע איך לבצע נכון - חיים רישיון לאופנוע,חיים רשיון לאופנוע,he,slow_control,130,public,True,61,True,0,True,,False,False,2,rejected,no_chapters_or_captions_for_content_evidence; title_indicates_non_instructional_or_promotional_content
bck9k6sihuc,https://www.youtube.com/watch?v=bck9k6sihuc,מקשקשים בקסדה פרק 1- צביקה כהן השטח,ADV Moto Life,he,sand,2198,public,True,1168,True,0,True,,False,True,4,rejected,no_chapters_or_captions_for_content_evidence
YwgKXex6VeM,https://www.youtube.com/watch?v=YwgKXex6VeM,הדרכת רכיבה מתקדמת בן כהנא,Ben Kahana,he,advanced_training,339,public,True,109,True,0,True,,False,True,4,rejected,no_chapters_or_captions_for_content_evidence
CsCvU1qOAag,https://www.youtube.com/watch?v=CsCvU1qOAag,מדריך טכני: מתיחת שרשת הינע,FullgaZ Magazine,he,maintenance,254,public,True,31,True,0,True,aa|ab|af|ak|am|ar|as|ay|az|ba|be|bg|bho|bn|bo|br|bs|ca|ceb|co|crs|cs|cy|da|de|dv|dz|ee|el|en|eo|es|et|eu|fa|fi|fil|fj|fo|fr|fy|ga|gaa|gd|gl|gn|gu|gv|ha|haw|hi|hmn|hr|ht|hu|hy|id|ig|is|it|iu|iw|iw-orig|ja|jv|ka|kha|kk|kl|km|kn|ko|kri|ku|ky|la|lb|lg|ln|lo|lt|lua|luo|lv|mfe|mg|mi|mk|ml|mn|mr|ms|mt|my|ne|new|nl|no|nso|ny|oc|om|or|os|pa|pam|pl|ps|pt|pt-PT|qu|rn|ro|ru|rw|sa|sd|sg|si|sk|sl|sm|sn|so|sq|sr|ss|st|su|sv|sw|ta|te|tg|th|ti|tk|tn|to|tr|ts|tt|tum|ug|uk|ur|uz|ve|vi|war|wo|xh|yi|yo|zh-Hans|zh-Hant|zu,False,True,7,eligible_for_content_review,caption_tracks=157; professional_source_signal
z6NG6lPDcrU,https://www.youtube.com/watch?v=z6NG6lPDcrU,מעיל רכיבה לאופנוע אדוונצ'ר ב-$69??? נשמע טוב מידי,ADV Moto Life,he,channel_seed,154,public,True,232,True,0,True,,True,False,0,rejected,no_chapters_or_captions_for_content_evidence
v0X0Dr8SJoE,https://www.youtube.com/watch?v=v0X0Dr8SJoE,Motorcycle journey overlanding ISRAEL- מסע חוצה ישראל על אופנוע,Wrong Way Round,en,fatigue,421,public,True,608,True,0,True,en-US|live_chat,False,False,6,rejected,title_indicates_non_instructional_or_promotional_content
saohAxgahSU,https://www.youtube.com/watch?v=saohAxgahSU,הכנה לאדוונצ'ר לילה,Adventure Motorcycles,he,night,2086,public,True,79,True,0,True,,False,False,1,rejected,no_chapters_or_captions_for_content_evidence
tHrR4s7zeYI,https://www.youtube.com/watch?v=tHrR4s7zeYI,אימון דריפטים על טנרה 700 ויציאה לסולו אופרוד! 🏍️💨,Ben S. (bflance),he,gravel,2186,public,True,1956,True,0,True,aa|ab|af|ak|am|ar|as|ay|az|ba|be|bg|bho|bn|bo|br|bs|ca|ceb|co|crs|cs|cy|da|de|dv|dz|ee|el|en|eo|es|et|eu|fa|fi|fil|fj|fo|fr|fy|ga|gaa|gd|gl|gn|gu|gv|ha|haw|hi|hmn|hr|ht|hu|hy|id|ig|is|it|iu|iw|iw-orig|ja|jv|ka|kha|kk|kl|km|kn|ko|kri|ku|ky|la|lb|lg|ln|lo|lt|lua|luo|lv|mfe|mg|mi|mk|ml|mn|mr|ms|mt|my|ne|new|nl|no|nso|ny|oc|om|or|os|pa|pam|pl|ps|pt|pt-PT|qu|rn|ro|ru|rw|sa|sd|sg|si|sk|sl|sm|sn|so|sq|sr|ss|st|su|sv|sw|ta|te|tg|th|ti|tk|tn|to|tr|ts|tt|tum|ug|uk|ur|uz|ve|vi|war|wo|xh|yi|yo|zh-Hans|zh-Hant|zu,False,True,7,eligible_for_content_review,caption_tracks=157; professional_source_signal
FUoXWECH40A,https://www.youtube.com/watch?v=FUoXWECH40A,מעבר מכשולים ברכיבה על אופנוע,Cohen Adventure (‫צביקה כהן השטח‬‎),he,obstacles,110,public,True,117,True,0,True,en|iw,False,False,4,eligible_for_content_review,caption_tracks=2
YH48E19KF8o,https://www.youtube.com/watch?v=YH48E19KF8o,הדרכת רכיבה בדַשְׁדַשׁ,Cohen Adventure (‫צביקה כהן השטח‬‎),he,instructor_seed,168,public,True,182,True,0,True,de|iw,False,False,5,eligible_for_content_review,caption_tracks=2
ysyoSLg8gqE,https://www.youtube.com/watch?v=ysyoSLg8gqE,מדריך טכני: כיוון כידון ומנופים,FullgaZ Magazine,he,ergonomics,139,public,True,54,True,0,True,,False,True,4,rejected,no_chapters_or_captions_for_content_evidence
qp7U29JizO4,https://www.youtube.com/watch?v=qp7U29JizO4,Two dirt bike riders rescued near Morris Creek Summit in Idaho,KTVB,en,recovery,33,public,True,94,True,0,True,aa|ab|af|ak|am|ar|as|ay|az|ba|be|bg|bho|bn|bo|br|bs|ca|ceb|co|crs|cs|cy|da|de|dv|dz|ee|el|en|en-0lKn6xkHDAM|en-orig|eo|es|et|eu|fa|fi|fil|fj|fo|fr|fy|ga|gaa|gd|gl|gn|gu|gv|ha|haw|hi|hmn|hr|ht|hu|hy|id|ig|is|it|iu|iw|ja|jv|ka|kha|kk|kl|km|kn|ko|kri|ku|ky|la|lb|lg|ln|lo|lt|lua|luo|lv|mfe|mg|mi|mk|ml|mn|mr|ms|mt|my|ne|new|nl|no|nso|ny|oc|om|or|os|pa|pam|pl|ps|pt|pt-PT|qu|rn|ro|ru|rw|sa|sd|sg|si|sk|sl|sm|sn|so|sq|sr|ss|st|su|sv|sw|ta|te|tg|th|ti|tk|tn|to|tr|ts|tt|tum|ug|uk|ur|uz|ve|vi|war|wo|xh|yi|yo|zh-Hans|zh-Hant|zu,False,False,4,rejected,too_short_for_release_depth
pNDdOJsAslg,https://www.youtube.com/watch?v=pNDdOJsAslg,How to Ride a Motorcycle in Sand,The Girl On A Bike,en,offroad_position,720,public,True,4543,True,7,True,aa|ab|af|ak|am|ar|as|ay|az|ba|be|bg|bho|bn|bo|br|bs|ca|ceb|co|crs|cs|cy|da|de|dv|dz|ee|el|en|en-orig|eo|es|et|eu|fa|fi|fil|fj|fo|fr|fy|ga|gaa|gd|gl|gn|gu|gv|ha|haw|hi|hmn|hr|ht|hu|hy|id|ig|is|it|iu|iw|ja|jv|ka|kha|kk|kl|km|kn|ko|kri|ku|ky|la|lb|lg|ln|lo|lt|lua|luo|lv|mfe|mg|mi|mk|ml|mn|mr|ms|mt|my|ne|new|nl|no|nso|ny|oc|om|or|os|pa|pam|pl|ps|pt|pt-PT|qu|rn|ro|ru|rw|sa|sd|sg|si|sk|sl|sm|sn|so|sq|sr|ss|st|su|sv|sw|ta|te|tg|th|ti|tk|tn|to|tr|ts|tt|tum|ug|uk|ur|uz|ve|vi|war|wo|xh|yi|yo|zh-Hans|zh-Hant|zu,True,True,8,eligible_for_content_review,youtube_chapters=7; caption_tracks=157; professional_source_signal; marketing_signal_present
vJRBas985qo,https://www.youtube.com/watch?v=vJRBas985qo,The Motorcycle U-Turn Mistake That's Holding You Back,The Motorcycle Brain,en,u_turn,500,public,True,1583,True,0,True,aa|ab|af|ak|am|ar|as|ay|az|ba|be|bg|bho|bn|bo|br|bs|ca|ceb|co|crs|cs|cy|da|de|dv|dz|ee|el|en|en-orig|eo|es|et|eu|fa|fi|fil|fj|fo|fr|fy|ga|gaa|gd|gl|gn|gu|gv|ha|haw|hi|hmn|hr|ht|hu|hy|id|ig|is|it|iu|iw|ja|jv|ka|kha|kk|kl|km|kn|ko|kri|ku|ky|la|lb|lg|ln|lo|lt|lua|luo|lv|mfe|mg|mi|mk|ml|mn|mr|ms|mt|my|ne|new|nl|no|nso|ny|oc|om|or|os|pa|pam|pl|ps|pt|pt-PT|qu|rn|ro|ru|rw|sa|sd|sg|si|sk|sl|sm|sn|so|sq|sr|ss|st|su|sv|sw|ta|te|tg|th|ti|tk|tn|to|tr|ts|tt|tum|ug|uk|ur|uz|ve|vi|war|wo|xh|yi|yo|zh-Hans|zh-Hant|zu,False,False,6,eligible_for_content_review,caption_tracks=157
tWxi0uyLAQY,https://www.youtube.com/watch?v=tWxi0uyLAQY,תיקון פנצ'ר בפנימית אופנוע,Victor BaranovskY,,puncture,,,False,0,False,0,False,,False,False,0,rejected,source_not_active_public; source_unavailable; duration_missing; description_missing; no_chapters_or_captions_for_content_evidence
miTgURL20e8,https://www.youtube.com/watch?v=miTgURL20e8,יורדים את מעלה זרון על אדוונצ'ר - טיול שקיעה זריחה שנגמר בגרירה,Wild Adventures - Itay Dor,he,suspension,1523,public,True,797,True,11,True,aa|ab|af|ak|am|ar|as|ay|az|ba|be|bg|bho|bn|bo|br|bs|ca|ceb|co|crs|cs|cy|da|de|dv|dz|ee|el|en|eo|es|et|eu|fa|fi|fil|fj|fo|fr|fy|ga|gaa|gd|gl|gn|gu|gv|ha|haw|hi|hmn|hr|ht|hu|hy|id|ig|is|it|iu|iw|iw-orig|ja|jv|ka|kha|kk|kl|km|kn|ko|kri|ku|ky|la|lb|lg|ln|lo|lt|lua|luo|lv|mfe|mg|mi|mk|ml|mn|mr|ms|mt|my|ne|new|nl|no|nso|ny|oc|om|or|os|pa|pam|pl|ps|pt|pt-PT|qu|rn|ro|ru|rw|sa|sd|sg|si|sk|sl|sm|sn|so|sq|sr|ss|st|su|sv|sw|ta|te|tg|th|ti|tk|tn|to|tr|ts|tt|tum|ug|uk|ur|uz|ve|vi|war|wo|xh|yi|yo|zh-Hans|zh-Hant|zu,False,False,8,rejected,title_indicates_non_instructional_or_promotional_content
bhFCMdttgGA,https://www.youtube.com/watch?v=bhFCMdttgGA,"מושחתי אמצ""ש מכים שוב, הרבה בוץ וקצת טכניקה בנגב הצפוני",asaf ktm,he,mud,245,public,True,36,True,0,True,,False,False,2,rejected,no_chapters_or_captions_for_content_evidence
wzotIjnTUPI,https://www.youtube.com/watch?v=wzotIjnTUPI,טיפ/טריק חשוב שיכול להציל אתכם בזמן התקנת צמיג!,gsfrel,he,tires,277,public,True,485,True,0,True,,False,False,3,rejected,no_chapters_or_captions_for_content_evidence
0yCM4q7JPOU,https://www.youtube.com/watch?v=0yCM4q7JPOU,לוקחים אחריות - עוברים לרכיבה מודעת,הרשות הלאומית לבטיחות בדרכים,he,safety_body,54,public,True,348,True,0,True,,False,True,3,rejected,too_short_for_release_depth; no_chapters_or_captions_for_content_evidence
EPkNtdXkWpY,https://www.youtube.com/watch?v=EPkNtdXkWpY,מיגון וציוד רכיבה על אופנוע,SobeR RideR,he,protective_gear,591,public,True,1128,True,7,True,,False,False,5,eligible_for_content_review,youtube_chapters=7
Mn3QbQAL8_Y,https://www.youtube.com/watch?v=Mn3QbQAL8_Y,איך לבדוק אופנוע לפני קניה,SobeR RideR,he,pre_ride,1759,public,True,1378,True,6,True,aa|ab|af|ak|am|ar|as|ay|az|ba|be|bg|bho|bn|bo|br|bs|ca|ceb|co|crs|cs|cy|da|de|dv|dz|ee|el|en|eo|es|et|eu|fa|fi|fil|fj|fo|fr|fy|ga|gaa|gd|gl|gn|gu|gv|ha|haw|hi|hmn|hr|ht|hu|hy|id|ig|is|it|iu|iw|iw-orig|ja|jv|ka|kha|kk|kl|km|kn|ko|kri|ku|ky|la|lb|lg|ln|lo|lt|lua|luo|lv|mfe|mg|mi|mk|ml|mn|mr|ms|mt|my|ne|new|nl|no|nso|ny|oc|om|or|os|pa|pam|pl|ps|pt|pt-PT|qu|rn|ro|ru|rw|sa|sd|sg|si|sk|sl|sm|sn|so|sq|sr|ss|st|su|sv|sw|ta|te|tg|th|ti|tk|tn|to|tr|ts|tt|tum|ug|uk|ur|uz|ve|vi|war|wo|xh|yi|yo|zh-Hans|zh-Hant|zu,False,False,8,eligible_for_content_review,youtube_chapters=6; caption_tracks=157
GMEV_jVBlYY,https://www.youtube.com/watch?v=GMEV_jVBlYY,6.3.2021 עם אדוונצ'רים במדבר יהודה,משה טיולי שטח Moto Tours,he,navigation,190,public,True,74,True,0,True,,False,False,2,rejected,no_chapters_or_captions_for_content_evidence
wOL9k9mElog,https://www.youtube.com/watch?v=wOL9k9mElog,בלימת חירום באופנוע עם abs,משה פרחי - רכיבה מתקדמת,he,emergency_braking,14,public,True,110,True,0,True,,False,True,3,rejected,too_short_for_release_depth; no_chapters_or_captions_for_content_evidence
vHoAoVHkS64,https://www.youtube.com/watch?v=vHoAoVHkS64,איך להעביר הילוכים באופנוע (באופן חלק),SobeR RideR,he,group_riding,320,public,True,1324,True,4,True,,False,False,5,eligible_for_content_review,youtube_chapters=4
h5YrGuIGgVI,https://www.youtube.com/watch?v=h5YrGuIGgVI,7 Surprising Lessons from Advanced ADV Training with Chris Birch,Big Rock Moto,en,offroad_position,1285,public,True,2093,True,9,True,aa|ab|af|ak|am|ar|as|ay|az|ba|be|bg|bho|bn|bo|br|bs|ca|ceb|co|crs|cs|cy|da|de|dv|dz|ee|el|en|en-orig|eo|es|et|eu|fa|fi|fil|fj|fo|fr|fy|ga|gaa|gd|gl|gn|gu|gv|ha|haw|hi|hmn|hr|ht|hu|hy|id|ig|is|it|iu|iw|ja|jv|ka|kha|kk|kl|km|kn|ko|kri|ku|ky|la|lb|lg|ln|lo|lt|lua|luo|lv|mfe|mg|mi|mk|ml|mn|mr|ms|mt|my|ne|new|nl|no|nso|ny|oc|om|or|os|pa|pam|pl|ps|pt|pt-PT|qu|rn|ro|ru|rw|sa|sd|sg|si|sk|sl|sm|sn|so|sq|sr|ss|st|su|sv|sw|ta|te|tg|th|ti|tk|tn|to|tr|ts|tt|tum|ug|uk|ur|uz|ve|vi|war|wo|xh|yi|yo|zh-Hans|zh-Hant|zu,True,True,8,eligible_for_content_review,youtube_chapters=9; caption_tracks=157; professional_source_signal; marketing_signal_present
2z0zAvWuXvA,https://www.youtube.com/watch?v=2z0zAvWuXvA,סוף סלע 47 מסביר ומדגים איך להרים גלגל (ווילי) עם אופנוע שטח KTM,"Doron Aviad: Enduro, MMA, Ski",he,lifting,234,public,True,482,True,0,True,en|iw,False,False,6,eligible_for_content_review,caption_tracks=2
n8T8nWXt_Nw,https://www.youtube.com/watch?v=n8T8nWXt_Nw,7 Secrets For Riding Your Motorcycle At Night,Joe Goe Motorcycle Adventures,en,night,326,public,True,2490,True,0,True,aa|ab|af|ak|am|ar|as|ay|az|ba|be|bg|bho|bn|bo|br|bs|ca|ceb|co|crs|cs|cy|da|de|dv|dz|ee|el|en|en-orig|eo|es|et|eu|fa|fi|fil|fj|fo|fr|fy|ga|gaa|gd|gl|gn|gu|gv|ha|haw|hi|hmn|hr|ht|hu|hy|id|ig|is|it|iu|iw|ja|jv|ka|kha|kk|kl|km|kn|ko|kri|ku|ky|la|lb|lg|ln|lo|lt|lua|luo|lv|mfe|mg|mi|mk|ml|mn|mr|ms|mt|my|ne|new|nl|no|nso|ny|oc|om|or|os|pa|pam|pl|ps|pt|pt-PT|qu|rn|ro|ru|rw|sa|sd|sg|si|sk|sl|sm|sn|so|sq|sr|ss|st|su|sv|sw|ta|te|tg|th|ti|tk|tn|to|tr|ts|tt|tum|ug|uk|ur|uz|ve|vi|war|wo|xh|yi|yo|zh-Hans|zh-Hant|zu,True,True,6,eligible_for_content_review,caption_tracks=157; professional_source_signal; marketing_signal_present
cSchxYarffc,https://www.youtube.com/watch?v=cSchxYarffc,טיפול שרשרת לאופנוע - מדריך מושלם @MoTorshop-  שימון שרשרת וניקוי שרשרת, Motor shop,he,maintenance,310,public,True,356,True,0,True,aa|ab|af|ak|am|ar|as|ay|az|ba|be|bg|bho|bn|bo|br|bs|ca|ceb|co|crs|cs|cy|da|de|dv|dz|ee|el|en|eo|es|et|eu|fa|fi|fil|fj|fo|fr|fy|ga|gaa|gd|gl|gn|gu|gv|ha|haw|hi|hmn|hr|ht|hu|hy|id|ig|is|it|iu|iw|iw-orig|ja|jv|ka|kha|kk|kl|km|kn|ko|kri|ku|ky|la|lb|lg|ln|lo|lt|lua|luo|lv|mfe|mg|mi|mk|ml|mn|mr|ms|mt|my|ne|new|nl|no|nso|ny|oc|om|or|os|pa|pam|pl|ps|pt|pt-PT|qu|rn|ro|ru|rw|sa|sd|sg|si|sk|sl|sm|sn|so|sq|sr|ss|st|su|sv|sw|ta|te|tg|th|ti|tk|tn|to|tr|ts|tt|tum|ug|uk|ur|uz|ve|vi|war|wo|xh|yi|yo|zh-Hans|zh-Hant|zu,True,True,5,eligible_for_content_review,caption_tracks=157; professional_source_signal; marketing_signal_present
CaMfDrjMFi4,https://www.youtube.com/watch?v=CaMfDrjMFi4,קצרים על בטיחות | איך רוכבים בגשם ועל כביש רטוב?,Ask Ralbad,he,rain,121,public,True,78,True,0,True,,False,True,4,rejected,no_chapters_or_captions_for_content_evidence
kTYQIODB1pA,https://www.youtube.com/watch?v=kTYQIODB1pA,"קוב 800X Rally ב-13,000 ש""ח פחות! בה.מ. מוטורס מעדכנים מחירים",AviADV,he,suspension,48,public,True,2738,True,0,True,,False,False,2,rejected,too_short_for_release_depth; no_chapters_or_captions_for_content_evidence
M9bBUVyagRY,https://www.youtube.com/watch?v=M9bBUVyagRY,ציוד רכיבה,Cohen Adventure (‫צביקה כהן השטח‬‎),he,instructor_seed,574,public,True,152,True,0,True,,False,False,2,rejected,no_chapters_or_captions_for_content_evidence
28cYA5bwldQ,https://www.youtube.com/watch?v=28cYA5bwldQ,החלפת פנימית 1,David Beloosesky,,puncture,186,public,True,0,True,0,True,,False,False,1,rejected,language_not_verifiable_as_he_or_en; description_missing; no_chapters_or_captions_for_content_evidence
2mbGEorWqZk,https://www.youtube.com/watch?v=2mbGEorWqZk,Motorcycle Training | אימון אופנועים,Drone Hero,he,u_turn,92,public,True,131,True,0,True,,False,True,3,rejected,no_chapters_or_captions_for_content_evidence
3R5kPOa3TDI,https://www.youtube.com/watch?v=3R5kPOa3TDI,חילוץ חבר תקוע בשטח,Electric Power,he,recovery,761,public,True,111,True,0,True,,False,False,2,rejected,no_chapters_or_captions_for_content_evidence
xFXDYnozwbY,https://www.youtube.com/watch?v=xFXDYnozwbY,KTM 390 Adventure - Walk Around and Ride,FullgaZ Magazine,he,gravel,759,public,True,212,True,0,True,,False,False,2,rejected,no_chapters_or_captions_for_content_evidence; title_indicates_non_instructional_or_promotional_content
_AX2ctfRh9M,https://www.youtube.com/watch?v=_AX2ctfRh9M,בדיקה אופנוע לפני רכישה,Green Monkey,he,pre_ride,147,public,True,0,True,0,True,aa|ab|af|ak|am|ar|as|ay|az|ba|be|bg|bho|bn|bo|br|bs|ca|ceb|co|crs|cs|cy|da|de|dv|dz|ee|el|en|eo|es|et|eu|fa|fi|fil|fj|fo|fr|fy|ga|gaa|gd|gl|gn|gu|gv|ha|haw|hi|hmn|hr|ht|hu|hy|id|ig|is|it|iu|iw|iw-orig|ja|jv|ka|kha|kk|kl|km|kn|ko|kri|ku|ky|la|lb|lg|ln|lo|lt|lua|luo|lv|mfe|mg|mi|mk|ml|mn|mr|ms|mt|my|ne|new|nl|no|nso|ny|oc|om|or|os|pa|pam|pl|ps|pt|pt-PT|qu|rn|ro|ru|rw|sa|sd|sg|si|sk|sl|sm|sn|so|sq|sr|ss|st|su|sv|sw|ta|te|tg|th|ti|tk|tn|to|tr|ts|tt|tum|ug|uk|ur|uz|ve|vi|war|wo|xh|yi|yo|zh-Hans|zh-Hant|zu,False,False,4,rejected,description_missing
yCJSSrJswjs,https://www.youtube.com/watch?v=yCJSSrJswjs,This Is Why YOU Need To Take An Advanced Motorcycle Class!,Joe Goe Motorcycle Adventures,en,advanced_training,273,public,True,3045,True,0,True,aa|ab|af|ak|am|ar|as|ay|az|ba|be|bg|bho|bn|bo|br|bs|ca|ceb|co|crs|cs|cy|da|de|dv|dz|ee|el|en|en-orig|eo|es|et|eu|fa|fi|fil|fj|fo|fr|fy|ga|gaa|gd|gl|gn|gu|gv|ha|haw|hi|hmn|hr|ht|hu|hy|id|ig|is|it|iu|iw|ja|jv|ka|kha|kk|kl|km|kn|ko|kri|ku|ky|la|lb|lg|ln|lo|lt|lua|luo|lv|mfe|mg|mi|mk|ml|mn|mr|ms|mt|my|ne|new|nl|no|nso|ny|oc|om|or|os|pa|pam|pl|ps|pt|pt-PT|qu|rn|ro|ru|rw|sa|sd|sg|si|sk|sl|sm|sn|so|sq|sr|ss|st|su|sv|sw|ta|te|tg|th|ti|tk|tn|to|tr|ts|tt|tum|ug|uk|ur|uz|ve|vi|war|wo|xh|yi|yo|zh-Hans|zh-Hant|zu,True,True,6,eligible_for_content_review,caption_tracks=157; professional_source_signal; marketing_signal_present
9vcmIOmnkQE,https://www.youtube.com/watch?v=9vcmIOmnkQE,היגוי הפוך - קצר וברור.,Moto Lamed,he,countersteering,384,public,True,368,True,0,True,,False,False,2,rejected,no_chapters_or_captions_for_content_evidence
FK5jeGkT4pY,https://www.youtube.com/watch?v=FK5jeGkT4pY,מיגון נכון לאופנוע שלך - טיונינג 🏍️👍☝️,Moto Lamed,he,protective_gear,317,public,True,87,True,0,True,,False,False,2,rejected,no_chapters_or_captions_for_content_evidence
qTAqeGOSDls,https://www.youtube.com/watch?v=qTAqeGOSDls,מדריך הוידאו לרוכב המתחיל - 45 שניות על זיהוי סכנות בכביש #1,Pkd Aerui,he,urban_hazards,56,public,True,263,True,0,True,,False,False,1,rejected,too_short_for_release_depth; no_chapters_or_captions_for_content_evidence
z_haIJ8OsxY,https://www.youtube.com/watch?v=z_haIJ8OsxY,יום הדרכת רכיבה ליחידת אבטחה רכובה על אופנועים,ProRiding Israel,he,school_seed,101,public,True,861,True,0,True,,False,True,4,rejected,no_chapters_or_captions_for_content_evidence
qzhI9loXI5M,https://www.youtube.com/watch?v=qzhI9loXI5M,רכיבת אופנועי שטח אנדורו - בן שמן,RY30,he,offroad_basics,620,public,True,0,True,0,True,,False,False,1,rejected,description_missing; no_chapters_or_captions_for_content_evidence
leKONloNRHo,https://www.youtube.com/watch?v=leKONloNRHo,רכיבת אופנועי שטח - רק 2 פעימות - בבוץ אחרי הגשם בבן שמן 21.1.12,kRuvi,he,mud,268,public,True,18,True,0,True,,False,False,2,rejected,no_chapters_or_captions_for_content_evidence
yUPBLQYcR-E,https://www.youtube.com/watch?v=yUPBLQYcR-E,הנמכה לאופנוע שטח האם כדאי? מה הדרך הנכונה לעשות? הנמכת מושב כן לא ואיך ? Lowering your dirt bike,moshe cohen,he,water_crossing,1117,public,True,74,True,0,True,,False,False,2,rejected,no_chapters_or_captions_for_content_evidence
o67DspnS35I,https://www.youtube.com/watch?v=o67DspnS35I,"הקפה של עייפות במסלול של ג'וליס, עם נפילה לקינוח",oR1515,he,fatigue,158,public,True,0,True,0,True,,False,False,1,rejected,description_missing; no_chapters_or_captions_for_content_evidence
xeYcQRQiflo,https://www.youtube.com/watch?v=xeYcQRQiflo,איך עוברים טסט לאופנוע - טל המרכז ללימודי נהיגה פתח תקווה,בית ספר טל המרכז ללימודי נהיגה,he,slow_control,165,public,True,452,True,0,True,,False,True,5,rejected,no_chapters_or_captions_for_content_evidence
QE_LzEpXQQs,https://www.youtube.com/watch?v=QE_LzEpXQQs,"חוגגים עשור לחשבון היוטיוב של הרלב""ד",הרשות הלאומית לבטיחות בדרכים,he,safety_body,58,public,True,233,True,0,True,,False,True,3,rejected,too_short_for_release_depth; no_chapters_or_captions_for_content_evidence
l_vLv-Fds5g,https://www.youtube.com/watch?v=l_vLv-Fds5g,רכיבה מודעת 🏍 | פרק 1 - אל תפתיע!,הרשות הלאומית לבטיחות בדרכים,he,night,154,public,True,220,True,0,True,aa|ab|af|ak|am|ar|as|ay|az|ba|be|bg|bho|bn|bo|br|bs|ca|ceb|co|crs|cs|cy|da|de|dv|dz|ee|el|en|eo|es|et|eu|fa|fi|fil|fj|fo|fr|fy|ga|gaa|gd|gl|gn|gu|gv|ha|haw|hi|hmn|hr|ht|hu|hy|id|ig|is|it|iu|iw|iw-orig|ja|jv|ka|kha|kk|kl|km|kn|ko|kri|ku|ky|la|lb|lg|ln|lo|lt|lua|luo|lv|mfe|mg|mi|mk|ml|mn|mr|ms|mt|my|ne|new|nl|no|nso|ny|oc|om|or|os|pa|pam|pl|ps|pt|pt-PT|qu|rn|ro|ru|rw|sa|sd|sg|si|sk|sl|sm|sn|so|sq|sr|ss|st|su|sv|sw|ta|te|tg|th|ti|tk|tn|to|tr|ts|tt|tum|ug|uk|ur|uz|ve|vi|war|wo|xh|yi|yo|zh-Hans|zh-Hant|zu,False,True,7,eligible_for_content_review,caption_tracks=157; professional_source_signal
monnV2GG-yQ,https://www.youtube.com/watch?v=monnV2GG-yQ,מתחילים במדבר #2 - רוכבי שטח מתחילים בטיול במדבר יהודה,משה טיולי שטח Moto Tours,he,navigation,250,public,True,178,True,0,True,aa|ab|af|ak|am|ar|as|ay|az|ba|be|bg|bho|bn|bo|br|bs|ca|ceb|co|crs|cs|cy|da|de|dv|dz|ee|el|en|eo|es|et|eu|fa|fi|fil|fj|fo|fr|fy|ga|gaa|gd|gl|gn|gu|gv|ha|haw|hi|hmn|hr|ht|hu|hy|id|id-orig|ig|is|it|iu|iw|ja|jv|ka|kha|kk|kl|km|kn|ko|kri|ku|ky|la|lb|lg|ln|lo|lt|lua|luo|lv|mfe|mg|mi|mk|ml|mn|mr|ms|mt|my|ne|new|nl|no|nso|ny|oc|om|or|os|pa|pam|pl|ps|pt|pt-PT|qu|rn|ro|ru|rw|sa|sd|sg|si|sk|sl|sm|sn|so|sq|sr|ss|st|su|sv|sw|ta|te|tg|th|ti|tk|tn|to|tr|ts|tt|tum|ug|uk|ur|uz|ve|vi|war|wo|xh|yi|yo|zh-Hans|zh-Hant|zu,False,False,5,rejected,title_indicates_non_instructional_or_promotional_content
BvelupbfwhM,https://www.youtube.com/watch?v=BvelupbfwhM,בלימת חירום בכביש רטוב באופנוע שמצויד במערכת abs,משה פרחי - רכיבה מתקדמת,he,emergency_braking,6,public,True,30,True,0,True,,False,True,3,rejected,too_short_for_release_depth; no_chapters_or_captions_for_content_evidence
1LVSrs4HucI,https://www.youtube.com/watch?v=1LVSrs4HucI,"How to make Amazing U-Turns, like Japanese Police",Moto Control,en,countersteering,392,public,True,646,True,8,True,aa|ab|af|ak|am|ar|as|ay|az|ba|be|bg|bho|bn|bo|br|bs|ca|ceb|co|crs|cs|cy|da|de|dv|dz|ee|el|en|en-orig|eo|es|et|eu|fa|fi|fil|fj|fo|fr|fy|ga|gaa|gd|gl|gn|gu|gv|ha|haw|hi|hmn|hr|ht|hu|hy|id|ig|is|it|iu|iw|ja|jv|ka|kha|kk|kl|km|kn|ko|kri|ku|ky|la|lb|lg|ln|lo|lt|lua|luo|lv|mfe|mg|mi|mk|ml|mn|mr|ms|mt|my|ne|new|nl|no|nso|ny|oc|om|or|os|pa|pam|pl|ps|pt|pt-PT|qu|rn|ro|ru|rw|sa|sd|sg|si|sk|sl|sm|sn|so|sq|sr|ss|st|su|sv|sw|ta|te|tg|th|ti|tk|tn|to|tr|ts|tt|tum|ug|uk|ur|uz|ve|vi|war|wo|xh|yi|yo|zh-Hans|zh-Hant|zu,True,True,8,eligible_for_content_review,youtube_chapters=8; caption_tracks=157; professional_source_signal; marketing_signal_present
_37R9gTBQzg,https://www.youtube.com/watch?v=_37R9gTBQzg,איך לסובב אופנוע על המקום,Cohen Adventure (‫צביקה כהן השטח‬‎),he,lifting,276,public,True,336,True,0,True,,False,False,2,rejected,no_chapters_or_captions_for_content_evidence
up-0FSj9Mcs,https://www.youtube.com/watch?v=up-0FSj9Mcs,איך לתקן פנצ'ר בגלגל עם פנימית באופנוע,Cohen Adventure (‫צביקה כהן השטח‬‎),he,puncture,620,public,True,228,True,0,True,,False,False,2,rejected,no_chapters_or_captions_for_content_evidence
_kUzaGCzuvQ,https://www.youtube.com/watch?v=_kUzaGCzuvQ,טיפ: איך לכוון נכון את מראות האופנוע?,ProRiding Israel,he,school_seed,142,public,True,361,True,0,True,,False,True,4,rejected,no_chapters_or_captions_for_content_evidence
nMiHEDMqG00,https://www.youtube.com/watch?v=nMiHEDMqG00,אדוונצ'רים מצייצים - טיול פתיחת העונה בהרי ירושלים,ADV Moto Life,he,gravel,190,public,True,378,True,0,True,,False,False,2,rejected,no_chapters_or_captions_for_content_evidence; title_indicates_non_instructional_or_promotional_content
j7fQbv2UZBc,https://www.youtube.com/watch?v=j7fQbv2UZBc,2026 Yamaha DT350R OFFICIAL LAUNCH ?😯 | Mid-Size Dual-Sport Designed for Adventure (Concept),Acer Rider,en,suspension,546,public,True,3192,True,0,True,aa|ab|af|ak|am|ar|as|ay|az|ba|be|bg|bho|bn|bo|br|bs|ca|ceb|co|crs|cs|cy|da|de|dv|dz|ee|el|en|en-orig|eo|es|et|eu|fa|fi|fil|fj|fo|fr|fy|ga|gaa|gd|gl|gn|gu|gv|ha|haw|hi|hmn|hr|ht|hu|hy|id|ig|is|it|iu|iw|ja|jv|ka|kha|kk|kl|km|kn|ko|kri|ku|ky|la|lb|lg|ln|lo|lt|lua|luo|lv|mfe|mg|mi|mk|ml|mn|mr|ms|mt|my|ne|new|nl|no|nso|ny|oc|om|or|os|pa|pam|pl|ps|pt|pt-PT|qu|rn|ro|ru|rw|sa|sd|sg|si|sk|sl|sm|sn|so|sq|sr|ss|st|su|sv|sw|ta|te|tg|th|ti|tk|tn|to|tr|ts|tt|tum|ug|uk|ur|uz|ve|vi|war|wo|xh|yi|yo|zh-Hans|zh-Hant|zu,False,False,6,eligible_for_content_review,caption_tracks=157
sMPOw3ch5Vo,https://www.youtube.com/watch?v=sMPOw3ch5Vo,How to Adjust the Factory Suspension on a 2023 Kawasaki KLR 650,Adventure Bikes Australia,en,tires,342,public,True,2041,True,0,True,aa|ab|af|ak|am|ar|as|ay|az|ba|be|bg|bho|bn|bo|br|bs|ca|ceb|co|crs|cs|cy|da|de|dv|dz|ee|el|en|en-orig|eo|es|et|eu|fa|fi|fil|fj|fo|fr|fy|ga|gaa|gd|gl|gn|gu|gv|ha|haw|hi|hmn|hr|ht|hu|hy|id|ig|is|it|iu|iw|ja|jv|ka|kha|kk|kl|km|kn|ko|kri|ku|ky|la|lb|lg|live_chat|ln|lo|lt|lua|luo|lv|mfe|mg|mi|mk|ml|mn|mr|ms|mt|my|ne|new|nl|no|nso|ny|oc|om|or|os|pa|pam|pl|ps|pt|pt-PT|qu|rn|ro|ru|rw|sa|sd|sg|si|sk|sl|sm|sn|so|sq|sr|ss|st|su|sv|sw|ta|te|tg|th|ti|tk|tn|to|tr|ts|tt|tum|ug|uk|ur|uz|ve|vi|war|wo|xh|yi|yo|zh-Hans|zh-Hant|zu,True,False,4,eligible_for_content_review,caption_tracks=158; marketing_signal_present
H42JxZ59cPQ,https://www.youtube.com/watch?v=H42JxZ59cPQ,NEW 2027 BMW F450 GS REVIEW – The Baby GS That Could Shake Up the Entire Adventure Class‼️🔥,Automaz,en,offroad_position,307,public,True,4463,True,0,True,aa|ab|af|ak|am|ar|as|ay|az|ba|be|bg|bho|bn|bo|br|bs|ca|ceb|co|crs|cs|cy|da|de|dv|dz|ee|el|en|en-orig|eo|es|et|eu|fa|fi|fil|fj|fo|fr|fy|ga|gaa|gd|gl|gn|gu|gv|ha|haw|hi|hmn|hr|ht|hu|hy|id|ig|is|it|iu|iw|ja|jv|ka|kha|kk|kl|km|kn|ko|kri|ku|ky|la|lb|lg|ln|lo|lt|lua|luo|lv|mfe|mg|mi|mk|ml|mn|mr|ms|mt|my|ne|new|nl|no|nso|ny|oc|om|or|os|pa|pam|pl|ps|pt|pt-PT|qu|rn|ro|ru|rw|sa|sd|sg|si|sk|sl|sm|sn|so|sq|sr|ss|st|su|sv|sw|ta|te|tg|th|ti|tk|tn|to|tr|ts|tt|tum|ug|uk|ur|uz|ve|vi|war|wo|xh|yi|yo|zh-Hans|zh-Hant|zu,False,False,6,rejected,title_indicates_non_instructional_or_promotional_content
6tlSdNGLPkY,https://www.youtube.com/watch?v=6tlSdNGLPkY,"The Always, Onlys and Nevers of Motorcycle Riding",CanyonChasers,en,advanced_training,509,public,True,3600,True,5,True,aa|ab|af|ak|am|ar|as|ay|az|ba|be|bg|bho|bn|bo|br|bs|ca|ceb|co|crs|cs|cy|da|de|dv|dz|ee|el|en|en-US|en-orig|eo|es|et|eu|fa|fi|fil|fj|fo|fr|fy|ga|gaa|gd|gl|gn|gu|gv|ha|haw|hi|hmn|hr|ht|hu|hy|id|ig|is|it|iu|iw|ja|jv|ka|kha|kk|kl|km|kn|ko|kri|ku|ky|la|lb|lg|ln|lo|lt|lua|luo|lv|mfe|mg|mi|mk|ml|mn|mr|ms|mt|my|ne|new|nl|no|nso|ny|oc|om|or|os|pa|pam|pl|ps|pt|pt-PT|qu|rn|ro|ru|rw|sa|sd|sg|si|sk|sl|sm|sn|so|sq|sr|ss|st|su|sv|sw|ta|te|tg|th|ti|tk|tn|to|tr|ts|tt|tum|ug|uk|ur|uz|ve|vi|war|wo|xh|yi|yo|zh-Hans|zh-Hant|zu,True,True,8,eligible_for_content_review,youtube_chapters=5; caption_tracks=158; professional_source_signal; marketing_signal_present
C_GCVThzYaM,https://www.youtube.com/watch?v=C_GCVThzYaM,הדרכת רכיבה ביוון,Cohen Adventure (‫צביקה כהן השטח‬‎),he,instructor_seed,72,public,True,153,True,0,True,aa|ab|af|ak|am|ar|as|ay|az|ba|be|bg|bho|bn|bo|br|bs|ca|ceb|co|crs|cs|cy|da|de|dv|dz|ee|el|en|eo|es|et|eu|fa|fi|fil|fj|fo|fr|fy|ga|gaa|gd|gl|gn|gu|gv|ha|haw|hi|hmn|hr|ht|hu|hy|id|ig|is|it|iu|iw|ja|jv|ka|kha|kk|kl|km|kn|ko|kri|ku|ky|la|lb|lg|ln|lo|lt|lua|luo|lv|mfe|mg|mi|mk|ml|mn|mr|ms|mt|my|ne|new|nl|no|nso|ny|oc|om|or|os|pa|pam|pl|pl-orig|ps|pt|pt-PT|qu|rn|ro|ru|rw|sa|sd|sg|si|sk|sl|sm|sn|so|sq|sr|ss|st|su|sv|sw|ta|te|tg|th|ti|tk|tn|to|tr|ts|tt|tum|ug|uk|ur|uz|ve|vi|war|wo|xh|yi|yo|zh-Hans|zh-Hant|zu,False,True,6,eligible_for_content_review,caption_tracks=157; professional_source_signal
dF9KY2w7dmY,https://www.youtube.com/watch?v=dF9KY2w7dmY,מדריך טכני: ניקוי ושימון שרשרת הינע,FullgaZ Magazine,he,maintenance,214,public,True,38,True,0,True,aa|ab|af|ak|am|ar|as|ay|az|ba|be|bg|bho|bn|bo|br|bs|ca|ceb|co|crs|cs|cy|da|de|dv|dz|ee|el|en|eo|es|et|eu|fa|fi|fil|fj|fo|fr|fy|ga|gaa|gd|gl|gn|gu|gv|ha|haw|hi|hmn|hr|ht|hu|hy|id|ig|is|it|iu|iw|iw-orig|ja|jv|ka|kha|kk|kl|km|kn|ko|kri|ku|ky|la|lb|lg|ln|lo|lt|lua|luo|lv|mfe|mg|mi|mk|ml|mn|mr|ms|mt|my|ne|new|nl|no|nso|ny|oc|om|or|os|pa|pam|pl|ps|pt|pt-PT|qu|rn|ro|ru|rw|sa|sd|sg|si|sk|sl|sm|sn|so|sq|sr|ss|st|su|sv|sw|ta|te|tg|th|ti|tk|tn|to|tr|ts|tt|tum|ug|uk|ur|uz|ve|vi|war|wo|xh|yi|yo|zh-Hans|zh-Hant|zu,False,True,7,eligible_for_content_review,caption_tracks=157; professional_source_signal
a789n6jIfOg,https://www.youtube.com/watch?v=a789n6jIfOg,CRITICAL Tips For Making U-turns On Gravel!,Joe Goe Motorcycle Adventures,en,u_turn,188,public,True,2464,True,0,True,aa|ab|af|ak|am|ar|as|ay|az|ba|be|bg|bho|bn|bo|br|bs|ca|ceb|co|crs|cs|cy|da|de|dv|dz|ee|el|en|en-orig|eo|es|et|eu|fa|fi|fil|fj|fo|fr|fy|ga|gaa|gd|gl|gn|gu|gv|ha|haw|hi|hmn|hr|ht|hu|hy|id|ig|is|it|iu|iw|ja|jv|ka|kha|kk|kl|km|kn|ko|kri|ku|ky|la|lb|lg|ln|lo|lt|lua|luo|lv|mfe|mg|mi|mk|ml|mn|mr|ms|mt|my|ne|new|nl|no|nso|ny|oc|om|or|os|pa|pam|pl|ps|pt|pt-PT|qu|rn|ro|ru|rw|sa|sd|sg|si|sk|sl|sm|sn|so|sq|sr|ss|st|su|sv|sw|ta|te|tg|th|ti|tk|tn|to|tr|ts|tt|tum|ug|uk|ur|uz|ve|vi|war|wo|xh|yi|yo|zh-Hans|zh-Hant|zu,True,False,4,eligible_for_content_review,caption_tracks=157; marketing_signal_present
Q_okv36Amvg,https://www.youtube.com/watch?v=Q_okv36Amvg,BEGINNERS Guide to the BASICS of Adventure Motorcycle Control,MOTOTREK,en,sand,615,public,True,823,True,0,True,aa|ab|af|ak|am|ar|as|ay|az|ba|be|bg|bho|bn|bo|br|bs|ca|ceb|co|crs|cs|cy|da|de|dv|dz|ee|el|en|en-orig|eo|es|et|eu|fa|fi|fil|fj|fo|fr|fy|ga|gaa|gd|gl|gn|gu|gv|ha|haw|hi|hmn|hr|ht|hu|hy|id|ig|is|it|iu|iw|ja|jv|ka|kha|kk|kl|km|kn|ko|kri|ku|ky|la|lb|lg|ln|lo|lt|lua|luo|lv|mfe|mg|mi|mk|ml|mn|mr|ms|mt|my|ne|new|nl|no|nso|ny|oc|om|or|os|pa|pam|pl|ps|pt|pt-PT|qu|rn|ro|ru|rw|sa|sd|sg|si|sk|sl|sm|sn|so|sq|sr|ss|st|su|sv|sw|ta|te|tg|th|ti|tk|tn|to|tr|ts|tt|tum|ug|uk|ur|uz|ve|vi|war|wo|xh|yi|yo|zh-Hans|zh-Hant|zu,True,False,4,eligible_for_content_review,caption_tracks=157; marketing_signal_present
RVOvQj80jc0,https://www.youtube.com/watch?v=RVOvQj80jc0,The REAL Reason Riders CRASH in RAIN (LEARN NOW - STAY ALIVE),The Motorcycle Brain,en,rain,521,public,True,2073,True,0,True,aa|ab|af|ak|am|ar|as|ay|az|ba|be|bg|bho|bn|bo|br|bs|ca|ceb|co|crs|cs|cy|da|de|dv|dz|ee|el|en|en-orig|eo|es|et|eu|fa|fi|fil|fj|fo|fr|fy|ga|gaa|gd|gl|gn|gu|gv|ha|haw|hi|hmn|hr|ht|hu|hy|id|ig|is|it|iu|iw|ja|jv|ka|kha|kk|kl|km|kn|ko|kri|ku|ky|la|lb|lg|ln|lo|lt|lua|luo|lv|mfe|mg|mi|mk|ml|mn|mr|ms|mt|my|ne|new|nl|no|nso|ny|oc|om|or|os|pa|pam|pl|ps|pt|pt-PT|qu|rn|ro|ru|rw|sa|sd|sg|si|sk|sl|sm|sn|so|sq|sr|ss|st|su|sv|sw|ta|te|tg|th|ti|tk|tn|to|tr|ts|tt|tum|ug|uk|ur|uz|ve|vi|war|wo|xh|yi|yo|zh-Hans|zh-Hant|zu,False,False,6,rejected,title_indicates_non_instructional_or_promotional_content
IbUd4-X-J-4,https://www.youtube.com/watch?v=IbUd4-X-J-4,Adele Playlist Night Ride | Yamaha Tracer 9 & MT-07,XploreRIDERS,en,night,2214,public,True,1033,True,8,True,aa|ab|af|ak|am|ar|as|ay|az|ba|be|bg|bho|bn|bo|br|bs|ca|ceb|co|crs|cs|cy|da|de|dv|dz|ee|el|en|en-orig|eo|es|et|eu|fa|fi|fil|fj|fo|fr|fy|ga|gaa|gd|gl|gn|gu|gv|ha|haw|hi|hmn|hr|ht|hu|hy|id|ig|is|it|iu|iw|ja|jv|ka|kha|kk|kl|km|kn|ko|kri|ku|ky|la|lb|lg|ln|lo|lt|lua|luo|lv|mfe|mg|mi|mk|ml|mn|mr|ms|mt|my|ne|new|nl|no|nso|ny|oc|om|or|os|pa|pam|pl|ps|pt|pt-PT|qu|rn|ro|ru|rw|sa|sd|sg|si|sk|sl|sm|sn|so|sq|sr|ss|st|su|sv|sw|ta|te|tg|th|ti|tk|tn|to|tr|ts|tt|tum|ug|uk|ur|uz|ve|vi|war|wo|xh|yi|yo|zh-Hans|zh-Hant|zu,False,False,7,eligible_for_content_review,youtube_chapters=8; caption_tracks=157
WhYwXyRsABA,https://www.youtube.com/watch?v=WhYwXyRsABA,בטיחות בהפעלת אופנוע ים, Ministry of Transport and Road Safety,he,water_crossing,1270,public,True,1070,True,6,True,aa|ab|af|ak|am|ar|as|ay|az|ba|be|bg|bho|bn|bo|br|bs|ca|ceb|co|crs|cs|cy|da|de|dv|dz|ee|el|en|en-orig|eo|es|et|eu|fa|fi|fil|fj|fo|fr|fy|ga|gaa|gd|gl|gn|gu|gv|ha|haw|hi|hmn|hr|ht|hu|hy|id|ig|is|it|iu|iw|ja|jv|ka|kha|kk|kl|km|kn|ko|kri|ku|ky|la|lb|lg|ln|lo|lt|lua|luo|lv|mfe|mg|mi|mk|ml|mn|mr|ms|mt|my|ne|new|nl|no|nso|ny|oc|om|or|os|pa|pam|pl|ps|pt|pt-PT|qu|rn|ro|ru|rw|sa|sd|sg|si|sk|sl|sm|sn|so|sq|sr|ss|st|su|sv|sw|ta|te|tg|th|ti|tk|tn|to|tr|ts|tt|tum|ug|uk|ur|uz|ve|vi|war|wo|xh|yi|yo|zh|zh-CN|zh-Hans|zh-Hant|zu,False,True,10,eligible_for_content_review,youtube_chapters=6; caption_tracks=159; professional_source_signal
on-BHqK0Mf8,https://www.youtube.com/watch?v=on-BHqK0Mf8,טסט אופנוע בנתניה,אופיר המהיר,,slow_control,137,public,True,0,True,0,True,,False,False,1,rejected,language_not_verifiable_as_he_or_en; description_missing; no_chapters_or_captions_for_content_evidence; title_indicates_non_instructional_or_promotional_content
DOnHrnnnrt8,https://www.youtube.com/watch?v=DOnHrnnnrt8,בדיקת קטנוע לפני קנייה - כל הטיפים לקניית אופנוע,אתר מידרג,he,pre_ride,223,public,True,401,True,0,True,iw,False,False,6,eligible_for_content_review,caption_tracks=1
YHhXoBwO_hc,https://www.youtube.com/watch?v=YHhXoBwO_hc,תרום תחת עייפות 16/5/2026,הגלסים ( אור + אילן גלס ),he,fatigue,1645,public,True,0,True,0,True,aa|ab|af|ak|am|ar|as|ay|az|ba|be|bg|bho|bn|bo|br|bs|ca|ceb|co|crs|cs|cy|da|de|dv|dz|ee|el|en|eo|es|et|eu|fa|fi|fil|fj|fo|fr|fy|ga|gaa|gd|gl|gn|gu|gv|ha|haw|hi|hmn|hr|ht|hu|hy|id|ig|is|it|iu|iw|iw-orig|ja|jv|ka|kha|kk|kl|km|kn|ko|kri|ku|ky|la|lb|lg|ln|lo|lt|lua|luo|lv|mfe|mg|mi|mk|ml|mn|mr|ms|mt|my|ne|new|nl|no|nso|ny|oc|om|or|os|pa|pam|pl|ps|pt|pt-PT|qu|rn|ro|ru|rw|sa|sd|sg|si|sk|sl|sm|sn|so|sq|sr|ss|st|su|sv|sw|ta|te|tg|th|ti|tk|tn|to|tr|ts|tt|tum|ug|uk|ur|uz|ve|vi|war|wo|xh|yi|yo|zh-Hans|zh-Hant|zu,False,False,4,rejected,description_missing
DEek-peTQ6k,https://www.youtube.com/watch?v=DEek-peTQ6k,ציוד מיגון לרוכבי אופנועי שטח,טל סנדרוני,he,protective_gear,64,public,True,225,True,0,True,,False,False,1,rejected,no_chapters_or_captions_for_content_evidence
zm1MR16FaC4,https://www.youtube.com/watch?v=zm1MR16FaC4,האם זה מסוכן לרכב בצורה חוקית?,SobeR RideR,he,urban_hazards,770,public,True,1304,True,7,True,aa|ab|af|ak|am|ar|as|ay|az|ba|be|bg|bho|bn|bo|br|bs|ca|ceb|co|crs|cs|cy|da|de|dv|dz|ee|el|en|eo|es|et|eu|fa|fi|fil|fj|fo|fr|fy|ga|gaa|gd|gl|gn|gu|gv|ha|haw|hi|hmn|hr|ht|hu|hy|id|ig|is|it|iu|iw|iw-orig|ja|jv|ka|kha|kk|kl|km|kn|ko|kri|ku|ky|la|lb|lg|ln|lo|lt|lua|luo|lv|mfe|mg|mi|mk|ml|mn|mr|ms|mt|my|ne|new|nl|no|nso|ny|oc|om|or|os|pa|pam|pl|ps|pt|pt-PT|qu|rn|ro|ru|rw|sa|sd|sg|si|sk|sl|sm|sn|so|sq|sr|ss|st|su|sv|sw|ta|te|tg|th|ti|tk|tn|to|tr|ts|tt|tum|ug|uk|ur|uz|ve|vi|war|wo|xh|yi|yo|zh-Hans|zh-Hant|zu,False,False,8,eligible_for_content_review,youtube_chapters=7; caption_tracks=157
GJoXwRfem-c,https://www.youtube.com/watch?v=GJoXwRfem-c,טיול אופנועים בצפון-כרכום עד בית הילל - בהובלת הגר קרפפן,משה טיולי שטח Moto Tours,he,navigation,211,public,True,37,True,0,True,aa|ab|af|ak|am|ar|as|ay|az|ba|be|bg|bho|bn|bo|br|bs|ca|ceb|co|crs|cs|cy|da|de|dv|dz|ee|el|en|en-orig|eo|es|et|eu|fa|fi|fil|fj|fo|fr|fy|ga|gaa|gd|gl|gn|gu|gv|ha|haw|hi|hmn|hr|ht|hu|hy|id|ig|is|it|iu|iw|ja|jv|ka|kha|kk|kl|km|kn|ko|kri|ku|ky|la|lb|lg|ln|lo|lt|lua|luo|lv|mfe|mg|mi|mk|ml|mn|mr|ms|mt|my|ne|new|nl|no|nso|ny|oc|om|or|os|pa|pam|pl|ps|pt|pt-PT|qu|rn|ro|ru|rw|sa|sd|sg|si|sk|sl|sm|sn|so|sq|sr|ss|st|su|sv|sw|ta|te|tg|th|ti|tk|tn|to|tr|ts|tt|tum|ug|uk|ur|uz|ve|vi|war|wo|xh|yi|yo|zh-Hans|zh-Hant|zu,False,False,5,rejected,title_indicates_non_instructional_or_promotional_content
qSIjPgzq5zQ,https://www.youtube.com/watch?v=qSIjPgzq5zQ,מפרץ ההרפתקאות 🐾מבצע חילוץ בלונדון | ניק ג'וניור,ניק ג'וניור ישראל,,recovery,,,False,0,False,0,False,,False,False,0,rejected,source_not_active_public; source_unavailable; duration_missing; description_missing; no_chapters_or_captions_for_content_evidence
R2_2Pdd-QCg,https://www.youtube.com/watch?v=R2_2Pdd-QCg,קורס רכיבת אופנוע אדוונצ'ר- סקירת שוק,ADV Moto Life,he,channel_seed,219,public,True,175,True,0,True,,False,False,2,rejected,no_chapters_or_captions_for_content_evidence
UMdUg4zfh2g,https://www.youtube.com/watch?v=UMdUg4zfh2g,טיפ: איך לבחור קסדה נכונה לרוכב אופנוע או קטנוע?,ProRiding Israel,he,group_riding,381,public,True,286,True,0,True,,False,True,4,rejected,no_chapters_or_captions_for_content_evidence
e8w0uYHGCWs,https://www.youtube.com/watch?v=e8w0uYHGCWs,תנוחת רכיבה על אופנוע,ProRiding Israel,he,basics,153,public,True,454,True,0,True,,False,True,5,rejected,no_chapters_or_captions_for_content_evidence
eDiLjZyPtP8,https://www.youtube.com/watch?v=eDiLjZyPtP8,איזה בלם לבלום בבלימת חירום?,משה פרחי - רכיבה מתקדמת,he,emergency_braking,34,public,True,87,True,0,True,,False,True,3,rejected,too_short_for_release_depth; no_chapters_or_captions_for_content_evidence
lK3FtKKaMVo,https://www.youtube.com/watch?v=lK3FtKKaMVo,לרכב עם משוגעים,2wheel-adventure,he,gravel,593,public,True,163,True,0,True,,False,False,2,rejected,no_chapters_or_captions_for_content_evidence
0KIjudJZjVg,https://www.youtube.com/watch?v=0KIjudJZjVg,עליית המוות של שפית- אדוונצ'ר בהרי ירושלים,ADV Moto Life,he,obstacles,697,public,True,230,True,0,True,,False,False,2,rejected,no_chapters_or_captions_for_content_evidence
bJkK-Z0eDq0,https://www.youtube.com/watch?v=bJkK-Z0eDq0,How far can I lean on my motorcycle? | Better Riding Ep 26,Bennetts BikeSocial,en,cornering,1382,public,True,2761,True,10,True,aa|ab|af|ak|am|ar|as|ay|az|ba|be|bg|bho|bn|bo|br|bs|ca|ceb|co|crs|cs|cy|da|de|dv|dz|ee|el|en|en-GB|en-orig|eo|es|et|eu|fa|fi|fil|fj|fo|fr|fy|ga|gaa|gd|gl|gn|gu|gv|ha|haw|hi|hmn|hr|ht|hu|hy|id|ig|is|it|iu|iw|ja|jv|ka|kha|kk|kl|km|kn|ko|kri|ku|ky|la|lb|lg|ln|lo|lt|lua|luo|lv|mfe|mg|mi|mk|ml|mn|mr|ms|mt|my|ne|new|nl|no|nso|ny|oc|om|or|os|pa|pam|pl|ps|pt|pt-PT|qu|rn|ro|ru|rw|sa|sd|sg|si|sk|sl|sm|sn|so|sq|sr|ss|st|su|sv|sw|ta|te|tg|th|ti|tk|tn|to|tr|ts|tt|tum|ug|uk|ur|uz|ve|vi|war|wo|xh|yi|yo|zh-Hans|zh-Hant|zu,False,True,10,eligible_for_content_review,youtube_chapters=10; caption_tracks=158; professional_source_signal
jq6uhMRpcAk,https://www.youtube.com/watch?v=jq6uhMRpcAk,How To Do A SLOW & TIGHT U-Turn On ANY Motorcycle,DanDanTheFireman,en,u_turn,450,public,True,2953,True,6,True,aa|ab|af|ak|am|ar|as|ay|az|ba|be|bg|bho|bn|bo|br|bs|ca|ceb|co|crs|cs|cy|da|de|dv|dz|ee|el|en|en-orig|eo|es|et|eu|fa|fi|fil|fj|fo|fr|fy|ga|gaa|gd|gl|gn|gu|gv|ha|haw|hi|hmn|hr|ht|hu|hy|id|ig|is|it|iu|iw|ja|jv|ka|kha|kk|kl|km|kn|ko|kri|ku|ky|la|lb|lg|ln|lo|lt|lua|luo|lv|mfe|mg|mi|mk|ml|mn|mr|ms|mt|my|ne|new|nl|no|nso|ny|oc|om|or|os|pa|pam|pl|ps|pt|pt-PT|qu|rn|ro|ru|rw|sa|sd|sg|si|sk|sl|sm|sn|so|sq|sr|ss|st|su|sv|sw|ta|te|tg|th|ti|tk|tn|to|tr|ts|tt|tum|ug|uk|ur|uz|ve|vi|war|wo|xh|yi|yo|zh-Hans|zh-Hant|zu,True,True,8,eligible_for_content_review,youtube_chapters=6; caption_tracks=157; professional_source_signal; marketing_signal_present
vTlHV9zIlkA,https://www.youtube.com/watch?v=vTlHV9zIlkA,fox head ציוד לרכיבת שטח ומוטוקרוס,FOX HEAD Israel,he,protective_gear,190,public,True,150,True,0,True,,False,False,2,rejected,no_chapters_or_captions_for_content_evidence
ko70RgiF5OQ,https://www.youtube.com/watch?v=ko70RgiF5OQ,Riding in the Rain — A Complete Guide to Road Surfaces and Traction,Luke Watson - Truck & Motorcycle Training,en,rain,2483,public,True,2907,True,8,True,aa|ab|af|ak|am|ar|as|ay|az|ba|be|bg|bho|bn|bo|br|bs|ca|ceb|co|crs|cs|cy|da|de|dv|dz|ee|el|en|en-orig|eo|es|et|eu|fa|fi|fil|fj|fo|fr|fy|ga|gaa|gd|gl|gn|gu|gv|ha|haw|hi|hmn|hr|ht|hu|hy|id|ig|is|it|iu|iw|ja|jv|ka|kha|kk|kl|km|kn|ko|kri|ku|ky|la|lb|lg|ln|lo|lt|lua|luo|lv|mfe|mg|mi|mk|ml|mn|mr|ms|mt|my|ne|new|nl|no|nso|ny|oc|om|or|os|pa|pam|pl|ps|pt|pt-PT|qu|rn|ro|ru|rw|sa|sd|sg|si|sk|sl|sm|sn|so|sq|sr|ss|st|su|sv|sw|ta|te|tg|th|ti|tk|tn|to|tr|ts|tt|tum|ug|uk|ur|uz|ve|vi|war|wo|xh|yi|yo|zh-Hans|zh-Hant|zu,False,True,9,eligible_for_content_review,youtube_chapters=8; caption_tracks=157; professional_source_signal
U8Lsg6VYDLs,https://www.youtube.com/watch?v=U8Lsg6VYDLs,Are you ready to take an advanced rider class?,Ride Like a Pro Jerry Palladino,en,advanced_training,573,public,True,1032,True,0,True,aa|ab|af|ak|am|ar|as|ay|az|ba|be|bg|bho|bn|bo|br|bs|ca|ceb|co|crs|cs|cy|da|de|dv|dz|ee|el|en|en-orig|eo|es|et|eu|fa|fi|fil|fj|fo|fr|fy|ga|gaa|gd|gl|gn|gu|gv|ha|haw|hi|hmn|hr|ht|hu|hy|id|ig|is|it|iu|iw|ja|jv|ka|kha|kk|kl|km|kn|ko|kri|ku|ky|la|lb|lg|ln|lo|lt|lua|luo|lv|mfe|mg|mi|mk|ml|mn|mr|ms|mt|my|ne|new|nl|no|nso|ny|oc|om|or|os|pa|pam|pl|ps|pt|pt-PT|qu|rn|ro|ru|rw|sa|sd|sg|si|sk|sl|sm|sn|so|sq|sr|ss|st|su|sv|sw|ta|te|tg|th|ti|tk|tn|to|tr|ts|tt|tum|ug|uk|ur|uz|ve|vi|war|wo|xh|yi|yo|zh-Hans|zh-Hant|zu,False,True,8,eligible_for_content_review,caption_tracks=157; professional_source_signal
QkbflgJuNvg,https://www.youtube.com/watch?v=QkbflgJuNvg,"מה זה ""היגוי הפוך באופנוע"" ואיך מבצעים אותו ?",alonrefael,,countersteering,,,False,0,False,0,False,,False,False,0,rejected,source_not_active_public; source_unavailable; duration_missing; description_missing; no_chapters_or_captions_for_content_evidence
ML6OCSK140A,https://www.youtube.com/watch?v=ML6OCSK140A,חוצים תעלת מים,golaneliyho,,water_crossing,49,public,True,0,True,0,True,,False,False,0,rejected,language_not_verifiable_as_he_or_en; too_short_for_release_depth; description_missing; no_chapters_or_captions_for_content_evidence
PCcZCLdLLfM,https://www.youtube.com/watch?v=PCcZCLdLLfM,רכיבה בבוץ אחרי שבועיים של גשם ביער בן שמן 10.1.2020,kRuvi,he,mud,68,public,True,0,True,0,True,,False,False,0,rejected,description_missing; no_chapters_or_captions_for_content_evidence
uGk1EH74qeM,https://www.youtube.com/watch?v=uGk1EH74qeM,ניב אופנועים - טיפים לרכישת אופנוע משומש,nivmoto,he,pre_ride,111,public,True,114,True,0,True,,False,False,1,rejected,no_chapters_or_captions_for_content_evidence
SypB0adl_Kw,https://www.youtube.com/watch?v=SypB0adl_Kw,חילוץ,roylev500,,recovery,20,public,True,9,True,0,True,,False,False,1,rejected,language_not_verifiable_as_he_or_en; too_short_for_release_depth; no_chapters_or_captions_for_content_evidence
6JOo4__N3Wc,https://www.youtube.com/watch?v=6JOo4__N3Wc,Voge DS 800 X RALLY Specs COMMON PROBLEMS AND FAULTS All the BAD and the GOOD,2 stroke sound,en,suspension,782,public,True,1660,True,0,True,aa|ab|af|ak|am|ar|as|ay|az|ba|be|bg|bho|bn|bo|br|bs|ca|ceb|co|crs|cs|cy|da|de|de-DE|dv|dz|ee|el|en|en-US|en-orig|eo|es|et|eu|fa|fi|fil|fj|fo|fr|fr-FR|fy|ga|gaa|gd|gl|gn|gu|gv|ha|haw|hi|hmn|hr|ht|hu|hy|id|ig|is|it|iu|iw|ja|jv|ka|kha|kk|kl|km|kn|ko|kri|ku|ky|la|lb|lg|ln|lo|lt|lua|luo|lv|mfe|mg|mi|mk|ml|mn|mr|ms|mt|my|ne|new|nl|nl-NL|no|nso|ny|oc|om|or|os|pa|pam|pl|ps|pt|pt-BR|pt-PT|qu|rn|ro|ru|rw|sa|sd|sg|si|sk|sl|sm|sn|so|sq|sr|ss|st|su|sv|sw|ta|te|tg|th|ti|tk|tn|to|tr|ts|tt|tum|ug|uk|ur|uz|ve|vi|war|wo|xh|yi|yo|zh-Hans|zh-Hant|zu,False,False,6,eligible_for_content_review,caption_tracks=162
OLNDCTlHmWE,https://www.youtube.com/watch?v=OLNDCTlHmWE,תחשבו על הפנייה האהובה עליכם... תחשבו על אחיזת כביש מושלמת... תחשבו על הפיירבלייד החדש של הונדה!,הונדה אופנועים,he,fatigue,45,public,True,0,True,0,True,aa|ab|af|ak|am|ar|as|ay|az|ba|be|bg|bho|bn|bo|br|bs|ca|ceb|co|crs|cs|cy|da|de|dv|dz|ee|el|en|eo|es|et|eu|fa|fi|fil|fj|fo|fr|fy|ga|gaa|gd|gl|gn|gu|gv|ha|haw|hi|hmn|hr|ht|hu|hy|id|ig|is|it|iu|iw|iw-orig|ja|jv|ka|kha|kk|kl|km|kn|ko|kri|ku|ky|la|lb|lg|ln|lo|lt|lua|luo|lv|mfe|mg|mi|mk|ml|mn|mr|ms|mt|my|ne|new|nl|no|nso|ny|oc|om|or|os|pa|pam|pl|ps|pt|pt-PT|qu|rn|ro|ru|rw|sa|sd|sg|si|sk|sl|sm|sn|so|sq|sr|ss|st|su|sv|sw|ta|te|tg|th|ti|tk|tn|to|tr|ts|tt|tum|ug|uk|ur|uz|ve|vi|war|wo|xh|yi|yo|zh-Hans|zh-Hant|zu,False,False,3,rejected,too_short_for_release_depth; description_missing
t9ah2d7bW1w,https://www.youtube.com/watch?v=t9ah2d7bW1w,החלפת פנימית - באופנוע שטח או קטנוע,הכלך האבוד,he,puncture,1237,public,True,106,True,0,True,,False,True,4,rejected,no_chapters_or_captions_for_content_evidence
S8KUwhyx1YU,https://www.youtube.com/watch?v=S8KUwhyx1YU,"אז מי זה החכם רלב""ד? מגלים את הסוד!",הרשות הלאומית לבטיחות בדרכים,he,safety_body,62,public,True,26,True,0,True,iw,False,True,6,eligible_for_content_review,caption_tracks=1; professional_source_signal
i7vcL3L7750,https://www.youtube.com/watch?v=i7vcL3L7750,איך לנקות שרשרת אופנוע - תחזוקה נכונה,SobeR RideR,he,maintenance,459,public,True,1372,True,8,True,aa|ab|af|ak|am|ar|as|ay|az|ba|be|bg|bho|bn|bo|br|bs|ca|ceb|co|crs|cs|cy|da|de|dv|dz|ee|el|en|eo|es|et|eu|fa|fi|fil|fj|fo|fr|fy|ga|gaa|gd|gl|gn|gu|gv|ha|haw|hi|hmn|hr|ht|hu|hy|id|ig|is|it|iu|iw|iw-orig|ja|jv|ka|kha|kk|kl|km|kn|ko|kri|ku|ky|la|lb|lg|ln|lo|lt|lua|luo|lv|mfe|mg|mi|mk|ml|mn|mr|ms|mt|my|ne|new|nl|no|nso|ny|oc|om|or|os|pa|pam|pl|ps|pt|pt-PT|qu|rn|ro|ru|rw|sa|sd|sg|si|sk|sl|sm|sn|so|sq|sr|ss|st|su|sv|sw|ta|te|tg|th|ti|tk|tn|to|tr|ts|tt|tum|ug|uk|ur|uz|ve|vi|war|wo|xh|yi|yo|zh-Hans|zh-Hant|zu,False,False,8,eligible_for_content_review,youtube_chapters=8; caption_tracks=157
oMnfpPeBr2o,https://www.youtube.com/watch?v=oMnfpPeBr2o,כביש מהיר אופנוע חלש,SobeR RideR,he,urban_hazards,445,public,True,1223,True,0,True,,False,False,3,rejected,no_chapters_or_captions_for_content_evidence
Mv9pGSii7Ig,https://www.youtube.com/watch?v=Mv9pGSii7Ig,טיול אופנועים ליוון עם צביקה כהן השטח,משה טיולי שטח Moto Tours,he,navigation,184,public,True,62,True,0,True,aa|ab|af|ak|am|ar|as|ay|az|ba|be|bg|bho|bn|bo|br|bs|ca|ceb|co|crs|cs|cy|da|de|dv|dz|ee|el|el-orig|en|eo|es|et|eu|fa|fi|fil|fj|fo|fr|fy|ga|gaa|gd|gl|gn|gu|gv|ha|haw|hi|hmn|hr|ht|hu|hy|id|ig|is|it|iu|iw|ja|jv|ka|kha|kk|kl|km|kn|ko|kri|ku|ky|la|lb|lg|ln|lo|lt|lua|luo|lv|mfe|mg|mi|mk|ml|mn|mr|ms|mt|my|ne|new|nl|no|nso|ny|oc|om|or|os|pa|pam|pl|ps|pt|pt-PT|qu|rn|ro|ru|rw|sa|sd|sg|si|sk|sl|sm|sn|so|sq|sr|ss|st|su|sv|sw|ta|te|tg|th|ti|tk|tn|to|tr|ts|tt|tum|ug|uk|ur|uz|ve|vi|war|wo|xh|yi|yo|zh-Hans|zh-Hant|zu,False,False,5,rejected,title_indicates_non_instructional_or_promotional_content
rUebtFqywso,https://www.youtube.com/watch?v=rUebtFqywso,5 טעויות שרוכבי אופנועים עושים | ALOOSH,Aloosh,he,basics,484,public,True,80,True,0,True,,False,False,2,rejected,no_chapters_or_captions_for_content_evidence
L2_CBYlLkWs,https://www.youtube.com/watch?v=L2_CBYlLkWs,שימוש בבקרות האופנוע ברכיבת שטח,Cohen Adventure (‫צביקה כהן השטח‬‎),he,obstacles,132,public,True,175,True,0,True,,False,False,2,rejected,no_chapters_or_captions_for_content_evidence
keR2svi5eSk,https://www.youtube.com/watch?v=keR2svi5eSk,אור מתרגל בלימה ספורטיבית,משה פרחי - רכיבה מתקדמת,he,braking,20,public,True,165,True,0,True,,False,True,3,rejected,too_short_for_release_depth; no_chapters_or_captions_for_content_evidence
JlbTwbRMtZI,https://www.youtube.com/watch?v=JlbTwbRMtZI,"אדוונצ'רים מתחילים - טיול ראש השנה תשפ""ד לצפון",ADV Moto Life,he,channel_seed,1978,public,True,607,True,0,True,aa|ab|af|ak|am|ar|as|ay|az|ba|be|bg|bho|bn|bo|br|bs|ca|ceb|co|crs|cs|cy|da|de|dv|dz|ee|el|en|eo|es|et|eu|fa|fi|fil|fj|fo|fr|fy|ga|gaa|gd|gl|gn|gu|gv|ha|haw|hi|hmn|hr|ht|hu|hy|id|ig|is|it|iu|iw|iw-orig|ja|jv|ka|kha|kk|kl|km|kn|ko|kri|ku|ky|la|lb|lg|ln|lo|lt|lua|luo|lv|mfe|mg|mi|mk|ml|mn|mr|ms|mt|my|ne|new|nl|no|nso|ny|oc|om|or|os|pa|pam|pl|ps|pt|pt-PT|qu|rn|ro|ru|rw|sa|sd|sg|si|sk|sl|sm|sn|so|sq|sr|ss|st|su|sv|sw|ta|te|tg|th|ti|tk|tn|to|tr|ts|tt|tum|ug|uk|ur|uz|ve|vi|war|wo|xh|yi|yo|zh-Hans|zh-Hant|zu,False,False,5,rejected,title_indicates_non_instructional_or_promotional_content
H7VQX3yersI,https://www.youtube.com/watch?v=H7VQX3yersI,"3 BEST monsoon riding tips to make your ride in the rain, SAFER!",Abhishek Daniel,en,rain,361,public,True,1764,True,4,True,aa|ab|af|ak|am|ar|as|ay|az|ba|be|bg|bho|bn|bo|br|bs|ca|ceb|co|crs|cs|cy|da|de|dv|dz|ee|el|en|en-orig|eo|es|et|eu|fa|fi|fil|fj|fo|fr|fy|ga|gaa|gd|gl|gn|gu|gv|ha|haw|hi|hmn|hr|ht|hu|hy|id|ig|is|it|iu|iw|ja|jv|ka|kha|kk|kl|km|kn|ko|kri|ku|ky|la|lb|lg|ln|lo|lt|lua|luo|lv|mfe|mg|mi|mk|ml|mn|mr|ms|mt|my|ne|new|nl|no|nso|ny|oc|om|or|os|pa|pam|pl|ps|pt|pt-PT|qu|rn|ro|ru|rw|sa|sd|sg|si|sk|sl|sm|sn|so|sq|sr|ss|st|su|sv|sw|ta|te|tg|th|ti|tk|tn|to|tr|ts|tt|tum|ug|uk|ur|uz|ve|vi|war|wo|xh|yi|yo|zh-Hans|zh-Hant|zu,False,False,8,eligible_for_content_review,youtube_chapters=4; caption_tracks=157
0zrwC8gNf1A,https://www.youtube.com/watch?v=0zrwC8gNf1A,טיפ שכול רוכב אופנוע צריך לדעת | ALOOSH,Aloosh,he,urban_hazards,347,public,True,0,True,0,True,,False,False,1,rejected,description_missing; no_chapters_or_captions_for_content_evidence
qt262cjyWAc,https://www.youtube.com/watch?v=qt262cjyWAc,ASK Ralbad | איך מרכיבים אדם נוסף בצורה בטוחה?,Ask Ralbad,he,safety_body,113,public,True,74,True,0,True,iw,False,True,6,eligible_for_content_review,caption_tracks=1; professional_source_signal
Za9PbWExhnk,https://www.youtube.com/watch?v=Za9PbWExhnk,What Size Adventure Bike is Right for You? Here's how to decide.,Big Rock Moto,en,gravel,1093,public,True,3054,True,13,True,aa|ab|af|ak|am|ar|as|ay|az|ba|be|bg|bho|bn|bo|br|bs|ca|ceb|co|crs|cs|cy|da|de|dv|dz|ee|el|en|en-orig|eo|es|et|eu|fa|fi|fil|fj|fo|fr|fy|ga|gaa|gd|gl|gn|gu|gv|ha|haw|hi|hmn|hr|ht|hu|hy|id|ig|is|it|iu|iw|ja|jv|ka|kha|kk|kl|km|kn|ko|kri|ku|ky|la|lb|lg|ln|lo|lt|lua|luo|lv|mfe|mg|mi|mk|ml|mn|mr|ms|mt|my|ne|new|nl|no|nso|ny|oc|om|or|os|pa|pam|pl|ps|pt|pt-PT|qu|rn|ro|ru|rw|sa|sd|sg|si|sk|sl|sm|sn|so|sq|sr|ss|st|su|sv|sw|ta|te|tg|th|ti|tk|tn|to|tr|ts|tt|tum|ug|uk|ur|uz|ve|vi|war|wo|xh|yi|yo|zh-Hans|zh-Hant|zu,True,False,6,eligible_for_content_review,youtube_chapters=13; caption_tracks=157; marketing_signal_present
vq0KW68hJp8,https://www.youtube.com/watch?v=vq0KW68hJp8,"אופיר טרקטורונים , החלפת פנימית באופנוע שטח.MOV",CarsPlace.co.il,he,puncture,16,public,True,105,True,0,True,,False,False,1,rejected,too_short_for_release_depth; no_chapters_or_captions_for_content_evidence
EA1Q1evwcYY,https://www.youtube.com/watch?v=EA1Q1evwcYY,איך מעבירים הילוכים עם מגפי שטח,Cohen Adventure (‫צביקה כהן השטח‬‎),he,offroad_basics,140,public,True,240,True,0,True,,False,False,2,rejected,no_chapters_or_captions_for_content_evidence
_gFFFePEj_s,https://www.youtube.com/watch?v=_gFFFePEj_s,How to Pass the Motorcycle Rider Skills Test (Step-by-Step Practice Guide),DanDanTheFireman,en,u_turn,2010,public,True,4713,True,5,True,aa|ab|af|ak|am|ar|as|ay|az|ba|be|bg|bho|bn|bo|br|bs|ca|ceb|co|crs|cs|cy|da|de|dv|dz|ee|el|en|en-orig|eo|es|et|eu|fa|fi|fil|fj|fo|fr|fy|ga|gaa|gd|gl|gn|gu|gv|ha|haw|hi|hmn|hr|ht|hu|hy|id|ig|is|it|iu|iw|ja|jv|ka|kha|kk|kl|km|kn|ko|kri|ku|ky|la|lb|lg|ln|lo|lt|lua|luo|lv|mfe|mg|mi|mk|ml|mn|mr|ms|mt|my|ne|new|nl|no|nso|ny|oc|om|or|os|pa|pam|pl|ps|pt|pt-PT|qu|rn|ro|ru|rw|sa|sd|sg|si|sk|sl|sm|sn|so|sq|sr|ss|st|su|sv|sw|ta|te|tg|th|ti|tk|tn|to|tr|ts|tt|tum|ug|uk|ur|uz|ve|vi|war|wo|xh|yi|yo|zh-Hans|zh-Hant|zu,True,True,7,eligible_for_content_review,youtube_chapters=5; caption_tracks=157; professional_source_signal; marketing_signal_present
-FUJIeErADk,https://www.youtube.com/watch?v=-FUJIeErADk,לקט היט אייר ניפוחים-הדגמת אפוד לרוכבי אופנוע עם כריות אוויר בעברית,HiTAiR-Nanotech Israel,he,protective_gear,51,public,True,472,True,0,True,,True,False,0,rejected,too_short_for_release_depth; no_chapters_or_captions_for_content_evidence
iqjyE4h6Xds,https://www.youtube.com/watch?v=iqjyE4h6Xds,How to clean and lube a motorcycle chain,IPONE,en,maintenance,46,public,True,320,True,0,True,,False,False,1,rejected,too_short_for_release_depth; no_chapters_or_captions_for_content_evidence
amNoaDkfwxg,https://www.youtube.com/watch?v=amNoaDkfwxg,מעצר רוכבי אופנועי שטח המנסים להימלט משוטרים,Israel Police - משטרת ישראל,he,hills,78,public,True,284,True,0,True,iw,False,False,4,eligible_for_content_review,caption_tracks=1
BdQniPDHP9I,https://www.youtube.com/watch?v=BdQniPDHP9I,הדרכת בלימה והיגוי (בן),MOTO-SHER,,emergency_braking,62,public,True,0,True,0,True,aa|ab|af|ak|am|ar|as|ay|az|ba|be|bg|bho|bn|bo|br|bs|ca|ceb|co|crs|cs|cy|da|de|dv|dz|ee|el|en|eo|es|et|eu|fa|fi|fil|fj|fo|fr|fy|ga|gaa|gd|gl|gn|gu|gv|ha|haw|hi|hmn|hr|ht|hu|hy|id|ig|is|it|iu|iw|ja|jv|ka|kha|kk|kl|km|kn|ko|kri|ku|ky|la|lb|lg|ln|lo|lt|lua|luo|lv|mfe|mg|mi|mk|ml|mn|mr|ms|mt|my|ne|new|nl|no|nso|ny|oc|om|or|os|pa|pam|pl|pl-orig|ps|pt|pt-PT|qu|rn|ro|ru|rw|sa|sd|sg|si|sk|sl|sm|sn|so|sq|sr|ss|st|su|sv|sw|ta|te|tg|th|ti|tk|tn|to|tr|ts|tt|tum|ug|uk|ur|uz|ve|vi|war|wo|xh|yi|yo|zh-Hans|zh-Hant|zu,False,False,3,rejected,unsupported_declared_language=pl; description_missing
XlPFPsOa4Mg,https://www.youtube.com/watch?v=XlPFPsOa4Mg,איך לשרוד על הכביש עם אופנוע- היגוי נגדי,Maticycles,he,countersteering,277,public,True,0,True,0,True,,False,False,1,rejected,description_missing; no_chapters_or_captions_for_content_evidence
aErPB4lgEpM,https://www.youtube.com/watch?v=aErPB4lgEpM,The 3 Beginner Mistakes We Still Struggle With Off-Road,Moron Brothers Moto,en,cornering,364,public,True,381,True,4,True,aa|ab|af|ak|am|ar|as|ay|az|ba|be|bg|bho|bn|bo|br|bs|ca|ceb|co|crs|cs|cy|da|de|dv|dz|ee|el|en|en-orig|eo|es|et|eu|fa|fi|fil|fj|fo|fr|fy|ga|gaa|gd|gl|gn|gu|gv|ha|haw|hi|hmn|hr|ht|hu|hy|id|ig|is|it|iu|iw|ja|jv|ka|kha|kk|kl|km|kn|ko|kri|ku|ky|la|lb|lg|ln|lo|lt|lua|luo|lv|mfe|mg|mi|mk|ml|mn|mr|ms|mt|my|ne|new|nl|no|nso|ny|oc|om|or|os|pa|pam|pl|ps|pt|pt-PT|qu|rn|ro|ru|rw|sa|sd|sg|si|sk|sl|sm|sn|so|sq|sr|ss|st|su|sv|sw|ta|te|tg|th|ti|tk|tn|to|tr|ts|tt|tum|ug|uk|ur|uz|ve|vi|war|wo|xh|yi|yo|zh-Hans|zh-Hant|zu,False,False,7,eligible_for_content_review,youtube_chapters=4; caption_tracks=157
wyr5-BW9BbA,https://www.youtube.com/watch?v=wyr5-BW9BbA,Battlax Adventure A41 vs Tourance Next 2: Best Tires for Touring Motorcycles,Motorcycle World,en,tires,469,public,True,2286,True,0,True,aa|ab|af|ak|am|ar|as|ay|az|ba|be|bg|bho|bn|bo|br|bs|ca|ceb|co|crs|cs|cy|da|de|dv|dz|ee|el|en|en-orig|eo|es|et|eu|fa|fi|fil|fj|fo|fr|fy|ga|gaa|gd|gl|gn|gu|gv|ha|haw|hi|hmn|hr|ht|hu|hy|id|ig|is|it|iu|iw|ja|jv|ka|kha|kk|kl|km|kn|ko|kri|ku|ky|la|lb|lg|ln|lo|lt|lua|luo|lv|mfe|mg|mi|mk|ml|mn|mr|ms|mt|my|ne|new|nl|no|nso|ny|oc|om|or|os|pa|pam|pl|ps|pt|pt-PT|qu|rn|ro|ru|rw|sa|sd|sg|si|sk|sl|sm|sn|so|sq|sr|ss|st|su|sv|sw|ta|te|tg|th|ti|tk|tn|to|tr|ts|tt|tum|ug|uk|ur|uz|ve|vi|war|wo|xh|yi|yo|zh-Hans|zh-Hant|zu,False,False,6,eligible_for_content_review,caption_tracks=157
domdIpzNKbc,https://www.youtube.com/watch?v=domdIpzNKbc,משימה מספר 5 במגרש בטסט על אופנוע - או בשמה הנוסף 8! תראו טיפים לשמונה | נתיבים - בית ספר לנהיגה,Netivims,he,slow_control,79,public,True,1050,True,0,True,aa|ab|af|ak|am|ar|as|ay|az|ba|be|bg|bho|bn|bo|br|bs|ca|ceb|co|crs|cs|cy|da|de|dv|dz|ee|el|en|eo|es|et|eu|fa|fi|fil|fj|fo|fr|fy|ga|gaa|gd|gl|gn|gu|gv|ha|haw|hi|hmn|hr|ht|hu|hy|id|ig|is|it|iu|iw|iw-orig|ja|jv|ka|kha|kk|kl|km|kn|ko|kri|ku|ky|la|lb|lg|ln|lo|lt|lua|luo|lv|mfe|mg|mi|mk|ml|mn|mr|ms|mt|my|ne|new|nl|no|nso|ny|oc|om|or|os|pa|pam|pl|ps|pt|pt-PT|qu|rn|ro|ru|rw|sa|sd|sg|si|sk|sl|sm|sn|so|sq|sr|ss|st|su|sv|sw|ta|te|tg|th|ti|tk|tn|to|tr|ts|tt|tum|ug|uk|ur|uz|ve|vi|war|wo|xh|yi|yo|zh-Hans|zh-Hant|zu,True,True,5,eligible_for_content_review,caption_tracks=157; professional_source_signal; marketing_signal_present
cSy1Yy_fdQM,https://www.youtube.com/watch?v=cSy1Yy_fdQM,תמיר משה מספר כיצד המערכת של ריידויז'ן עוזרת לו לרכוב בטוח יותר,Ride Vision,he,night,66,public,True,77,True,0,True,,False,True,3,rejected,no_chapters_or_captions_for_content_evidence
QropDkHAQI4,https://www.youtube.com/watch?v=QropDkHAQI4,עייפות וקשיים טכניים - רכיבת אנדורו פארק קנדה NOPRO-13 Enduro riding Canada Park,Tal Mazar,he,fatigue,530,public,True,27,True,0,True,aa|ab|af|ak|am|ar|as|ay|az|ba|be|bg|bho|bn|bo|br|bs|ca|ceb|co|crs|cs|cy|da|de|dv|dz|ee|el|en|en-orig|eo|es|et|eu|fa|fi|fil|fj|fo|fr|fy|ga|gaa|gd|gl|gn|gu|gv|ha|haw|hi|hmn|hr|ht|hu|hy|id|ig|is|it|iu|iw|ja|jv|ka|kha|kk|kl|km|kn|ko|kri|ku|ky|la|lb|lg|ln|lo|lt|lua|luo|lv|mfe|mg|mi|mk|ml|mn|mr|ms|mt|my|ne|new|nl|no|nso|ny|oc|om|or|os|pa|pam|pl|ps|pt|pt-PT|qu|rn|ro|ru|rw|sa|sd|sg|si|sk|sl|sm|sn|so|sq|sr|ss|st|su|sv|sw|ta|te|tg|th|ti|tk|tn|to|tr|ts|tt|tum|ug|uk|ur|uz|ve|vi|war|wo|xh|yi|yo|zh-Hans|zh-Hant|zu,False,False,5,eligible_for_content_review,caption_tracks=157
hw3vNwd76n8,https://www.youtube.com/watch?v=hw3vNwd76n8,איך לשמור על בטיחות בנסיעה על אופנוע | 7 כללים של מקצוענים,The How To Channel,he,water_crossing,1303,public,True,1314,True,0,True,,False,True,5,rejected,no_chapters_or_captions_for_content_evidence
l8JKhErF8VQ,https://www.youtube.com/watch?v=l8JKhErF8VQ,2020 Moto Guzzi V85 TT Adventure and V85 TT First Ride Review | Ultimate Motorcycling,Ultimate Motorcycling,en,suspension,761,public,True,3260,True,6,True,aa|ab|af|ak|am|ar|as|ay|az|ba|be|bg|bho|bn|bo|br|bs|ca|ceb|co|crs|cs|cy|da|de|dv|dz|ee|el|en|en-orig|eo|es|et|eu|fa|fi|fil|fj|fo|fr|fy|ga|gaa|gd|gl|gn|gu|gv|ha|haw|hi|hmn|hr|ht|hu|hy|id|ig|is|it|iu|iw|ja|jv|ka|kha|kk|kl|km|kn|ko|kri|ku|ky|la|lb|lg|ln|lo|lt|lua|luo|lv|mfe|mg|mi|mk|ml|mn|mr|ms|mt|my|ne|new|nl|no|nso|ny|oc|om|or|os|pa|pam|pl|ps|pt|pt-PT|qu|rn|ro|ru|rw|sa|sd|sg|si|sk|sl|sm|sn|so|sq|sr|ss|st|su|sv|sw|ta|te|tg|th|ti|tk|tn|to|tr|ts|tt|tum|ug|uk|ur|uz|ve|vi|war|wo|xh|yi|yo|zh-Hans|zh-Hant|zu,False,False,8,rejected,title_indicates_non_instructional_or_promotional_content
rFg33tIM5BY,https://www.youtube.com/watch?v=rFg33tIM5BY,בדיקות לפני רכיבה - גלגל אופניים,גלגל אופניים,he,pre_ride,147,public,True,172,True,0,True,,True,False,0,rejected,no_chapters_or_captions_for_content_evidence
3FW73-GfqkU,https://www.youtube.com/watch?v=3FW73-GfqkU,חילוץ 4X4 מחוף הים,יוסי מאיר,he,recovery,22,public,True,184,True,0,True,aa|ab|af|ak|am|ar|as|ay|az|ba|be|bg|bho|bn|bo|br|bs|ca|ceb|co|crs|cs|cy|da|de|dv|dz|ee|el|en|eo|es|et|eu|fa|fi|fil|fj|fo|fr|fy|ga|gaa|gd|gl|gn|gu|gv|ha|haw|hi|hmn|hr|ht|hu|hy|id|ig|is|it|iu|iw|iw-orig|ja|jv|ka|kha|kk|kl|km|kn|ko|kri|ku|ky|la|lb|lg|ln|lo|lt|lua|luo|lv|mfe|mg|mi|mk|ml|mn|mr|ms|mt|my|ne|new|nl|no|nso|ny|oc|om|or|os|pa|pam|pl|ps|pt|pt-PT|qu|rn|ro|ru|rw|sa|sd|sg|si|sk|sl|sm|sn|so|sq|sr|ss|st|su|sv|sw|ta|te|tg|th|ti|tk|tn|to|tr|ts|tt|tum|ug|uk|ur|uz|ve|vi|war|wo|xh|yi|yo|zh-Hans|zh-Hant|zu,False,False,4,rejected,too_short_for_release_depth
RXAvPjawlkY,https://www.youtube.com/watch?v=RXAvPjawlkY,טיז אזלמה-ראס מועכף-טבק אום קוניס-ראש טור -רכיבת אופנועים,משה טיולי שטח Moto Tours,he,navigation,204,public,True,93,True,0,True,aa|ab|af|ak|am|ar|as|ay|az|ba|be|bg|bho|bn|bo|br|bs|ca|ceb|co|crs|cs|cy|da|de|dv|dz|ee|el|en|en-orig|eo|es|et|eu|fa|fi|fil|fj|fo|fr|fy|ga|gaa|gd|gl|gn|gu|gv|ha|haw|hi|hmn|hr|ht|hu|hy|id|ig|is|it|iu|iw|ja|jv|ka|kha|kk|kl|km|kn|ko|kri|ku|ky|la|lb|lg|ln|lo|lt|lua|luo|lv|mfe|mg|mi|mk|ml|mn|mr|ms|mt|my|ne|new|nl|no|nso|ny|oc|om|or|os|pa|pam|pl|ps|pt|pt-PT|qu|rn|ro|ru|rw|sa|sd|sg|si|sk|sl|sm|sn|so|sq|sr|ss|st|su|sv|sw|ta|te|tg|th|ti|tk|tn|to|tr|ts|tt|tum|ug|uk|ur|uz|ve|vi|war|wo|xh|yi|yo|zh-Hans|zh-Hant|zu,False,False,5,eligible_for_content_review,caption_tracks=157
uf7L_H6I3lE,https://www.youtube.com/watch?v=uf7L_H6I3lE,מעבר המכוך - אופנועי שטח,משה טיולי שטח Moto Tours,he,mud,1076,public,True,139,True,0,True,,False,False,2,rejected,no_chapters_or_captions_for_content_evidence
xDIQPsq1kSk,https://www.youtube.com/watch?v=xDIQPsq1kSk,מסע אופנועי שטח דו יומי מבת שלמה לגולן והגליל,ADV Moto Life,he,lifting,1775,public,True,543,True,8,True,,False,False,5,rejected,title_indicates_non_instructional_or_promotional_content
FXZLg82hwnU,https://www.youtube.com/watch?v=FXZLg82hwnU,מה עושים אם מגיעים לפנייה או סיבוב ומגלים שהגענו מהר מדי? כל התשובות בסרטון.,משה פרחי - רכיבה מתקדמת,he,advanced_training,148,public,True,370,True,0,True,,False,True,4,rejected,no_chapters_or_captions_for_content_evidence
_0ajYJOe-LQ,https://www.youtube.com/watch?v=_0ajYJOe-LQ,קורס רכיבה לאופנועים וקטנועים במגרש סגור וסטרילי - PRO1,ProRiding Israel,he,school_seed,250,public,True,364,True,0,True,,False,True,4,rejected,no_chapters_or_captions_for_content_evidence
NJtlZvGq7m8,https://www.youtube.com/watch?v=NJtlZvGq7m8,אדוונצ'ר נגד המוחרקה,Wild Adventures - Itay Dor,he,gravel,2206,public,True,699,True,0,True,aa|ab|af|ak|am|ar|as|ay|az|ba|be|bg|bho|bn|bo|br|bs|ca|ceb|co|crs|cs|cy|da|de|dv|dz|ee|el|en|eo|es|et|eu|fa|fi|fil|fj|fo|fr|fy|ga|gaa|gd|gl|gn|gu|gv|ha|haw|hi|hmn|hr|ht|hu|hy|id|ig|is|it|iu|iw|iw-orig|ja|jv|ka|kha|kk|kl|km|kn|ko|kri|ku|ky|la|lb|lg|ln|lo|lt|lua|luo|lv|mfe|mg|mi|mk|ml|mn|mr|ms|mt|my|ne|new|nl|no|nso|ny|oc|om|or|os|pa|pam|pl|ps|pt|pt-PT|qu|rn|ro|ru|rw|sa|sd|sg|si|sk|sl|sm|sn|so|sq|sr|ss|st|su|sv|sw|ta|te|tg|th|ti|tk|tn|to|tr|ts|tt|tum|ug|uk|ur|uz|ve|vi|war|wo|xh|yi|yo|zh-Hans|zh-Hant|zu,False,False,5,eligible_for_content_review,caption_tracks=157
4g26zZNA7Tg,https://www.youtube.com/watch?v=4g26zZNA7Tg,פול טארס בישראל: הדרכת מתקדמים,ADV Moto Life,he,channel_seed,1452,public,True,191,True,0,True,aa|ab|af|ak|am|ar|as|ay|az|ba|be|bg|bho|bn|bo|br|bs|ca|ceb|co|crs|cs|cy|da|de|dv|dz|ee|el|en|eo|es|et|eu|fa|fi|fil|fj|fo|fr|fy|ga|gaa|gd|gl|gn|gu|gv|ha|haw|hi|hmn|hr|ht|hu|hy|id|ig|is|it|iu|iw|iw-orig|ja|jv|ka|kha|kk|kl|km|kn|ko|kri|ku|ky|la|lb|lg|ln|lo|lt|lua|luo|lv|mfe|mg|mi|mk|ml|mn|mr|ms|mt|my|ne|new|nl|no|nso|ny|oc|om|or|os|pa|pam|pl|ps|pt|pt-PT|qu|rn|ro|ru|rw|sa|sd|sg|si|sk|sl|sm|sn|so|sq|sr|ss|st|su|sv|sw|ta|te|tg|th|ti|tk|tn|to|tr|ts|tt|tum|ug|uk|ur|uz|ve|vi|war|wo|xh|yi|yo|zh-Hans|zh-Hant|zu,False,True,7,eligible_for_content_review,caption_tracks=157; professional_source_signal
8aOyjmMvwmA,https://www.youtube.com/watch?v=8aOyjmMvwmA,😎 Next-Gen Dual-Sport 2026: 9 Wild Bikes Reviewed — Which One Wins? 🏆,Acer Rider,en,suspension,1481,public,True,2894,True,10,True,aa|ab|af|ak|am|ar|as|ay|az|ba|be|bg|bho|bn|bo|br|bs|ca|ceb|co|crs|cs|cy|da|de|dv|dz|ee|el|en|en-orig|eo|es|et|eu|fa|fi|fil|fj|fo|fr|fy|ga|gaa|gd|gl|gn|gu|gv|ha|haw|hi|hmn|hr|ht|hu|hy|id|ig|is|it|iu|iw|ja|jv|ka|kha|kk|kl|km|kn|ko|kri|ku|ky|la|lb|lg|ln|lo|lt|lua|luo|lv|mfe|mg|mi|mk|ml|mn|mr|ms|mt|my|ne|new|nl|no|nso|ny|oc|om|or|os|pa|pam|pl|ps|pt|pt-PT|qu|rn|ro|ru|rw|sa|sd|sg|si|sk|sl|sm|sn|so|sq|sr|ss|st|su|sv|sw|ta|te|tg|th|ti|tk|tn|to|tr|ts|tt|tum|ug|uk|ur|uz|ve|vi|war|wo|xh|yi|yo|zh-Hans|zh-Hant|zu,False,False,8,eligible_for_content_review,youtube_chapters=10; caption_tracks=157
vaSAm7raUmU,https://www.youtube.com/watch?v=vaSAm7raUmU,The Easiest U-Turn Trick They Never Teach You,Autozium,en,u_turn,704,public,True,1935,True,0,True,aa|ab|af|ak|am|ar|as|ay|az|ba|be|bg|bho|bn|bo|br|bs|ca|ceb|co|crs|cs|cy|da|de|dv|dz|ee|el|en|en-orig|eo|es|et|eu|fa|fi|fil|fj|fo|fr|fy|ga|gaa|gd|gl|gn|gu|gv|ha|haw|hi|hmn|hr|ht|hu|hy|id|ig|is|it|iu|iw|ja|jv|ka|kha|kk|kl|km|kn|ko|kri|ku|ky|la|lb|lg|ln|lo|lt|lua|luo|lv|mfe|mg|mi|mk|ml|mn|mr|ms|mt|my|ne|new|nl|no|nso|ny|oc|om|or|os|pa|pam|pl|ps|pt|pt-PT|qu|rn|ro|ru|rw|sa|sd|sg|si|sk|sl|sm|sn|so|sq|sr|ss|st|su|sv|sw|ta|te|tg|th|ti|tk|tn|to|tr|ts|tt|tum|ug|uk|ur|uz|ve|vi|war|wo|xh|yi|yo|zh-Hans|zh-Hant|zu,False,False,6,eligible_for_content_review,caption_tracks=157
ChjYX_SAhx8,https://www.youtube.com/watch?v=ChjYX_SAhx8,הדרכת  רכיבת שטח - אנדורו עם אלוף הארץ סוף סלע בחסות KTM,"Doron Aviad: Enduro, MMA, Ski",he,water_crossing,809,public,True,1473,True,0,True,live_chat,True,True,6,eligible_for_content_review,caption_tracks=1; professional_source_signal; marketing_signal_present
yc647KP8XFE,https://www.youtube.com/watch?v=yc647KP8XFE,איך לשטוף אופנוע שטח,EFM Sports,he,mud,487,public,True,260,True,0,True,,False,False,2,rejected,no_chapters_or_captions_for_content_evidence
f-8RzryKY8Y,https://www.youtube.com/watch?v=f-8RzryKY8Y,איך לשרוד על הכביש עם אופנוע- בלמים,Maticycles,he,urban_hazards,616,public,True,0,True,0,True,,False,False,1,rejected,description_missing; no_chapters_or_captions_for_content_evidence
VOGyP6IYwhU,https://www.youtube.com/watch?v=VOGyP6IYwhU,בדיקת אופנוע לפני קנייה .,Moto Lamed,he,pre_ride,649,public,True,354,True,0,True,aa|ab|af|ak|am|ar|as|ay|az|ba|be|bg|bho|bn|bo|br|bs|ca|ceb|co|crs|cs|cy|da|de|dv|dz|ee|el|en|eo|es|et|eu|fa|fi|fil|fj|fo|fr|fy|ga|gaa|gd|gl|gn|gu|gv|ha|haw|hi|hmn|hr|ht|hu|hy|id|ig|is|it|iu|iw|iw-orig|ja|jv|ka|kha|kk|kl|km|kn|ko|kri|ku|ky|la|lb|lg|ln|lo|lt|lua|luo|lv|mfe|mg|mi|mk|ml|mn|mr|ms|mt|my|ne|new|nl|no|nso|ny|oc|om|or|os|pa|pam|pl|ps|pt|pt-PT|qu|rn|ro|ru|rw|sa|sd|sg|si|sk|sl|sm|sn|so|sq|sr|ss|st|su|sv|sw|ta|te|tg|th|ti|tk|tn|to|tr|ts|tt|tum|ug|uk|ur|uz|ve|vi|war|wo|xh|yi|yo|zh-Hans|zh-Hant|zu,False,False,5,eligible_for_content_review,caption_tracks=157
4bcvJGEQuOQ,https://www.youtube.com/watch?v=4bcvJGEQuOQ,אלפינסטארס טק אייר בישראל - נציג החברה בראיון במוטו דוגרי,Moto Magazine,he,tires,370,public,True,124,True,0,True,aa|ab|af|ak|am|ar|as|ay|az|ba|be|bg|bho|bn|bo|br|bs|ca|ceb|co|crs|cs|cy|da|de|dv|dz|ee|el|en|en-orig|eo|es|et|eu|fa|fi|fil|fj|fo|fr|fy|ga|gaa|gd|gl|gn|gu|gv|ha|haw|hi|hmn|hr|ht|hu|hy|id|ig|is|it|iu|iw|ja|jv|ka|kha|kk|kl|km|kn|ko|kri|ku|ky|la|lb|lg|ln|lo|lt|lua|luo|lv|mfe|mg|mi|mk|ml|mn|mr|ms|mt|my|ne|new|nl|no|nso|ny|oc|om|or|os|pa|pam|pl|ps|pt|pt-PT|qu|rn|ro|ru|rw|sa|sd|sg|si|sk|sl|sm|sn|so|sq|sr|ss|st|su|sv|sw|ta|te|tg|th|ti|tk|tn|to|tr|ts|tt|tum|ug|uk|ur|uz|ve|vi|war|wo|xh|yi|yo|zh-Hans|zh-Hant|zu,False,False,5,eligible_for_content_review,caption_tracks=157
MSLfEnMJLrY,https://www.youtube.com/watch?v=MSLfEnMJLrY,הדרכת מעבר מכשולים של קובי חמד  Enduro Training Kobi Hemed,Nati Hadad Professional Photography,he,obstacles,1097,public,True,44,True,0,True,,False,True,4,rejected,no_chapters_or_captions_for_content_evidence
Rmd7mV_a_i8,https://www.youtube.com/watch?v=Rmd7mV_a_i8,How to Ride Safely at Night on a Sportbike1,Relishlife,en,night,607,public,True,3445,True,0,True,aa|ab|af|ak|am|ar|as|ay|az|ba|be|bg|bho|bn|bo|br|bs|ca|ceb|co|crs|cs|cy|da|de|dv|dz|ee|el|en|en-orig|eo|es|et|eu|fa|fi|fil|fj|fo|fr|fy|ga|gaa|gd|gl|gn|gu|gv|ha|haw|hi|hmn|hr|ht|hu|hy|id|ig|is|it|iu|iw|ja|jv|ka|kha|kk|kl|km|kn|ko|kri|ku|ky|la|lb|lg|ln|lo|lt|lua|luo|lv|mfe|mg|mi|mk|ml|mn|mr|ms|mt|my|ne|new|nl|no|nso|ny|oc|om|or|os|pa|pam|pl|ps|pt|pt-PT|qu|rn|ro|ru|rw|sa|sd|sg|si|sk|sl|sm|sn|so|sq|sr|ss|st|su|sv|sw|ta|te|tg|th|ti|tk|tn|to|tr|ts|tt|tum|ug|uk|ur|uz|ve|vi|war|wo|xh|yi|yo|zh-Hans|zh-Hant|zu,False,True,8,eligible_for_content_review,caption_tracks=157; professional_source_signal
Dg6VR8FPAoY,https://www.youtube.com/watch?v=Dg6VR8FPAoY,This Might Be the Best Off-Road Riding in the World - Tasmania - Part 1 with Ultimate Cape Escape,The Girl On A Bike,en,fatigue,1627,public,True,3789,True,8,True,aa|ab|af|ak|am|ar|as|ay|az|ba|be|bg|bho|bn|bo|br|bs|ca|ceb|co|crs|cs|cy|da|de|dv|dz|ee|el|en|en-orig|eo|es|et|eu|fa|fi|fil|fj|fo|fr|fy|ga|gaa|gd|gl|gn|gu|gv|ha|haw|hi|hmn|hr|ht|hu|hy|id|ig|is|it|iu|iw|ja|jv|ka|kha|kk|kl|km|kn|ko|kri|ku|ky|la|lb|lg|live_chat|ln|lo|lt|lua|luo|lv|mfe|mg|mi|mk|ml|mn|mr|ms|mt|my|ne|new|nl|no|nso|ny|oc|om|or|os|pa|pam|pl|ps|pt|pt-PT|qu|rn|ro|ru|rw|sa|sd|sg|si|sk|sl|sm|sn|so|sq|sr|ss|st|su|sv|sw|ta|te|tg|th|ti|tk|tn|to|tr|ts|tt|tum|ug|uk|ur|uz|ve|vi|war|wo|xh|yi|yo|zh-Hans|zh-Hant|zu,True,False,6,eligible_for_content_review,youtube_chapters=8; caption_tracks=158; marketing_signal_present
ujNXxOrsMrI,https://www.youtube.com/watch?v=ujNXxOrsMrI,תאונת אופנוע וטרקטורון Motorcycle And ATV Accident 12/8/16,avior,he,recovery,15,public,True,50,True,0,True,,False,False,1,rejected,too_short_for_release_depth; no_chapters_or_captions_for_content_evidence
MUS50DTNBgI,https://www.youtube.com/watch?v=MUS50DTNBgI,היגוי הפוך,dark zedd,he,countersteering,619,public,True,32,True,0,True,,False,False,2,rejected,no_chapters_or_captions_for_content_evidence
Y9D-PPxI-jo,https://www.youtube.com/watch?v=Y9D-PPxI-jo,מבחן בטיחות וסקירה למיגון מתנפח אפוד מתנפח ותיק גב מתנפח של חברת MOTOAIRBAG האיטלקית,freesbe מטרו,he,protective_gear,178,public,True,0,True,0,True,,False,False,1,rejected,description_missing; no_chapters_or_captions_for_content_evidence; title_indicates_non_instructional_or_promotional_content
_jfkeh4b2ks,https://www.youtube.com/watch?v=_jfkeh4b2ks,שרשרת לאופנוע - טיפים והמלצות לשימון וכיוון שרשרת,אתר מידרג,he,maintenance,133,public,True,293,True,0,True,iw,False,False,5,eligible_for_content_review,caption_tracks=1
Nix5yh2r-04,https://www.youtube.com/watch?v=Nix5yh2r-04,מדריך בייקס - כיצד להחליף פנימית,בייקס - byx.co.il,he,puncture,218,public,True,243,True,0,True,aa|ab|af|ak|am|ar|as|ay|az|ba|be|bg|bho|bn|bo|br|bs|ca|ceb|co|crs|cs|cy|da|de|dv|dz|ee|el|en|eo|es|et|eu|fa|fi|fil|fj|fo|fr|fy|ga|gaa|gd|gl|gn|gu|gv|ha|haw|hi|hmn|hr|ht|hu|hy|id|ig|is|it|iu|iw|iw-orig|ja|jv|ka|kha|kk|kl|km|kn|ko|kri|ku|ky|la|lb|lg|ln|lo|lt|lua|luo|lv|mfe|mg|mi|mk|ml|mn|mr|ms|mt|my|ne|new|nl|no|nso|ny|oc|om|or|os|pa|pam|pl|ps|pt|pt-PT|qu|rn|ro|ru|rw|sa|sd|sg|si|sk|sl|sm|sn|so|sq|sr|ss|st|su|sv|sw|ta|te|tg|th|ti|tk|tn|to|tr|ts|tt|tum|ug|uk|ur|uz|ve|vi|war|wo|xh|yi|yo|zh-Hans|zh-Hant|zu,False,True,7,eligible_for_content_review,caption_tracks=157; professional_source_signal
tG3Z2jqkjcU,https://www.youtube.com/watch?v=tG3Z2jqkjcU,מה זה מבחן שליטה לאופנוע? | בית ספר לנהיגה נתיבים,בית ספר לנהיגה נתיבים,he,slow_control,14,public,True,0,True,0,True,,False,True,2,rejected,too_short_for_release_depth; description_missing; no_chapters_or_captions_for_content_evidence; title_indicates_non_instructional_or_promotional_content
g8LTT8UBvmE,https://www.youtube.com/watch?v=g8LTT8UBvmE,איך מנפיקים לוחית רישוי לקורקינט חשמלי ואופניים חשמליים? | רישום והתקנת לוחית זיהוי על כלי חשמלי,הרשות הלאומית לבטיחות בדרכים,he,safety_body,57,public,True,948,True,0,True,aa|ab|af|ak|am|ar|as|ay|az|ba|be|bg|bho|bn|bo|br|bs|ca|ceb|co|crs|cs|cy|da|de|dv|dz|ee|el|en|eo|es|et|eu|fa|fi|fil|fj|fo|fr|fy|ga|gaa|gd|gl|gn|gu|gv|ha|haw|hi|hmn|hr|ht|hu|hy|id|ig|is|it|iu|iw|iw-orig|ja|jv|ka|kha|kk|kl|km|kn|ko|kri|ku|ky|la|lb|lg|ln|lo|lt|lua|luo|lv|mfe|mg|mi|mk|ml|mn|mr|ms|mt|my|ne|new|nl|no|nso|ny|oc|om|or|os|pa|pam|pl|ps|pt|pt-PT|qu|rn|ro|ru|rw|sa|sd|sg|si|sk|sl|sm|sn|so|sq|sr|ss|st|su|sv|sw|ta|te|tg|th|ti|tk|tn|to|tr|ts|tt|tum|ug|uk|ur|uz|ve|vi|war|wo|xh|yi|yo|zh-Hans|zh-Hant|zu,False,True,7,rejected,too_short_for_release_depth
7OQxC1D0cdY,https://www.youtube.com/watch?v=7OQxC1D0cdY,טיפים לפני טסט אופנוע - כרמל תחבורה,כרמל תחבורה 2005 בע״מ,he,cornering,842,public,True,1383,True,0,True,,True,False,1,rejected,no_chapters_or_captions_for_content_evidence; title_indicates_non_instructional_or_promotional_content
DSbsGr1txnU,https://www.youtube.com/watch?v=DSbsGr1txnU,מתחילים במדבר- רכיבה למתחילים #7,משה טיולי שטח Moto Tours,he,navigation,174,public,True,250,True,0,True,aa|ab|af|ak|am|ar|as|ay|az|ba|be|bg|bho|bn|bo|br|bs|ca|ceb|co|crs|cs|cy|da|de|dv|dz|ee|el|en|en-orig|eo|es|et|eu|fa|fi|fil|fj|fo|fr|fy|ga|gaa|gd|gl|gn|gu|gv|ha|haw|hi|hmn|hr|ht|hu|hy|id|ig|is|it|iu|iw|ja|jv|ka|kha|kk|kl|km|kn|ko|kri|ku|ky|la|lb|lg|ln|lo|lt|lua|luo|lv|mfe|mg|mi|mk|ml|mn|mr|ms|mt|my|ne|new|nl|no|nso|ny|oc|om|or|os|pa|pam|pl|ps|pt|pt-PT|qu|rn|ro|ru|rw|sa|sd|sg|si|sk|sl|sm|sn|so|sq|sr|ss|st|su|sv|sw|ta|te|tg|th|ti|tk|tn|to|tr|ts|tt|tum|ug|uk|ur|uz|ve|vi|war|wo|xh|yi|yo|zh-Hans|zh-Hant|zu,False,False,5,eligible_for_content_review,caption_tracks=157
gasnoxJav_U,https://www.youtube.com/watch?v=gasnoxJav_U,משה פרחי ממליץ: רכיבה בתקופת הסתיו והחורף,משה פרחי - רכיבה מתקדמת,he,rain,74,public,True,200,True,0,True,,False,True,3,rejected,no_chapters_or_captions_for_content_evidence
0gCrcRz7dd0,https://www.youtube.com/watch?v=0gCrcRz7dd0,ביטוח לאופנועים ולרוכבים - כפיר לוין מפרוריידינג מסביר,ProRiding Israel,he,group_riding,216,public,True,286,True,0,True,,False,True,4,rejected,no_chapters_or_captions_for_content_evidence
aQE9gcT-g1k,https://www.youtube.com/watch?v=aQE9gcT-g1k,עליית מדרגה ברכיבה,Cohen Adventure (‫צביקה כהן השטח‬‎),he,obstacles,130,public,True,117,True,0,True,,False,False,2,rejected,no_chapters_or_captions_for_content_evidence
QK2DiSGr6N4,https://www.youtube.com/watch?v=QK2DiSGr6N4,הדרכת בלימה והיגוי (יוסי),MOTO-SHER,,emergency_braking,67,public,True,0,True,0,True,aa|ab|af|ak|am|ar|as|ay|az|ba|be|bg|bho|bn|bo|br|bs|ca|ceb|co|crs|cs|cy|da|de|dv|dz|ee|el|en|eo|es|et|eu|fa|fi|fil|fj|fo|fr|fy|ga|gaa|gd|gl|gn|gu|gv|ha|haw|hi|hmn|hr|ht|hu|hy|id|ig|is|it|iu|iw|ja|jv|ka|kha|kk|kl|km|kn|ko|kri|ku|ky|la|lb|lg|ln|lo|lt|lua|luo|lv|mfe|mg|mi|mk|ml|mn|mr|ms|mt|my|ne|new|nl|no|nso|ny|oc|om|or|os|pa|pam|pl|ps|pt|pt-PT|pt-orig|qu|rn|ro|ru|rw|sa|sd|sg|si|sk|sl|sm|sn|so|sq|sr|ss|st|su|sv|sw|ta|te|tg|th|ti|tk|tn|to|tr|ts|tt|tum|ug|uk|ur|uz|ve|vi|war|wo|xh|yi|yo|zh-Hans|zh-Hant|zu,False,False,3,rejected,unsupported_declared_language=pt; description_missing
GnnNDtSXvlM,https://www.youtube.com/watch?v=GnnNDtSXvlM,הדרכת אופנועים חשמליים עם טים קולמן,ADV Moto Life,he,channel_seed,1247,public,True,422,True,0,True,aa|ab|af|ak|am|ar|as|ay|az|ba|be|bg|bho|bn|bo|br|bs|ca|ceb|co|crs|cs|cy|da|de|dv|dz|ee|el|en|eo|es|et|eu|fa|fi|fil|fj|fo|fr|fy|ga|gaa|gd|gl|gn|gu|gv|ha|haw|hi|hmn|hr|ht|hu|hy|id|ig|is|it|iu|iw|iw-orig|ja|jv|ka|kha|kk|kl|km|kn|ko|kri|ku|ky|la|lb|lg|ln|lo|lt|lua|luo|lv|mfe|mg|mi|mk|ml|mn|mr|ms|mt|my|ne|new|nl|no|nso|ny|oc|om|or|os|pa|pam|pl|ps|pt|pt-PT|qu|rn|ro|ru|rw|sa|sd|sg|si|sk|sl|sm|sn|so|sq|sr|ss|st|su|sv|sw|ta|te|tg|th|ti|tk|tn|to|tr|ts|tt|tum|ug|uk|ur|uz|ve|vi|war|wo|xh|yi|yo|zh-Hans|zh-Hant|zu,False,True,8,eligible_for_content_review,caption_tracks=157; professional_source_signal
Gv0K-5MbFlM,https://www.youtube.com/watch?v=Gv0K-5MbFlM,CFMoto 1000MT X 2026 🏍️,Aires Communication,en,tires,169,public,True,2162,True,0,True,aa|ab|af|ak|am|ar|as|ay|az|ba|be|bg|bho|bn|bo|br|bs|ca|ceb|co|crs|cs|cy|da|de|dv|dz|ee|el|en|en-orig|eo|es|et|eu|fa|fi|fil|fj|fo|fr|fy|ga|gaa|gd|gl|gn|gu|gv|ha|haw|hi|hmn|hr|ht|hu|hy|id|ig|is|it|iu|iw|ja|jv|ka|kha|kk|kl|km|kn|ko|kri|ku|ky|la|lb|lg|ln|lo|lt|lua|luo|lv|mfe|mg|mi|mk|ml|mn|mr|ms|mt|my|ne|new|nl|no|nso|ny|oc|om|or|os|pa|pam|pl|ps|pt|pt-PT|qu|rn|ro|ru|rw|sa|sd|sg|si|sk|sl|sm|sn|so|sq|sr|ss|st|su|sv|sw|ta|te|tg|th|ti|tk|tn|to|tr|ts|tt|tum|ug|uk|ur|uz|ve|vi|war|wo|xh|yi|yo|zh-Hans|zh-Hant|zu,False,False,6,eligible_for_content_review,caption_tracks=157
Qx6G0gkQ048,https://www.youtube.com/watch?v=Qx6G0gkQ048,ASK Ralbad | איך רוכבים בגשם ועל כביש רטוב?,Ask Ralbad,he,rain,121,public,True,74,True,0,True,iw,False,True,7,eligible_for_content_review,caption_tracks=1; professional_source_signal
W4n81NgcRDg,https://www.youtube.com/watch?v=W4n81NgcRDg,ASK Ralbad | איך לבצע היגוי נגדי באופנוע?,Ask Ralbad,he,countersteering,43,public,True,74,True,0,True,iw,False,True,6,rejected,too_short_for_release_depth
gbhwSkmGLPA,https://www.youtube.com/watch?v=gbhwSkmGLPA,2 רוכבים מתחילים נגד הר הזבל 😅 | אימון שטח למתחילים,Ben S. (bflance),he,offroad_basics,4561,public,True,554,True,0,True,aa|ab|af|ak|am|ar|as|ay|az|ba|be|bg|bho|bn|bo|br|bs|ca|ceb|co|crs|cs|cy|da|de|dv|dz|ee|el|en|eo|es|et|eu|fa|fi|fil|fj|fo|fr|fy|ga|gaa|gd|gl|gn|gu|gv|ha|haw|hi|hmn|hr|ht|hu|hy|id|ig|is|it|iu|iw|iw-orig|ja|jv|ka|kha|kk|kl|km|kn|ko|kri|ku|ky|la|lb|lg|ln|lo|lt|lua|luo|lv|mfe|mg|mi|mk|ml|mn|mr|ms|mt|my|ne|new|nl|no|nso|ny|oc|om|or|os|pa|pam|pl|ps|pt|pt-PT|qu|rn|ro|ru|rw|sa|sd|sg|si|sk|sl|sm|sn|so|sq|sr|ss|st|su|sv|sw|ta|te|tg|th|ti|tk|tn|to|tr|ts|tt|tum|ug|uk|ur|uz|ve|vi|war|wo|xh|yi|yo|zh-Hans|zh-Hant|zu,False,True,7,eligible_for_content_review,caption_tracks=157; professional_source_signal
ocnwJzDRxY8,https://www.youtube.com/watch?v=ocnwJzDRxY8,שמיניות 8️⃣,Daniel Zino,,slow_control,31,public,True,0,True,0,True,,False,False,0,rejected,language_not_verifiable_as_he_or_en; too_short_for_release_depth; description_missing; no_chapters_or_captions_for_content_evidence
0sfdui8MXUA,https://www.youtube.com/watch?v=0sfdui8MXUA,רכיבה ראשונה על אופנועי האנדורו של גאס גאס,FullgaZ Magazine,he,water_crossing,265,public,True,438,True,0,True,,False,False,3,rejected,no_chapters_or_captions_for_content_evidence; title_indicates_non_instructional_or_promotional_content
nCfu6Iq4BmU,https://www.youtube.com/watch?v=nCfu6Iq4BmU,"לרדת את מעלה יבנאל עם אופנוע, סוכות 2022",Ilan Levi,he,gravel,254,public,True,0,True,0,True,,False,False,1,rejected,description_missing; no_chapters_or_captions_for_content_evidence
GMSLY97QQIc,https://www.youtube.com/watch?v=GMSLY97QQIc,I Took a Motorcycle on Germany’s Autobahn…,Jay Jankulovski,en,fatigue,1372,public,True,2082,True,12,True,aa|ab|af|ak|am|ar|as|ay|az|ba|be|bg|bho|bn|bo|br|bs|ca|ceb|co|crs|cs|cy|da|de|dv|dz|ee|el|en|en-orig|eo|es|et|eu|fa|fi|fil|fj|fo|fr|fy|ga|gaa|gd|gl|gn|gu|gv|ha|haw|hi|hmn|hr|ht|hu|hy|id|ig|is|it|iu|iw|ja|jv|ka|kha|kk|kl|km|kn|ko|kri|ku|ky|la|lb|lg|ln|lo|lt|lua|luo|lv|mfe|mg|mi|mk|ml|mn|mr|ms|mt|my|ne|new|nl|no|nso|ny|oc|om|or|os|pa|pam|pl|ps|pt|pt-PT|qu|rn|ro|ru|rw|sa|sd|sg|si|sk|sl|sm|sn|so|sq|sr|ss|st|su|sv|sw|ta|te|tg|th|ti|tk|tn|to|tr|ts|tt|tum|ug|uk|ur|uz|ve|vi|war|wo|xh|yi|yo|zh-Hans|zh-Hant|zu,True,False,6,eligible_for_content_review,youtube_chapters=12; caption_tracks=157; marketing_signal_present
zj_89qfRSkw,https://www.youtube.com/watch?v=zj_89qfRSkw,! רכיבה מתקדמת! כל מה שרציתם לדעת על קורס רכיבה מתקדמת,Moto Lamed,he,advanced_training,820,public,True,131,True,0,True,,False,False,2,rejected,no_chapters_or_captions_for_content_evidence
8sbwt5W14kM,https://www.youtube.com/watch?v=8sbwt5W14kM,5 U-Turn Drills Every Rider Should Practice,Motorcycle Training Concepts,en,u_turn,320,public,True,4571,True,0,True,aa|ab|af|ak|am|ar|as|ay|az|ba|be|bg|bho|bn|bo|br|bs|ca|ceb|co|crs|cs|cy|da|de|dv|dz|ee|el|en|en-orig|eo|es|et|eu|fa|fi|fil|fj|fo|fr|fy|ga|gaa|gd|gl|gn|gu|gv|ha|haw|hi|hmn|hr|ht|hu|hy|id|ig|is|it|iu|iw|ja|jv|ka|kha|kk|kl|km|kn|ko|kri|ku|ky|la|lb|lg|ln|lo|lt|lua|luo|lv|mfe|mg|mi|mk|ml|mn|mr|ms|mt|my|ne|new|nl|no|nso|ny|oc|om|or|os|pa|pam|pl|ps|pt|pt-PT|qu|rn|ro|ru|rw|sa|sd|sg|si|sk|sl|sm|sn|so|sq|sr|ss|st|su|sv|sw|ta|te|tg|th|ti|tk|tn|to|tr|ts|tt|tum|ug|uk|ur|uz|ve|vi|war|wo|xh|yi|yo|zh-Hans|zh-Hant|zu,True,True,6,eligible_for_content_review,caption_tracks=157; professional_source_signal; marketing_signal_present
5d96LXhQPxA,https://www.youtube.com/watch?v=5d96LXhQPxA,נושא הדרכות הרכיבה לאופנועים בכתבה של ערד ניר בערוץ 12,ProRiding Israel,he,safety_body,147,public,True,602,True,0,True,aa|ab|af|ak|am|ar|as|ay|az|ba|be|bg|bho|bn|bo|br|bs|ca|ceb|co|crs|cs|cy|da|de|dv|dz|ee|el|en|eo|es|et|eu|fa|fi|fil|fj|fo|fr|fy|ga|gaa|gd|gl|gn|gu|gv|ha|haw|hi|hmn|hr|ht|hu|hy|id|ig|is|it|iu|iw|iw-orig|ja|jv|ka|kha|kk|kl|km|kn|ko|kri|ku|ky|la|lb|lg|ln|lo|lt|lua|luo|lv|mfe|mg|mi|mk|ml|mn|mr|ms|mt|my|ne|new|nl|no|nso|ny|oc|om|or|os|pa|pam|pl|ps|pt|pt-PT|qu|rn|ro|ru|rw|sa|sd|sg|si|sk|sl|sm|sn|so|sq|sr|ss|st|su|sv|sw|ta|te|tg|th|ti|tk|tn|to|tr|ts|tt|tum|ug|uk|ur|uz|ve|vi|war|wo|xh|yi|yo|zh-Hans|zh-Hant|zu,False,True,8,eligible_for_content_review,caption_tracks=157; professional_source_signal
gNlX7HTbKlk,https://www.youtube.com/watch?v=gNlX7HTbKlk,פרוריידינג - הדרכות רכיבה לכולם!,ProRiding Israel,he,school_seed,53,public,True,167,True,0,True,aa|ab|af|ak|am|ar|as|ay|az|ba|be|bg|bho|bn|bo|br|bs|ca|ceb|co|crs|cs|cy|da|de|dv|dz|ee|el|en|en-orig|eo|es|et|eu|fa|fi|fil|fj|fo|fr|fy|ga|gaa|gd|gl|gn|gu|gv|ha|haw|hi|hmn|hr|ht|hu|hy|id|ig|is|it|iu|iw|ja|jv|ka|kha|kk|kl|km|kn|ko|kri|ku|ky|la|lb|lg|ln|lo|lt|lua|luo|lv|mfe|mg|mi|mk|ml|mn|mr|ms|mt|my|ne|new|nl|no|nso|ny|oc|om|or|os|pa|pam|pl|ps|pt|pt-PT|qu|rn|ro|ru|rw|sa|sd|sg|si|sk|sl|sm|sn|so|sq|sr|ss|st|su|sv|sw|ta|te|tg|th|ti|tk|tn|to|tr|ts|tt|tum|ug|uk|ur|uz|ve|vi|war|wo|xh|yi|yo|zh-Hans|zh-Hant|zu,False,True,6,rejected,too_short_for_release_depth
-blfunHiGzg,https://www.youtube.com/watch?v=-blfunHiGzg,Country road riding demo |  Advanced riding | Motorcycle riding tips,Roadcraft Nottingham - Motorcycle Training,en,cornering,830,public,True,2357,True,20,True,aa|ab|af|ak|am|ar|as|ay|az|ba|be|bg|bho|bn|bo|br|bs|ca|ceb|co|crs|cs|cy|da|de|dv|dz|ee|el|en|en-orig|eo|es|et|eu|fa|fi|fil|fj|fo|fr|fy|ga|gaa|gd|gl|gn|gu|gv|ha|haw|hi|hmn|hr|ht|hu|hy|id|ig|is|it|iu|iw|ja|jv|ka|kha|kk|kl|km|kn|ko|kri|ku|ky|la|lb|lg|ln|lo|lt|lua|luo|lv|mfe|mg|mi|mk|ml|mn|mr|ms|mt|my|ne|new|nl|no|nso|ny|oc|om|or|os|pa|pam|pl|ps|pt|pt-PT|qu|rn|ro|ru|rw|sa|sd|sg|si|sk|sl|sm|sn|so|sq|sr|ss|st|su|sv|sw|ta|te|tg|th|ti|tk|tn|to|tr|ts|tt|tum|ug|uk|ur|uz|ve|vi|war|wo|xh|yi|yo|zh-Hans|zh-Hant|zu,False,True,10,eligible_for_content_review,youtube_chapters=20; caption_tracks=157; professional_source_signal
txzv1gyFlC0,https://www.youtube.com/watch?v=txzv1gyFlC0,עליות 4,Roee Ran,,hills,48,public,True,16,True,0,True,,False,False,1,rejected,language_not_verifiable_as_he_or_en; too_short_for_release_depth; no_chapters_or_captions_for_content_evidence
3rNBxtj8AkE,https://www.youtube.com/watch?v=3rNBxtj8AkE,SM26 - מיגון שווה לתחת!,SM26,he,protective_gear,799,public,True,1236,True,0,True,,False,False,3,rejected,no_chapters_or_captions_for_content_evidence
4D4VppOghj4,https://www.youtube.com/watch?v=4D4VppOghj4,היחידי שיודע.....,Shimron Shimron,he,lifting,62,public,True,38,True,0,True,aa|ab|af|ak|am|ar|ar-orig|as|ay|az|ba|be|bg|bho|bn|bo|br|bs|ca|ceb|co|crs|cs|cy|da|de|dv|dz|ee|el|en|eo|es|et|eu|fa|fi|fil|fj|fo|fr|fy|ga|gaa|gd|gl|gn|gu|gv|ha|haw|hi|hmn|hr|ht|hu|hy|id|ig|is|it|iu|iw|ja|jv|ka|kha|kk|kl|km|kn|ko|kri|ku|ky|la|lb|lg|ln|lo|lt|lua|luo|lv|mfe|mg|mi|mk|ml|mn|mr|ms|mt|my|ne|new|nl|no|nso|ny|oc|om|or|os|pa|pam|pl|ps|pt|pt-PT|qu|rn|ro|ru|rw|sa|sd|sg|si|sk|sl|sm|sn|so|sq|sr|ss|st|su|sv|sw|ta|te|tg|th|ti|tk|tn|to|tr|ts|tt|tum|ug|uk|ur|uz|ve|vi|war|wo|xh|yi|yo|zh-Hans|zh-Hant|zu,False,False,4,eligible_for_content_review,caption_tracks=157
-va4-vGZW_I,https://www.youtube.com/watch?v=-va4-vGZW_I,א.ש חילוץ אופנועים  058-4420044 052-2645155,Udi Levy,he,recovery,128,public,True,308,True,0,True,aa|ab|af|ak|am|ar|as|ay|az|ba|be|bg|bho|bn|bo|br|bs|ca|ceb|co|crs|cs|cy|da|de|dv|dz|ee|el|en|eo|es|et|eu|fa|fi|fil|fj|fo|fr|fy|ga|gaa|gd|gl|gn|gu|gv|ha|haw|hi|hmn|hr|ht|hu|hy|id|id-orig|ig|is|it|iu|iw|ja|jv|ka|kha|kk|kl|km|kn|ko|kri|ku|ky|la|lb|lg|ln|lo|lt|lua|luo|lv|mfe|mg|mi|mk|ml|mn|mr|ms|mt|my|ne|new|nl|no|nso|ny|oc|om|or|os|pa|pam|pl|ps|pt|pt-PT|qu|rn|ro|ru|rw|sa|sd|sg|si|sk|sl|sm|sn|so|sq|sr|ss|st|su|sv|sw|ta|te|tg|th|ti|tk|tn|to|tr|ts|tt|tum|ug|uk|ur|uz|ve|vi|war|wo|xh|yi|yo|zh-Hans|zh-Hant|zu,False,False,5,eligible_for_content_review,caption_tracks=157
ov7AqO_51iI,https://www.youtube.com/watch?v=ov7AqO_51iI,Night Driving Guide for Bike Riders | Safe Night Riding Tips | Youth Buddy,Youthbuddy,en,night,250,public,True,1139,True,0,True,aa|ab|af|ak|am|ar|as|ay|az|ba|be|bg|bho|bn|bo|br|bs|ca|ceb|co|crs|cs|cy|da|de|dv|dz|ee|el|en|en-orig|eo|es|et|eu|fa|fi|fil|fj|fo|fr|fy|ga|gaa|gd|gl|gn|gu|gv|ha|haw|hi|hmn|hr|ht|hu|hy|id|ig|is|it|iu|iw|ja|jv|ka|kha|kk|kl|km|kn|ko|kri|ku|ky|la|lb|lg|ln|lo|lt|lua|luo|lv|mfe|mg|mi|mk|ml|mn|mr|ms|mt|my|ne|new|nl|no|nso|ny|oc|om|or|os|pa|pam|pl|ps|pt|pt-PT|qu|rn|ro|ru|rw|sa|sd|sg|si|sk|sl|sm|sn|so|sq|sr|ss|st|su|sv|sw|ta|te|tg|th|ti|tk|tn|to|tr|ts|tt|tum|ug|uk|ur|uz|ve|vi|war|wo|xh|yi|yo|zh-Hans|zh-Hant|zu,False,True,8,eligible_for_content_review,caption_tracks=157; professional_source_signal
VEXqJUg5JCA,https://www.youtube.com/watch?v=VEXqJUg5JCA,שימון שרשרת באופנוע עם ג'ק צד בלבד,mailsgolan,he,maintenance,149,public,True,51,True,0,True,aa|ab|af|ak|am|ar|as|ay|az|ba|be|bg|bho|bn|bo|br|bs|ca|ceb|co|crs|cs|cy|da|de|dv|dz|ee|el|en|eo|es|et|eu|fa|fi|fil|fj|fo|fr|fy|ga|gaa|gd|gl|gn|gu|gv|ha|haw|hi|hmn|hr|ht|hu|hy|id|ig|is|it|iu|iw|ja|jv|ka|kha|kk|kl|km|kn|ko|kri|ku|ky|la|lb|lg|ln|lo|lt|lua|luo|lv|mfe|mg|mi|mk|ml|mn|mr|ms|mt|my|ne|new|nl|nl-orig|no|nso|ny|oc|om|or|os|pa|pam|pl|ps|pt|pt-PT|qu|rn|ro|ru|rw|sa|sd|sg|si|sk|sl|sm|sn|so|sq|sr|ss|st|su|sv|sw|ta|te|tg|th|ti|tk|tn|to|tr|ts|tt|tum|ug|uk|ur|uz|ve|vi|war|wo|xh|yi|yo|zh-Hans|zh-Hant|zu,False,False,5,eligible_for_content_review,caption_tracks=157
oBLdnYmRB_I,https://www.youtube.com/watch?v=oBLdnYmRB_I,ניב אופנועים - טיפים אודות הווריאטור,nivmoto,he,pre_ride,126,public,True,98,True,0,True,aa|ab|af|ak|am|ar|as|ay|az|ba|be|bg|bho|bn|bo|br|bs|ca|ceb|co|crs|cs|cy|da|de|dv|dz|ee|el|en|eo|es|et|eu|fa|fi|fil|fj|fo|fr|fy|ga|gaa|gd|gl|gn|gu|gv|ha|haw|hi|hmn|hr|ht|hu|hy|id|ig|is|it|iu|iw|iw-orig|ja|jv|ka|kha|kk|kl|km|kn|ko|kri|ku|ky|la|lb|lg|ln|lo|lt|lua|luo|lv|mfe|mg|mi|mk|ml|mn|mr|ms|mt|my|ne|new|nl|no|nso|ny|oc|om|or|os|pa|pam|pl|ps|pt|pt-PT|qu|rn|ro|ru|rw|sa|sd|sg|si|sk|sl|sm|sn|so|sq|sr|ss|st|su|sv|sw|ta|te|tg|th|ti|tk|tn|to|tr|ts|tt|tum|ug|uk|ur|uz|ve|vi|war|wo|xh|yi|yo|zh-Hans|zh-Hant|zu,False,False,5,eligible_for_content_review,caption_tracks=157
PbTz44_i8YE,https://www.youtube.com/watch?v=PbTz44_i8YE,פנצ'ר באופנוע - איך מתקנים פנצ'ר באופנוע וכמה זה עולה?,אתר מידרג,he,puncture,146,public,True,430,True,0,True,iw,False,False,6,eligible_for_content_review,caption_tracks=1
PMeQb643xoI,https://www.youtube.com/watch?v=PMeQb643xoI,אנדורו ביערות הכרמל - אופנועי שטח בבוץ,טל סנדרוני,he,mud,3600,public,True,69,True,0,True,,False,False,1,rejected,no_chapters_or_captions_for_content_evidence
IzNT9otV2IA,https://www.youtube.com/watch?v=IzNT9otV2IA,דרך עירונית מכונית סוטה לנתיב שלך ואופנוע מזגזג,לילך תיאוריה,he,urban_hazards,29,public,True,0,True,0,True,,False,False,0,rejected,too_short_for_release_depth; description_missing; no_chapters_or_captions_for_content_evidence
dBdoSMm5N5s,https://www.youtube.com/watch?v=dBdoSMm5N5s,"פוקס אנדורו - הדרכות רכיבה, עמידה והעברת משקל נכונה  - אריאל דדיה.",פוקס אנדורו - fox enduro,he,sand,705,public,True,95,True,0,True,aa|ab|af|ak|am|ar|as|ay|az|ba|be|bg|bho|bn|bo|br|bs|ca|ceb|co|crs|cs|cy|da|de|dv|dz|ee|el|en|eo|es|et|eu|fa|fi|fil|fj|fo|fr|fy|ga|gaa|gd|gl|gn|gu|gv|ha|haw|hi|hmn|hr|ht|hu|hy|id|ig|is|it|iu|iw|iw-orig|ja|jv|ka|kha|kk|kl|km|kn|ko|kri|ku|ky|la|lb|lg|ln|lo|lt|lua|luo|lv|mfe|mg|mi|mk|ml|mn|mr|ms|mt|my|ne|new|nl|no|nso|ny|oc|om|or|os|pa|pam|pl|ps|pt|pt-PT|qu|rn|ro|ru|rw|sa|sd|sg|si|sk|sl|sm|sn|so|sq|sr|ss|st|su|sv|sw|ta|te|tg|th|ti|tk|tn|to|tr|ts|tt|tum|ug|uk|ur|uz|ve|vi|war|wo|xh|yi|yo|zh-Hans|zh-Hant|zu,False,False,5,eligible_for_content_review,caption_tracks=157
EiicJgmx53Q,https://www.youtube.com/watch?v=EiicJgmx53Q,Emergency Braking from High Speed,Moto Control,en,emergency_braking,543,public,True,646,True,5,True,aa|ab|af|ak|am|ar|as|ay|az|ba|be|bg|bho|bn|bo|br|bs|ca|ceb|co|crs|cs|cy|da|de|dv|dz|ee|el|en|en-orig|eo|es|et|eu|fa|fi|fil|fj|fo|fr|fy|ga|gaa|gd|gl|gn|gu|gv|ha|haw|hi|hmn|hr|ht|hu|hy|id|ig|is|it|iu|iw|ja|jv|ka|kha|kk|kl|km|kn|ko|kri|ku|ky|la|lb|lg|ln|lo|lt|lua|luo|lv|mfe|mg|mi|mk|ml|mn|mr|ms|mt|my|ne|new|nl|no|nso|ny|oc|om|or|os|pa|pam|pl|ps|pt|pt-PT|qu|rn|ro|ru|rw|sa|sd|sg|si|sk|sl|sm|sn|so|sq|sr|ss|st|su|sv|sw|ta|te|tg|th|ti|tk|tn|to|tr|ts|tt|tum|ug|uk|ur|uz|ve|vi|war|wo|xh|yi|yo|zh-Hans|zh-Hant|zu,True,True,8,eligible_for_content_review,youtube_chapters=5; caption_tracks=157; professional_source_signal; marketing_signal_present
kYZQaPo2R7Q,https://www.youtube.com/watch?v=kYZQaPo2R7Q,קורסים לרכיבה מתקדמת על אופנועים,הרשות הלאומית לבטיחות בדרכים,he,group_riding,229,public,True,226,True,0,True,aa|ab|af|ak|am|ar|as|ay|az|ba|be|bg|bho|bn|bo|br|bs|ca|ceb|co|crs|cs|cy|da|de|dv|dz|ee|el|en|eo|es|et|eu|fa|fi|fil|fj|fo|fr|fy|ga|gaa|gd|gl|gn|gu|gv|ha|haw|hi|hmn|hr|ht|hu|hy|id|ig|is|it|iu|iw|iw-orig|ja|jv|ka|kha|kk|kl|km|kn|ko|kri|ku|ky|la|lb|lg|ln|lo|lt|lua|luo|lv|mfe|mg|mi|mk|ml|mn|mr|ms|mt|my|ne|new|nl|no|nso|ny|oc|om|or|os|pa|pam|pl|ps|pt|pt-PT|qu|rn|ro|ru|rw|sa|sd|sg|si|sk|sl|sm|sn|so|sq|sr|ss|st|su|sv|sw|ta|te|tg|th|ti|tk|tn|to|tr|ts|tt|tum|ug|uk|ur|uz|ve|vi|war|wo|xh|yi|yo|zh-Hans|zh-Hant|zu,False,True,7,eligible_for_content_review,caption_tracks=157; professional_source_signal
8RsJvOk1FvQ,https://www.youtube.com/watch?v=8RsJvOk1FvQ,Tight U-Turns Are Easy Once You Learn This Secret...,Autozium,en,u_turn,779,public,True,1593,True,0,True,aa|ab|af|ak|am|ar|as|ay|az|ba|be|bg|bho|bn|bo|br|bs|ca|ceb|co|crs|cs|cy|da|de|dv|dz|ee|el|en|en-orig|eo|es|et|eu|fa|fi|fil|fj|fo|fr|fy|ga|gaa|gd|gl|gn|gu|gv|ha|haw|hi|hmn|hr|ht|hu|hy|id|ig|is|it|iu|iw|ja|jv|ka|kha|kk|kl|km|kn|ko|kri|ku|ky|la|lb|lg|ln|lo|lt|lua|luo|lv|mfe|mg|mi|mk|ml|mn|mr|ms|mt|my|ne|new|nl|no|nso|ny|oc|om|or|os|pa|pam|pl|ps|pt|pt-PT|qu|rn|ro|ru|rw|sa|sd|sg|si|sk|sl|sm|sn|so|sq|sr|ss|st|su|sv|sw|ta|te|tg|th|ti|tk|tn|to|tr|ts|tt|tum|ug|uk|ur|uz|ve|vi|war|wo|xh|yi|yo|zh-Hans|zh-Hant|zu,False,True,8,eligible_for_content_review,caption_tracks=157; professional_source_signal
hVnR2QeRxTI,https://www.youtube.com/watch?v=hVnR2QeRxTI,8 Motorcycle Safety Tips Every Rider Over 50 Needs To Know,Autozium,en,fatigue,1070,public,True,1775,True,0,True,aa|ab|af|ak|am|ar|as|ay|az|ba|be|bg|bho|bn|bo|br|bs|ca|ceb|co|crs|cs|cy|da|de|dv|dz|ee|el|en|en-orig|eo|es|et|eu|fa|fi|fil|fj|fo|fr|fy|ga|gaa|gd|gl|gn|gu|gv|ha|haw|hi|hmn|hr|ht|hu|hy|id|ig|is|it|iu|iw|ja|jv|ka|kha|kk|kl|km|kn|ko|kri|ku|ky|la|lb|lg|ln|lo|lt|lua|luo|lv|mfe|mg|mi|mk|ml|mn|mr|ms|mt|my|ne|new|nl|no|nso|ny|oc|om|or|os|pa|pam|pl|ps|pt|pt-PT|qu|rn|ro|ru|rw|sa|sd|sg|si|sk|sl|sm|sn|so|sq|sr|ss|st|su|sv|sw|ta|te|tg|th|ti|tk|tn|to|tr|ts|tt|tum|ug|uk|ur|uz|ve|vi|war|wo|xh|yi|yo|zh-Hans|zh-Hant|zu,False,True,8,eligible_for_content_review,caption_tracks=157; professional_source_signal
PRJsYOQzjkc,https://www.youtube.com/watch?v=PRJsYOQzjkc,מערב לתוך הלילה: רכיבת אדוונצ'ר לילית בהרי ירושלים,Ben S. (bflance),he,night,6567,public,True,50,True,0,True,aa|ab|af|ak|am|ar|as|ay|az|ba|be|bg|bho|bn|bo|br|bs|ca|ceb|co|crs|cs|cy|da|de|dv|dz|ee|el|en|eo|es|et|eu|fa|fi|fil|fj|fo|fr|fy|ga|gaa|gd|gl|gn|gu|gv|ha|haw|hi|hmn|hr|ht|hu|hy|id|ig|is|it|iu|iw|iw-orig|ja|jv|ka|kha|kk|kl|km|kn|ko|kri|ku|ky|la|lb|lg|ln|lo|lt|lua|luo|lv|mfe|mg|mi|mk|ml|mn|mr|ms|mt|my|ne|new|nl|no|nso|ny|oc|om|or|os|pa|pam|pl|ps|pt|pt-PT|qu|rn|ro|ru|rw|sa|sd|sg|si|sk|sl|sm|sn|so|sq|sr|ss|st|su|sv|sw|ta|te|tg|th|ti|tk|tn|to|tr|ts|tt|tum|ug|uk|ur|uz|ve|vi|war|wo|xh|yi|yo|zh-Hans|zh-Hant|zu,False,False,4,rejected,too_long_for_focused_guide_entry
gwmUFFHxXyo,https://www.youtube.com/watch?v=gwmUFFHxXyo,רכיבת שטח לא למתחילים!!! אבל אני רוכב מתחיל - אל תנסו את זה בבית. היה קשוח!,Ben S. (bflance),he,offroad_basics,3982,public,True,113,True,2,True,aa|ab|af|ak|am|ar|as|ay|az|ba|be|bg|bho|bn|bo|br|bs|ca|ceb|co|crs|cs|cy|da|de|dv|dz|ee|el|en|eo|es|et|eu|fa|fi|fil|fj|fo|fr|fy|ga|gaa|gd|gl|gn|gu|gv|ha|haw|hi|hmn|hr|ht|hu|hy|id|ig|is|it|iu|iw|iw-orig|ja|jv|ka|kha|kk|kl|km|kn|ko|kri|ku|ky|la|lb|lg|ln|lo|lt|lua|luo|lv|mfe|mg|mi|mk|ml|mn|mr|ms|mt|my|ne|new|nl|no|nso|ny|oc|om|or|os|pa|pam|pl|ps|pt|pt-PT|qu|rn|ro|ru|rw|sa|sd|sg|si|sk|sl|sm|sn|so|sq|sr|ss|st|su|sv|sw|ta|te|tg|th|ti|tk|tn|to|tr|ts|tt|tum|ug|uk|ur|uz|ve|vi|war|wo|xh|yi|yo|zh-Hans|zh-Hant|zu,False,False,6,eligible_for_content_review,youtube_chapters=2; caption_tracks=157
nhoA99EcMEM,https://www.youtube.com/watch?v=nhoA99EcMEM,החלפת פנימית 3,David Beloosesky,he,puncture,55,public,True,0,True,0,True,aa|ab|af|ak|am|ar|as|ay|az|ba|be|bg|bho|bn|bo|br|bs|ca|ceb|co|crs|cs|cy|da|de|dv|dz|ee|el|en|eo|es|et|eu|fa|fi|fil|fj|fo|fr|fy|ga|gaa|gd|gl|gn|gu|gv|ha|haw|hi|hmn|hr|ht|hu|hy|id|ig|is|it|iu|iw|iw-orig|ja|jv|ka|kha|kk|kl|km|kn|ko|kri|ku|ky|la|lb|lg|ln|lo|lt|lua|luo|lv|mfe|mg|mi|mk|ml|mn|mr|ms|mt|my|ne|new|nl|no|nso|ny|oc|om|or|os|pa|pam|pl|ps|pt|pt-PT|qu|rn|ro|ru|rw|sa|sd|sg|si|sk|sl|sm|sn|so|sq|sr|ss|st|su|sv|sw|ta|te|tg|th|ti|tk|tn|to|tr|ts|tt|tum|ug|uk|ur|uz|ve|vi|war|wo|xh|yi|yo|zh-Hans|zh-Hant|zu,False,False,3,rejected,too_short_for_release_depth; description_missing
PYeiGbg6_bU,https://www.youtube.com/watch?v=PYeiGbg6_bU,מדריך טכני: החלפת צמיג ומוס באופנוע שטח,FullgaZ Magazine,he,tires,449,public,True,177,True,0,True,,False,True,4,rejected,no_chapters_or_captions_for_content_evidence
grPjYTqfBKY,https://www.youtube.com/watch?v=grPjYTqfBKY,מסע אופנועים לפסגות ההימלאיה,FullgaZ Magazine,he,water_crossing,1615,public,True,5,True,0,True,aa|ab|af|ak|am|ar|as|ay|az|ba|be|bg|bho|bn|bo|br|bs|ca|ceb|co|crs|cs|cy|da|de|dv|dz|ee|el|en|eo|es|et|eu|fa|fi|fil|fj|fo|fr|fy|ga|gaa|gd|gl|gn|gu|gv|ha|haw|hi|hmn|hr|ht|hu|hy|id|ig|is|it|iu|iw|iw-orig|ja|jv|ka|kha|kk|kl|km|kn|ko|kri|ku|ky|la|lb|lg|ln|lo|lt|lua|luo|lv|mfe|mg|mi|mk|ml|mn|mr|ms|mt|my|ne|new|nl|no|nso|ny|oc|om|or|os|pa|pam|pl|ps|pt|pt-PT|qu|rn|ro|ru|rw|sa|sd|sg|si|sk|sl|sm|sn|so|sq|sr|ss|st|su|sv|sw|ta|te|tg|th|ti|tk|tn|to|tr|ts|tt|tum|ug|uk|ur|uz|ve|vi|war|wo|xh|yi|yo|zh-Hans|zh-Hant|zu,False,False,5,rejected,title_indicates_non_instructional_or_promotional_content
KjJ1idYZPdI,https://www.youtube.com/watch?v=KjJ1idYZPdI,איך רוכבים חכמים באמת נשארים קרירים על אופנוע – לא מה שחשבתם,Old Man's Ride and Car Motorcycle Garage,,cornering,,,False,0,False,0,False,,False,False,0,rejected,source_not_active_public; source_unavailable; duration_missing; description_missing; no_chapters_or_captions_for_content_evidence
qoXVrpFVP10,https://www.youtube.com/watch?v=qoXVrpFVP10,היגוי הפוך הדגמה והסבר,Raanan Tzemach,he,countersteering,593,public,True,37,True,0,True,aa|ab|af|ak|am|ar|as|ay|az|ba|be|bg|bho|bn|bo|br|bs|ca|ceb|co|crs|cs|cy|da|de|dv|dz|ee|el|en|en-orig|eo|es|et|eu|fa|fi|fil|fj|fo|fr|fy|ga|gaa|gd|gl|gn|gu|gv|ha|haw|hi|hmn|hr|ht|hu|hy|id|ig|is|it|iu|iw|ja|jv|ka|kha|kk|kl|km|kn|ko|kri|ku|ky|la|lb|lg|ln|lo|lt|lua|luo|lv|mfe|mg|mi|mk|ml|mn|mr|ms|mt|my|ne|new|nl|no|nso|ny|oc|om|or|os|pa|pam|pl|ps|pt|pt-PT|qu|rn|ro|ru|rw|sa|sd|sg|si|sk|sl|sm|sn|so|sq|sr|ss|st|su|sv|sw|ta|te|tg|th|ti|tk|tn|to|tr|ts|tt|tum|ug|uk|ur|uz|ve|vi|war|wo|xh|yi|yo|zh-Hans|zh-Hant|zu,False,False,5,eligible_for_content_review,caption_tracks=157
7DDyMbbmYUo,https://www.youtube.com/watch?v=7DDyMbbmYUo,הדרכת רכיבת חולות עם זיו כרמי -  Ktm 990 Adv. Ktm 890 rally - HD - GoPro9,"Ron Izraelly - Driving, riding, racing !",he,sand,2013,public,True,66,True,0,True,,False,False,1,rejected,no_chapters_or_captions_for_content_evidence
odXtBADnmpQ,https://www.youtube.com/watch?v=odXtBADnmpQ,חוצה ישראל אדוונצ'ר 2020   מלא,Tal Amir - טל עמיר,he,obstacles,2641,public,True,64,True,0,True,,False,False,1,rejected,no_chapters_or_captions_for_content_evidence
VqfGdbhAWJ4,https://www.youtube.com/watch?v=VqfGdbhAWJ4,9 Motorcycle Fears You Should'nt Worry About (Pro Tips),The Motorcycle Brain,en,rain,516,public,True,2096,True,0,True,aa|ab|af|ak|am|ar|as|ay|az|ba|be|bg|bho|bn|bo|br|bs|ca|ceb|co|crs|cs|cy|da|de|dv|dz|ee|el|en|en-orig|eo|es|et|eu|fa|fi|fil|fj|fo|fr|fy|ga|gaa|gd|gl|gn|gu|gv|ha|haw|hi|hmn|hr|ht|hu|hy|id|ig|is|it|iu|iw|ja|jv|ka|kha|kk|kl|km|kn|ko|kri|ku|ky|la|lb|lg|ln|lo|lt|lua|luo|lv|mfe|mg|mi|mk|ml|mn|mr|ms|mt|my|ne|new|nl|no|nso|ny|oc|om|or|os|pa|pam|pl|ps|pt|pt-PT|qu|rn|ro|ru|rw|sa|sd|sg|si|sk|sl|sm|sn|so|sq|sr|ss|st|su|sv|sw|ta|te|tg|th|ti|tk|tn|to|tr|ts|tt|tum|ug|uk|ur|uz|ve|vi|war|wo|xh|yi|yo|zh-Hans|zh-Hant|zu,False,True,8,eligible_for_content_review,caption_tracks=157; professional_source_signal
hJE4in5KRv0,https://www.youtube.com/watch?v=hJE4in5KRv0,ילדים חסרי שכל על אופניים חשמליים בתל אביב,Two wheels life,he,urban_hazards,26,public,True,0,True,0,True,,False,False,0,rejected,too_short_for_release_depth; description_missing; no_chapters_or_captions_for_content_evidence
8fmsajHZLKk,https://www.youtube.com/watch?v=8fmsajHZLKk,I Took a KTM Duke 200 Off Road Where Only Adventure Bikes Should Go,Wanderlust Revs,en,gravel,863,public,True,1314,True,0,True,aa|ab|af|ak|am|ar|as|ay|az|ba|be|bg|bho|bn|bo|br|bs|ca|ceb|co|crs|cs|cy|da|de|dv|dz|ee|el|en|en-orig|eo|es|et|eu|fa|fi|fil|fj|fo|fr|fy|ga|gaa|gd|gl|gn|gu|gv|ha|haw|hi|hmn|hr|ht|hu|hy|id|ig|is|it|iu|iw|ja|jv|ka|kha|kk|kl|km|kn|ko|kri|ku|ky|la|lb|lg|ln|lo|lt|lua|luo|lv|mfe|mg|mi|mk|ml|mn|mr|ms|mt|my|ne|new|nl|no|nso|ny|oc|om|or|os|pa|pam|pl|ps|pt|pt-PT|qu|rn|ro|ru|rw|sa|sd|sg|si|sk|sl|sm|sn|so|sq|sr|ss|st|su|sv|sw|ta|te|tg|th|ti|tk|tn|to|tr|ts|tt|tum|ug|uk|ur|uz|ve|vi|war|wo|xh|yi|yo|zh-Hans|zh-Hant|zu,False,False,6,eligible_for_content_review,caption_tracks=157
6ynYOU6NQW4,https://www.youtube.com/watch?v=6ynYOU6NQW4,קורס רכיבה קוסטאס למאריס 1993 אופנועי שטח,guy radar,he,mud,1401,public,True,667,True,0,True,aa|ab|af|ak|am|ar|as|ay|az|ba|be|bg|bho|bn|bo|br|bs|ca|ceb|co|crs|cs|cy|da|de|dv|dz|ee|el|en|en-orig|eo|es|et|eu|fa|fi|fil|fj|fo|fr|fy|ga|gaa|gd|gl|gn|gu|gv|ha|haw|hi|hmn|hr|ht|hu|hy|id|ig|is|it|iu|iw|ja|jv|ka|kha|kk|kl|km|kn|ko|kri|ku|ky|la|lb|lg|ln|lo|lt|lua|luo|lv|mfe|mg|mi|mk|ml|mn|mr|ms|mt|my|ne|new|nl|no|nso|ny|oc|om|or|os|pa|pam|pl|ps|pt|pt-PT|qu|rn|ro|ru|rw|sa|sd|sg|si|sk|sl|sm|sn|so|sq|sr|ss|st|su|sv|sw|ta|te|tg|th|ti|tk|tn|to|tr|ts|tt|tum|ug|uk|ur|uz|ve|vi|war|wo|xh|yi|yo|zh-Hans|zh-Hant|zu,False,False,6,eligible_for_content_review,caption_tracks=157
TJwQtibtuAo,https://www.youtube.com/watch?v=TJwQtibtuAo,זיו תקוע בבוץ,דוד כהן,en,recovery,69,public,True,0,True,0,True,aa|ab|af|ak|am|ar|as|ay|az|ba|be|bg|bho|bn|bo|br|bs|ca|ceb|co|crs|cs|cy|da|de|dv|dz|ee|el|en|en-orig|eo|es|et|eu|fa|fi|fil|fj|fo|fr|fy|ga|gaa|gd|gl|gn|gu|gv|ha|haw|hi|hmn|hr|ht|hu|hy|id|ig|is|it|iu|iw|ja|jv|ka|kha|kk|kl|km|kn|ko|kri|ku|ky|la|lb|lg|ln|lo|lt|lua|luo|lv|mfe|mg|mi|mk|ml|mn|mr|ms|mt|my|ne|new|nl|no|nso|ny|oc|om|or|os|pa|pam|pl|ps|pt|pt-PT|qu|rn|ro|ru|rw|sa|sd|sg|si|sk|sl|sm|sn|so|sq|sr|ss|st|su|sv|sw|ta|te|tg|th|ti|tk|tn|to|tr|ts|tt|tum|ug|uk|ur|uz|ve|vi|war|wo|xh|yi|yo|zh-Hans|zh-Hant|zu,False,False,3,rejected,description_missing
UaxuuvJdF88,https://www.youtube.com/watch?v=UaxuuvJdF88,איבוד בלמים בזמן נסיעה,הרשות הלאומית לבטיחות בדרכים,he,safety_body,104,public,True,138,True,0,True,aa|ab|af|ak|am|ar|as|ay|az|ba|be|bg|bho|bn|bo|br|bs|ca|ceb|co|crs|cs|cy|da|de|dv|dz|ee|el|en|eo|es|et|eu|fa|fi|fil|fj|fo|fr|fy|ga|gaa|gd|gl|gn|gu|gv|ha|haw|hi|hmn|hr|ht|hu|hy|id|ig|is|it|iu|iw|iw-orig|ja|jv|ka|kha|kk|kl|km|kn|ko|kri|ku|ky|la|lb|lg|ln|lo|lt|lua|luo|lv|mfe|mg|mi|mk|ml|mn|mr|ms|mt|my|ne|new|nl|no|nso|ny|oc|om|or|os|pa|pam|pl|ps|pt|pt-PT|qu|rn|ro|ru|rw|sa|sd|sg|si|sk|sl|sm|sn|so|sq|sr|ss|st|su|sv|sw|ta|te|tg|th|ti|tk|tn|to|tr|ts|tt|tum|ug|uk|ur|uz|ve|vi|war|wo|xh|yi|yo|zh-Hans|zh-Hant|zu,False,True,6,eligible_for_content_review,caption_tracks=157; professional_source_signal
wMtkexgMuhQ,https://www.youtube.com/watch?v=wMtkexgMuhQ,מתיחת שרשרת באופנוע - ורסיס 300,Versys 300 - Israel,he,maintenance,262,public,True,121,True,0,True,,False,False,2,rejected,no_chapters_or_captions_for_content_evidence
18Sp8mi_91w,https://www.youtube.com/watch?v=18Sp8mi_91w,טיפול ברוכב אופנוע שהתהפך בנחל משק,חלצ יחידות החילוץ,he,lifting,25,public,True,35,True,0,True,,False,False,1,rejected,too_short_for_release_depth; no_chapters_or_captions_for_content_evidence
X1fhTu0_Z_A,https://www.youtube.com/watch?v=X1fhTu0_Z_A,הארד אנדורו חובבנים - יערות מנשה ונחל גחר - תקציר,טל סנדרוני,he,hills,337,public,True,123,True,0,True,,False,False,2,rejected,no_chapters_or_captions_for_content_evidence
4IFh2sVDKak,https://www.youtube.com/watch?v=4IFh2sVDKak,"ווסט מתנפח כרית אויר לאופנוע כרית אויר,Airbag for sport motorcycle",לד סטאר ישראל LED STAR ISRAEL,he,protective_gear,49,public,True,62,True,0,True,,False,False,1,rejected,too_short_for_release_depth; no_chapters_or_captions_for_content_evidence
JYJnIDwEFdg,https://www.youtube.com/watch?v=JYJnIDwEFdg,בדיקות חורף | הכנה של האופנוע והקטנוע לחורף | מומנט אופנועים - ירושלים,מומנט אופנועים - מקצוענות מעל הכל,he,pre_ride,138,public,True,1093,True,0,True,,False,False,3,rejected,no_chapters_or_captions_for_content_evidence
ZwbIqpipFrY,https://www.youtube.com/watch?v=ZwbIqpipFrY,טבק אום קוניץ - רכיבת אופנועים,משה טיולי שטח Moto Tours,he,navigation,192,public,True,90,True,0,True,aa|ab|af|ak|am|ar|as|ay|az|ba|be|bg|bho|bn|bo|br|bs|ca|ceb|co|crs|cs|cy|da|de|dv|dz|ee|el|en|en-orig|eo|es|et|eu|fa|fi|fil|fj|fo|fr|fy|ga|gaa|gd|gl|gn|gu|gv|ha|haw|hi|hmn|hr|ht|hu|hy|id|ig|is|it|iu|iw|ja|jv|ka|kha|kk|kl|km|kn|ko|kri|ku|ky|la|lb|lg|ln|lo|lt|lua|luo|lv|mfe|mg|mi|mk|ml|mn|mr|ms|mt|my|ne|new|nl|no|nso|ny|oc|om|or|os|pa|pam|pl|ps|pt|pt-PT|qu|rn|ro|ru|rw|sa|sd|sg|si|sk|sl|sm|sn|so|sq|sr|ss|st|su|sv|sw|ta|te|tg|th|ti|tk|tn|to|tr|ts|tt|tum|ug|uk|ur|uz|ve|vi|war|wo|xh|yi|yo|zh-Hans|zh-Hant|zu,False,False,5,eligible_for_content_review,caption_tracks=157
lP9Z1aw776A,https://www.youtube.com/watch?v=lP9Z1aw776A,Counter Steering Explained: The Skill That Saves Lives | Scooter Basics #7 [Second Edition],Luke Watson - Truck & Motorcycle Training,en,countersteering,1516,public,True,4191,True,7,True,aa|ab|af|ak|am|ar|as|ay|az|ba|be|bg|bho|bn|bo|br|bs|ca|ceb|co|crs|cs|cy|da|de|dv|dz|ee|el|en|en-orig|eo|es|et|eu|fa|fi|fil|fj|fo|fr|fy|ga|gaa|gd|gl|gn|gu|gv|ha|haw|hi|hmn|hr|ht|hu|hy|id|ig|is|it|iu|iw|ja|jv|ka|kha|kk|kl|km|kn|ko|kri|ku|ky|la|lb|lg|ln|lo|lt|lua|luo|lv|mfe|mg|mi|mk|ml|mn|mr|ms|mt|my|ne|new|nl|no|nso|ny|oc|om|or|os|pa|pam|pl|ps|pt|pt-PT|qu|rn|ro|ru|rw|sa|sd|sg|si|sk|sl|sm|sn|so|sq|sr|ss|st|su|sv|sw|ta|te|tg|th|ti|tk|tn|to|tr|ts|tt|tum|ug|uk|ur|uz|ve|vi|war|wo|xh|yi|yo|zh-Hans|zh-Hant|zu,False,True,10,eligible_for_content_review,youtube_chapters=7; caption_tracks=157; professional_source_signal
It3Xes7g6h0,https://www.youtube.com/watch?v=It3Xes7g6h0,רכיבה מתקדמת - רכיבה נכונה על אופנוע.👍❗♨️👊,Moto Lamed,he,emergency_braking,350,public,True,70,True,0,True,,False,False,2,rejected,no_chapters_or_captions_for_content_evidence
rEyP9Nxhcz0,https://www.youtube.com/watch?v=rEyP9Nxhcz0,2022 Africa Twin Adventure Sports DCT | Best TFT Rider Modes for Road & Off-Road,ADV Brett,en,gravel,381,public,True,2028,True,4,True,,True,False,3,eligible_for_content_review,youtube_chapters=4; marketing_signal_present
7As5eL1WE0A,https://www.youtube.com/watch?v=7As5eL1WE0A,הדרכות מתקדמים ומתחילים עם פול טארס בישראל,ADV Moto Life,he,channel_seed,1350,public,True,278,True,0,True,aa|ab|af|ak|am|ar|as|ay|az|ba|be|bg|bho|bn|bo|br|bs|ca|ceb|co|crs|cs|cy|da|de|dv|dz|ee|el|en|eo|es|et|eu|fa|fi|fil|fj|fo|fr|fy|ga|gaa|gd|gl|gn|gu|gv|ha|haw|hi|hmn|hr|ht|hu|hy|id|ig|is|it|iu|iw|iw-orig|ja|jv|ka|kha|kk|kl|km|kn|ko|kri|ku|ky|la|lb|lg|ln|lo|lt|lua|luo|lv|mfe|mg|mi|mk|ml|mn|mr|ms|mt|my|ne|new|nl|no|nso|ny|oc|om|or|os|pa|pam|pl|ps|pt|pt-PT|qu|rn|ro|ru|rw|sa|sd|sg|si|sk|sl|sm|sn|so|sq|sr|ss|st|su|sv|sw|ta|te|tg|th|ti|tk|tn|to|tr|ts|tt|tum|ug|uk|ur|uz|ve|vi|war|wo|xh|yi|yo|zh-Hans|zh-Hant|zu,False,True,7,eligible_for_content_review,caption_tracks=157; professional_source_signal
bzH5217CRrw,https://www.youtube.com/watch?v=bzH5217CRrw,🇨🇦 7 Off Road Recoveries = 1 LONG Day!,All Terrain Rescue,en,recovery,7120,public,True,2908,True,0,True,aa|ab|af|ak|am|ar|as|ay|az|ba|be|bg|bho|bn|bo|br|bs|ca|ceb|co|crs|cs|cy|da|de|dv|dz|ee|el|en|en-orig|eo|es|et|eu|fa|fi|fil|fj|fo|fr|fy|ga|gaa|gd|gl|gn|gu|gv|ha|haw|hi|hmn|hr|ht|hu|hy|id|ig|is|it|iu|iw|ja|jv|ka|kha|kk|kl|km|kn|ko|kri|ku|ky|la|lb|lg|ln|lo|lt|lua|luo|lv|mfe|mg|mi|mk|ml|mn|mr|ms|mt|my|ne|new|nl|no|nso|ny|oc|om|or|os|pa|pam|pl|ps|pt|pt-PT|qu|rn|ro|ru|rw|sa|sd|sg|si|sk|sl|sm|sn|so|sq|sr|ss|st|su|sv|sw|ta|te|tg|th|ti|tk|tn|to|tr|ts|tt|tum|ug|uk|ur|uz|ve|vi|war|wo|xh|yi|yo|zh-Hans|zh-Hant|zu,False,False,5,rejected,too_long_for_focused_guide_entry
HM7mDohvCZo,https://www.youtube.com/watch?v=HM7mDohvCZo,לימוד רכיבת שטח בעלייה עם דרדרת,Cohen Adventure (‫צביקה כהן השטח‬‎),he,instructor_seed,473,public,True,247,True,0,True,,False,False,2,rejected,no_chapters_or_captions_for_content_evidence
S5aNlHjthLA,https://www.youtube.com/watch?v=S5aNlHjthLA,בהרכבה על אופנוע,Cohen Adventure (‫צביקה כהן השטח‬‎),he,obstacles,485,public,True,182,True,0,True,,False,False,2,rejected,no_chapters_or_captions_for_content_evidence
CtmDIae-5VA,https://www.youtube.com/watch?v=CtmDIae-5VA,הספיידר של קאן אם - הדרכה על הכלי שמאפשר ביוון חופש של אופנוע עם יציבות של רכב,Kafri Drive,he,sand,337,public,True,479,True,0,True,,False,True,5,rejected,no_chapters_or_captions_for_content_evidence
0Llcyhyh8vY,https://www.youtube.com/watch?v=0Llcyhyh8vY,Pre-Ride Checks Real-Time | Watch Me Do It | Scooter Basics Part 11,Luke Watson - Truck & Motorcycle Training,en,pre_ride,160,public,True,4095,True,0,True,aa|ab|af|ak|am|ar|as|ay|az|ba|be|bg|bho|bn|bo|br|bs|ca|ceb|co|crs|cs|cy|da|de|dv|dz|ee|el|en|en-orig|eo|es|et|eu|fa|fi|fil|fj|fo|fr|fy|ga|gaa|gd|gl|gn|gu|gv|ha|haw|hi|hmn|hr|ht|hu|hy|id|ig|is|it|iu|iw|ja|jv|ka|kha|kk|kl|km|kn|ko|kri|ku|ky|la|lb|lg|ln|lo|lt|lua|luo|lv|mfe|mg|mi|mk|ml|mn|mr|ms|mt|my|ne|new|nl|no|nso|ny|oc|om|or|os|pa|pam|pl|ps|pt|pt-PT|qu|rn|ro|ru|rw|sa|sd|sg|si|sk|sl|sm|sn|so|sq|sr|ss|st|su|sv|sw|ta|te|tg|th|ti|tk|tn|to|tr|ts|tt|tum|ug|uk|ur|uz|ve|vi|war|wo|xh|yi|yo|zh-Hans|zh-Hant|zu,False,True,8,eligible_for_content_review,caption_tracks=157; professional_source_signal
D4SOuVoTs_w,https://www.youtube.com/watch?v=D4SOuVoTs_w,אופנוע נוסע באדום מלא,MyVlogs,he,water_crossing,38,public,True,202,True,0,True,,False,False,1,rejected,too_short_for_release_depth; no_chapters_or_captions_for_content_evidence
53xQjJt1wT0,https://www.youtube.com/watch?v=53xQjJt1wT0,אומנות הרכיבה בתנועה,OfnoanMeuman,he,lifting,40,public,True,50,True,0,True,,False,False,1,rejected,too_short_for_release_depth; no_chapters_or_captions_for_content_evidence
oufydNNDnHc,https://www.youtube.com/watch?v=oufydNNDnHc,מישל דור ל-YNET: כך תבחרו מעיל רכיבה,OfnoanMeuman,he,rain,213,public,True,156,True,0,True,,False,False,2,rejected,no_chapters_or_captions_for_content_evidence
8hXE2Ioe_OU,https://www.youtube.com/watch?v=8hXE2Ioe_OU,Turning From Stop On Motorcycle- Checkout This Quick Tip That Will Help,Prorider Central Texas YouTube,en,u_turn,274,public,True,2377,True,5,True,aa|ab|af|ak|am|ar|as|ay|az|ba|be|bg|bho|bn|bo|br|bs|ca|ceb|co|crs|cs|cy|da|de|dv|dz|ee|el|en|en-orig|eo|es|et|eu|fa|fi|fil|fj|fo|fr|fy|ga|gaa|gd|gl|gn|gu|gv|ha|haw|hi|hmn|hr|ht|hu|hy|id|ig|is|it|iu|iw|ja|jv|ka|kha|kk|kl|km|kn|ko|kri|ku|ky|la|lb|lg|ln|lo|lt|lua|luo|lv|mfe|mg|mi|mk|ml|mn|mr|ms|mt|my|ne|new|nl|no|nso|ny|oc|om|or|os|pa|pam|pl|ps|pt|pt-PT|qu|rn|ro|ru|rw|sa|sd|sg|si|sk|sl|sm|sn|so|sq|sr|ss|st|su|sv|sw|ta|te|tg|th|ti|tk|tn|to|tr|ts|tt|tum|ug|uk|ur|uz|ve|vi|war|wo|xh|yi|yo|zh-Hans|zh-Hant|zu,True,False,6,eligible_for_content_review,youtube_chapters=5; caption_tracks=157; marketing_signal_present
_4KinOAw74Q,https://www.youtube.com/watch?v=_4KinOAw74Q,Dirt Bike Chain Maintenance & Adjustment,Rocky Mountain ATV MC,en,maintenance,340,public,True,1020,True,4,True,aa|ab|af|ak|am|ar|as|ay|az|ba|be|bg|bho|bn|bo|br|bs|ca|ceb|co|crs|cs|cy|da|de|dv|dz|ee|el|en|en-orig|eo|es|et|eu|fa|fi|fil|fj|fo|fr|fy|ga|gaa|gd|gl|gn|gu|gv|ha|haw|hi|hmn|hr|ht|hu|hy|id|ig|is|it|iu|iw|ja|jv|ka|kha|kk|kl|km|kn|ko|kri|ku|ky|la|lb|lg|ln|lo|lt|lua|luo|lv|mfe|mg|mi|mk|ml|mn|mr|ms|mt|my|ne|new|nl|no|nso|ny|oc|om|or|os|pa|pam|pl|ps|pt|pt-PT|qu|rn|ro|ru|rw|sa|sd|sg|si|sk|sl|sm|sn|so|sq|sr|ss|st|su|sv|sw|ta|te|tg|th|ti|tk|tn|to|tr|ts|tt|tum|ug|uk|ur|uz|ve|vi|war|wo|xh|yi|yo|zh-Hans|zh-Hant|zu,False,False,8,eligible_for_content_review,youtube_chapters=4; caption_tracks=157
C15aY42oF48,https://www.youtube.com/watch?v=C15aY42oF48,Stop Getting Blinded by LEDs! Halo Night Lenses for Motorcycle Riders,Rx Safety Videos,en,night,70,public,True,1547,True,0,True,aa|ab|af|ak|am|ar|as|ay|az|ba|be|bg|bho|bn|bo|br|bs|ca|ceb|co|crs|cs|cy|da|de|dv|dz|ee|el|en|en-orig|eo|es|et|eu|fa|fi|fil|fj|fo|fr|fy|ga|gaa|gd|gl|gn|gu|gv|ha|haw|hi|hmn|hr|ht|hu|hy|id|ig|is|it|iu|iw|ja|jv|ka|kha|kk|kl|km|kn|ko|kri|ku|ky|la|lb|lg|ln|lo|lt|lua|luo|lv|mfe|mg|mi|mk|ml|mn|mr|ms|mt|my|ne|new|nl|no|nso|ny|oc|om|or|os|pa|pam|pl|ps|pt|pt-PT|qu|rn|ro|ru|rw|sa|sd|sg|si|sk|sl|sm|sn|so|sq|sr|ss|st|su|sv|sw|ta|te|tg|th|ti|tk|tn|to|tr|ts|tt|tum|ug|uk|ur|uz|ve|vi|war|wo|xh|yi|yo|zh-Hans|zh-Hant|zu,True,True,5,eligible_for_content_review,caption_tracks=157; professional_source_signal; marketing_signal_present
XlwSz_axo3w,https://www.youtube.com/watch?v=XlwSz_axo3w,Avoid Throttle Wrist Fatigue & Pain - Ride With A Neutral Wrist Posture | Ryker Quick Tip,Urban Dingo,en,fatigue,77,public,True,341,True,0,True,aa|ab|af|ak|am|ar|as|ay|az|ba|be|bg|bho|bn|bo|br|bs|ca|ceb|co|crs|cs|cy|da|de|dv|dz|ee|el|en|en-orig|eo|es|et|eu|fa|fi|fil|fj|fo|fr|fy|ga|gaa|gd|gl|gn|gu|gv|ha|haw|hi|hmn|hr|ht|hu|hy|id|ig|is|it|iu|iw|ja|jv|ka|kha|kk|kl|km|kn|ko|kri|ku|ky|la|lb|lg|ln|lo|lt|lua|luo|lv|mfe|mg|mi|mk|ml|mn|mr|ms|mt|my|ne|new|nl|no|nso|ny|oc|om|or|os|pa|pam|pl|ps|pt|pt-PT|qu|rn|ro|ru|rw|sa|sd|sg|si|sk|sl|sm|sn|so|sq|sr|ss|st|su|sv|sw|ta|te|tg|th|ti|tk|tn|to|tr|ts|tt|tum|ug|uk|ur|uz|ve|vi|war|wo|xh|yi|yo|zh-Hans|zh-Hant|zu,False,False,4,eligible_for_content_review,caption_tracks=157
3br6DFFMmus,https://www.youtube.com/watch?v=3br6DFFMmus,תיקון פנצ'ר זריז בעזרת ערכת תולעים,gsfrel,he,puncture,183,public,True,261,True,0,True,,False,False,2,rejected,no_chapters_or_captions_for_content_evidence
Y-iQN0LyfhY,https://www.youtube.com/watch?v=Y-iQN0LyfhY,"רכיבת אופנועי שטח בבן שמן אחרי הגשם - נדב, שחר, אייל, יפתח, אלמוג וכרובי 21.12.18",kRuvi,he,mud,168,public,True,244,True,0,True,aa|ab|af|ak|am|ar|as|ay|az|ba|be|bg|bho|bn|bo|br|bs|ca|ceb|co|crs|cs|cy|da|de|dv|dz|ee|el|en|eo|es|et|eu|fa|fi|fil|fj|fo|fr|fr-orig|fy|ga|gaa|gd|gl|gn|gu|gv|ha|haw|hi|hmn|hr|ht|hu|hy|id|ig|is|it|iu|iw|ja|jv|ka|kha|kk|kl|km|kn|ko|kri|ku|ky|la|lb|lg|ln|lo|lt|lua|luo|lv|mfe|mg|mi|mk|ml|mn|mr|ms|mt|my|ne|new|nl|no|nso|ny|oc|om|or|os|pa|pam|pl|ps|pt|pt-PT|qu|rn|ro|ru|rw|sa|sd|sg|si|sk|sl|sm|sn|so|sq|sr|ss|st|su|sv|sw|ta|te|tg|th|ti|tk|tn|to|tr|ts|tt|tum|ug|uk|ur|uz|ve|vi|war|wo|xh|yi|yo|zh-Hans|zh-Hant|zu,False,False,5,eligible_for_content_review,caption_tracks=157
mDB7ufrj2uQ,https://www.youtube.com/watch?v=mDB7ufrj2uQ,שלומי הוא אחמד תמימי (כתוביות) - רכיבה באזור לטרון 11.1.2020,kRuvi,he,group_riding,26,public,True,172,True,0,True,iw,False,False,4,rejected,too_short_for_release_depth
sHmR-Kgrxuo,https://www.youtube.com/watch?v=sHmR-Kgrxuo,רכיבת אופנועי שטח בהשוואה לרכיבת אופניים חשמליים - סינגל פארק קנדה  23.1.22,kRuvi,he,offroad_basics,71,public,True,340,True,0,True,,False,False,1,rejected,no_chapters_or_captions_for_content_evidence
Pe_aDITq8EU,https://www.youtube.com/watch?v=Pe_aDITq8EU,רכיבת אופנועים HD - קו 400 תל חדיד והסביבה אודי אריה 04-2021,udiarie74,he,cornering,329,public,True,37,True,0,True,,False,False,2,rejected,no_chapters_or_captions_for_content_evidence
57S1wjhs8n8,https://www.youtube.com/watch?v=57S1wjhs8n8,ברוש חליפות לרוכבי אופנועים המשולבים בבד קבלר,אוטוקאר ישראל,he,protective_gear,135,public,True,45,True,0,True,aa|ab|af|ak|am|ar|as|ay|az|ba|be|bg|bho|bn|bo|br|bs|ca|ceb|co|crs|cs|cy|da|de|dv|dz|ee|el|en|eo|es|et|eu|fa|fi|fil|fj|fo|fr|fy|ga|gaa|gd|gl|gn|gu|gv|ha|haw|hi|hmn|hr|ht|hu|hy|id|ig|is|it|iu|iw|iw-orig|ja|jv|ka|kha|kk|kl|km|kn|ko|kri|ku|ky|la|lb|lg|ln|lo|lt|lua|luo|lv|mfe|mg|mi|mk|ml|mn|mr|ms|mt|my|ne|new|nl|no|nso|ny|oc|om|or|os|pa|pam|pl|ps|pt|pt-PT|qu|rn|ro|ru|rw|sa|sd|sg|si|sk|sl|sm|sn|so|sq|sr|ss|st|su|sv|sw|ta|te|tg|th|ti|tk|tn|to|tr|ts|tt|tum|ug|uk|ur|uz|ve|vi|war|wo|xh|yi|yo|zh-Hans|zh-Hant|zu,False,False,5,eligible_for_content_review,caption_tracks=157
4hZ5YBJ0C0c,https://www.youtube.com/watch?v=4hZ5YBJ0C0c,טל המרכז ללימודי נהיגה - מסלול טסט בגוף ראשון,בית ספר טל המרכז ללימודי נהיגה,he,slow_control,126,public,True,45,True,0,True,,False,True,4,rejected,no_chapters_or_captions_for_content_evidence; title_indicates_non_instructional_or_promotional_content
DVngokVtEQM,https://www.youtube.com/watch?v=DVngokVtEQM,הדרכה על רכיבה בטוחה באופניים חשמליים,הרשות הלאומית לבטיחות בדרכים,he,safety_body,175,public,True,322,True,0,True,,False,True,4,rejected,no_chapters_or_captions_for_content_evidence
SoxnKw9sv_0,https://www.youtube.com/watch?v=SoxnKw9sv_0,איך לרכב על אופנוע בחורף,SobeR RideR,he,urban_hazards,694,public,True,1284,True,6,True,,False,False,5,eligible_for_content_review,youtube_chapters=6
HtNDIWDgOlg,https://www.youtube.com/watch?v=HtNDIWDgOlg,טיול אופנועים - בורות לוץ-הר כרכום-הקניון הלבן-נחל ערוד,משה טיולי שטח Moto Tours,he,navigation,303,public,True,215,True,0,True,,False,False,2,rejected,no_chapters_or_captions_for_content_evidence; title_indicates_non_instructional_or_promotional_content
rJR7AXXQKYg,https://www.youtube.com/watch?v=rJR7AXXQKYg,חומר למניעת פנצ'רים oko israel לאופנוע אפריקה טווין + שטח,‫קובי ברדה (‪Oko israel‬‏)‬‎,he,tires,598,public,True,72,True,0,True,,False,False,2,rejected,no_chapters_or_captions_for_content_evidence
dwsml9_0Ol8,https://www.youtube.com/watch?v=dwsml9_0Ol8,ניב אופנועים - טיפים לבדיקת שרשרת באופנוע,nivmoto,he,maintenance,165,public,True,106,True,0,True,aa|ab|af|ak|am|ar|as|ay|az|ba|be|bg|bho|bn|bo|br|bs|ca|ceb|co|crs|cs|cy|da|de|dv|dz|ee|el|en|eo|es|et|eu|fa|fi|fil|fj|fo|fr|fy|ga|gaa|gd|gl|gn|gu|gv|ha|haw|hi|hmn|hr|ht|hu|hy|id|ig|is|it|iu|iw|iw-orig|ja|jv|ka|kha|kk|kl|km|kn|ko|kri|ku|ky|la|lb|lg|ln|lo|lt|lua|luo|lv|mfe|mg|mi|mk|ml|mn|mr|ms|mt|my|ne|new|nl|no|nso|ny|oc|om|or|os|pa|pam|pl|ps|pt|pt-PT|qu|rn|ro|ru|rw|sa|sd|sg|si|sk|sl|sm|sn|so|sq|sr|ss|st|su|sv|sw|ta|te|tg|th|ti|tk|tn|to|tr|ts|tt|tum|ug|uk|ur|uz|ve|vi|war|wo|xh|yi|yo|zh-Hans|zh-Hant|zu,False,False,5,eligible_for_content_review,caption_tracks=157
DnvV26YgifU,https://www.youtube.com/watch?v=DnvV26YgifU,אדוונצ'רים מתחילים בשטח- מרמות מנשה לעין הנציב,ADV Moto Life,he,obstacles,515,public,True,209,True,0,True,,False,False,2,rejected,no_chapters_or_captions_for_content_evidence
PMtBYt19pD4,https://www.youtube.com/watch?v=PMtBYt19pD4,The Secret to Perfect U-Turns Every Time,Autozium,en,u_turn,754,public,True,1600,True,0,True,aa|ab|af|ak|am|ar|as|ay|az|ba|be|bg|bho|bn|bo|br|bs|ca|ceb|co|crs|cs|cy|da|de|dv|dz|ee|el|en|en-orig|eo|es|et|eu|fa|fi|fil|fj|fo|fr|fy|ga|gaa|gd|gl|gn|gu|gv|ha|haw|hi|hmn|hr|ht|hu|hy|id|ig|is|it|iu|iw|ja|jv|ka|kha|kk|kl|km|kn|ko|kri|ku|ky|la|lb|lg|ln|lo|lt|lua|luo|lv|mfe|mg|mi|mk|ml|mn|mr|ms|mt|my|ne|new|nl|no|nso|ny|oc|om|or|os|pa|pam|pl|ps|pt|pt-PT|qu|rn|ro|ru|rw|sa|sd|sg|si|sk|sl|sm|sn|so|sq|sr|ss|st|su|sv|sw|ta|te|tg|th|ti|tk|tn|to|tr|ts|tt|tum|ug|uk|ur|uz|ve|vi|war|wo|xh|yi|yo|zh-Hans|zh-Hant|zu,False,True,8,eligible_for_content_review,caption_tracks=157; professional_source_signal
_G0C8nEi5Yg,https://www.youtube.com/watch?v=_G0C8nEi5Yg,מגפי רכיבה לשטח,FOX HEAD Israel,he,protective_gear,122,public,True,149,True,0,True,aa|ab|af|ak|am|ar|as|ay|az|ba|be|bg|bho|bn|bo|br|bs|ca|ceb|co|crs|cs|cy|da|de|dv|dz|ee|el|en|en-orig|eo|es|et|eu|fa|fi|fil|fj|fo|fr|fy|ga|gaa|gd|gl|gn|gu|gv|ha|haw|hi|hmn|hr|ht|hu|hy|id|ig|is|it|iu|iw|ja|jv|ka|kha|kk|kl|km|kn|ko|kri|ku|ky|la|lb|lg|ln|lo|lt|lua|luo|lv|mfe|mg|mi|mk|ml|mn|mr|ms|mt|my|ne|new|nl|no|nso|ny|oc|om|or|os|pa|pam|pl|ps|pt|pt-PT|qu|rn|ro|ru|rw|sa|sd|sg|si|sk|sl|sm|sn|so|sq|sr|ss|st|su|sv|sw|ta|te|tg|th|ti|tk|tn|to|tr|ts|tt|tum|ug|uk|ur|uz|ve|vi|war|wo|xh|yi|yo|zh-Hans|zh-Hant|zu,False,False,5,eligible_for_content_review,caption_tracks=157
KIJHBp_S3hA,https://www.youtube.com/watch?v=KIJHBp_S3hA,כמעט ונפגע עם אופנוע - כביש החוף Motorcycle Near Miss,Michael Duadi,he,urban_hazards,31,public,True,0,True,0,True,,False,False,0,rejected,too_short_for_release_depth; description_missing; no_chapters_or_captions_for_content_evidence; title_indicates_non_instructional_or_promotional_content
TQF0zU_isr0,https://www.youtube.com/watch?v=TQF0zU_isr0,STOP FEEDING FEAR-Here's WHY,Motorcycle Talks,en,rain,726,public,True,1071,True,0,True,aa|ab|af|ak|am|ar|as|ay|az|ba|be|bg|bho|bn|bo|br|bs|ca|ceb|co|crs|cs|cy|da|de|dv|dz|ee|el|en|en-orig|eo|es|et|eu|fa|fi|fil|fj|fo|fr|fy|ga|gaa|gd|gl|gn|gu|gv|ha|haw|hi|hmn|hr|ht|hu|hy|id|ig|is|it|iu|iw|ja|jv|ka|kha|kk|kl|km|kn|ko|kri|ku|ky|la|lb|lg|ln|lo|lt|lua|luo|lv|mfe|mg|mi|mk|ml|mn|mr|ms|mt|my|ne|new|nl|no|nso|ny|oc|om|or|os|pa|pam|pl|ps|pt|pt-PT|qu|rn|ro|ru|rw|sa|sd|sg|si|sk|sl|sm|sn|so|sq|sr|ss|st|su|sv|sw|ta|te|tg|th|ti|tk|tn|to|tr|ts|tt|tum|ug|uk|ur|uz|ve|vi|war|wo|xh|yi|yo|zh-Hans|zh-Hant|zu,False,True,8,eligible_for_content_review,caption_tracks=157; professional_source_signal
evc423OwTpY,https://www.youtube.com/watch?v=evc423OwTpY,12 Etiquette Rules ALL New Riders Must Follow,Old Man's Ride,en,group_riding,1056,public,True,614,True,0,True,aa|ab|af|ak|am|ar|as|ay|az|ba|be|bg|bho|bn|bo|br|bs|ca|ceb|co|crs|cs|cy|da|de|dv|dz|ee|el|en|en-orig|eo|es|et|eu|fa|fi|fil|fj|fo|fr|fy|ga|gaa|gd|gl|gn|gu|gv|ha|haw|hi|hmn|hr|ht|hu|hy|id|ig|is|it|iu|iw|ja|jv|ka|kha|kk|kl|km|kn|ko|kri|ku|ky|la|lb|lg|ln|lo|lt|lua|luo|lv|mfe|mg|mi|mk|ml|mn|mr|ms|mt|my|ne|new|nl|no|nso|ny|oc|om|or|os|pa|pam|pl|ps|pt|pt-PT|qu|rn|ro|ru|rw|sa|sd|sg|si|sk|sl|sm|sn|so|sq|sr|ss|st|su|sv|sw|ta|te|tg|th|ti|tk|tn|to|tr|ts|tt|tum|ug|uk|ur|uz|ve|vi|war|wo|xh|yi|yo|zh-Hans|zh-Hant|zu,False,False,6,eligible_for_content_review,caption_tracks=157
aYu9oGc76vU,https://www.youtube.com/watch?v=aYu9oGc76vU,טיפ: איך לבחור מעיל רכיבה לרוכבי אופנועים וקטנועים,ProRiding Israel,he,tires,378,public,True,389,True,0,True,,False,True,4,rejected,no_chapters_or_captions_for_content_evidence
i1eqhcPC6g8,https://www.youtube.com/watch?v=i1eqhcPC6g8,🌙🏍️ RIDING A MOTORCYCLE AT NIGHT FOR BEGINNERS 🏍️🌙,TWO WHEELS PARADISE,en,night,502,public,True,1165,True,0,True,aa|ab|af|ak|am|ar|as|ay|az|ba|be|bg|bho|bn|bo|br|bs|ca|ceb|co|crs|cs|cy|da|de|dv|dz|ee|el|en|en-orig|eo|es|et|eu|fa|fi|fil|fj|fo|fr|fy|ga|gaa|gd|gl|gn|gu|gv|ha|haw|hi|hmn|hr|ht|hu|hy|id|ig|is|it|iu|iw|ja|jv|ka|kha|kk|kl|km|kn|ko|kri|ku|ky|la|lb|lg|ln|lo|lt|lua|luo|lv|mfe|mg|mi|mk|ml|mn|mr|ms|mt|my|ne|new|nl|no|nso|ny|oc|om|or|os|pa|pam|pl|ps|pt|pt-PT|qu|rn|ro|ru|rw|sa|sd|sg|si|sk|sl|sm|sn|so|sq|sr|ss|st|su|sv|sw|ta|te|tg|th|ti|tk|tn|to|tr|ts|tt|tum|ug|uk|ur|uz|ve|vi|war|wo|xh|yi|yo|zh-Hans|zh-Hant|zu,False,True,8,eligible_for_content_review,caption_tracks=157; professional_source_signal
6tCcmH9Zshs,https://www.youtube.com/watch?v=6tCcmH9Zshs,ביצועים של אופנוע ספורט? אפריליה טוארג 660 אדוונצ'ר ראלי לחובבי גז,Tal Etzion EXTREME,he,gravel,374,public,True,0,True,0,True,aa|ab|af|ak|am|ar|as|ay|az|ba|be|bg|bho|bn|bo|br|bs|ca|ceb|co|crs|cs|cy|da|de|dv|dz|ee|el|en|eo|es|et|eu|fa|fi|fil|fj|fo|fr|fy|ga|gaa|gd|gl|gn|gu|gv|ha|haw|hi|hmn|hr|ht|hu|hy|id|ig|is|it|iu|iw|iw-orig|ja|jv|ka|kha|kk|kl|km|kn|ko|kri|ku|ky|la|lb|lg|ln|lo|lt|lua|luo|lv|mfe|mg|mi|mk|ml|mn|mr|ms|mt|my|ne|new|nl|no|nso|ny|oc|om|or|os|pa|pam|pl|ps|pt|pt-PT|qu|rn|ro|ru|rw|sa|sd|sg|si|sk|sl|sm|sn|so|sq|sr|ss|st|su|sv|sw|ta|te|tg|th|ti|tk|tn|to|tr|ts|tt|tum|ug|uk|ur|uz|ve|vi|war|wo|xh|yi|yo|zh-Hans|zh-Hant|zu,False,False,4,rejected,description_missing
zVwqHCG4RA4,https://www.youtube.com/watch?v=zVwqHCG4RA4,The Split-Second Mistake...I hit him 🤬 (Husqvarna 501 Enduro),The Girl On A Bike,en,cornering,1131,public,True,3498,True,6,True,aa|ab|af|ak|am|ar|as|ay|az|ba|be|bg|bho|bn|bo|br|bs|ca|ceb|co|crs|cs|cy|da|de|dv|dz|ee|el|en|en-orig|eo|es|et|eu|fa|fi|fil|fj|fo|fr|fy|ga|gaa|gd|gl|gn|gu|gv|ha|haw|hi|hmn|hr|ht|hu|hy|id|ig|is|it|iu|iw|ja|jv|ka|kha|kk|kl|km|kn|ko|kri|ku|ky|la|lb|lg|ln|lo|lt|lua|luo|lv|mfe|mg|mi|mk|ml|mn|mr|ms|mt|my|ne|new|nl|no|nso|ny|oc|om|or|os|pa|pam|pl|ps|pt|pt-PT|qu|rn|ro|ru|rw|sa|sd|sg|si|sk|sl|sm|sn|so|sq|sr|ss|st|su|sv|sw|ta|te|tg|th|ti|tk|tn|to|tr|ts|tt|tum|ug|uk|ur|uz|ve|vi|war|wo|xh|yi|yo|zh-Hans|zh-Hant|zu,True,False,6,eligible_for_content_review,youtube_chapters=6; caption_tracks=157; marketing_signal_present
FDn6vFmc634,https://www.youtube.com/watch?v=FDn6vFmc634,אופנוע חשמלי שיכול לנסוע עם אופנועי בנזין בשטח הכי קשה במדינה?   רכיבה בקו 400 הארד אינדורו,daniel life,he,fatigue,1240,public,True,67,True,0,True,,False,False,2,rejected,no_chapters_or_captions_for_content_evidence
MqIxMyAUURM,https://www.youtube.com/watch?v=MqIxMyAUURM,רכיבת בוץ וסלעים חלקלקים 22.11.2020,kRuvi,en,mud,161,public,True,18,True,0,True,aa|ab|af|ak|am|ar|as|ay|az|ba|be|bg|bho|bn|bo|br|bs|ca|ceb|co|crs|cs|cy|da|de|dv|dz|ee|el|en|en-orig|eo|es|et|eu|fa|fi|fil|fj|fo|fr|fy|ga|gaa|gd|gl|gn|gu|gv|ha|haw|hi|hmn|hr|ht|hu|hy|id|ig|is|it|iu|iw|ja|jv|ka|kha|kk|kl|km|kn|ko|kri|ku|ky|la|lb|lg|ln|lo|lt|lua|luo|lv|mfe|mg|mi|mk|ml|mn|mr|ms|mt|my|ne|new|nl|no|nso|ny|oc|om|or|os|pa|pam|pl|ps|pt|pt-PT|qu|rn|ro|ru|rw|sa|sd|sg|si|sk|sl|sm|sn|so|sq|sr|ss|st|su|sv|sw|ta|te|tg|th|ti|tk|tn|to|tr|ts|tt|tum|ug|uk|ur|uz|ve|vi|war|wo|xh|yi|yo|zh-Hans|zh-Hant|zu,False,False,5,eligible_for_content_review,caption_tracks=157
nlrKgPe-uA0,https://www.youtube.com/watch?v=nlrKgPe-uA0,16.4.21 עולים עליות ב-30 מעלות בתרום-תעוז,kRuvi,he,hills,159,public,True,18,True,0,True,,False,False,2,rejected,no_chapters_or_captions_for_content_evidence
JavR5-ox9sE,https://www.youtube.com/watch?v=JavR5-ox9sE,מיגון גחון,koko-a A,,water_crossing,34,public,True,0,True,0,True,,False,False,0,rejected,language_not_verifiable_as_he_or_en; too_short_for_release_depth; description_missing; no_chapters_or_captions_for_content_evidence
KoSmeW5aF0k,https://www.youtube.com/watch?v=KoSmeW5aF0k,החלפת צמיג ידנית לאופנוע שטח מוס\פנימית.,גלעד חורי,he,puncture,812,public,True,76,True,0,True,,False,False,2,rejected,no_chapters_or_captions_for_content_evidence
FPWLmoTf38c,https://www.youtube.com/watch?v=FPWLmoTf38c,"""להוריד 50% מהנפגעים תוך 5 שנים"" | יו""ר הרלב""ד אבי נאור בראיון אצל ינון מגל ובן כספית (19.9.2022)",הרשות הלאומית לבטיחות בדרכים,he,safety_body,364,public,True,102,True,0,True,,False,True,4,rejected,no_chapters_or_captions_for_content_evidence
QqvKa5-6l1w,https://www.youtube.com/watch?v=QqvKa5-6l1w,חילוץ רכב פרטי מבוץ,כל-בו שינוע גרר אופנוע ירושלים,he,recovery,82,public,True,112,True,0,True,,False,False,1,rejected,no_chapters_or_captions_for_content_evidence
Nuw4iY8mXvI,https://www.youtube.com/watch?v=Nuw4iY8mXvI,מרזבה-ציר המעיינות-נקרות - טיול אופנועים בהובלת אודי לנדאו,משה טיולי שטח Moto Tours,he,navigation,272,public,True,0,True,0,True,,False,False,1,rejected,description_missing; no_chapters_or_captions_for_content_evidence; title_indicates_non_instructional_or_promotional_content
Z3s3M9H2-0U,https://www.youtube.com/watch?v=Z3s3M9H2-0U,"פוקס אנדורו - הדרכות רכיבה, מדרגות - קובי חמד",פוקס אנדורו - fox enduro,he,sand,570,public,True,80,True,0,True,,False,False,2,rejected,no_chapters_or_captions_for_content_evidence
Wm62aTzuHPE,https://www.youtube.com/watch?v=Wm62aTzuHPE,Mt 07 | שיעור רישיון A בבאר שבע,שמנמנים ונהנים D:,he,slow_control,433,public,True,83,True,0,True,,False,False,2,rejected,no_chapters_or_captions_for_content_evidence; title_indicates_non_instructional_or_promotional_content
BHZ2mSbXkbw,https://www.youtube.com/watch?v=BHZ2mSbXkbw,טיפ על צמיגי אופנוע - פרוריידינג,ProRiding Israel,he,basics,105,public,True,216,True,0,True,,False,True,3,rejected,no_chapters_or_captions_for_content_evidence
wPQIXpF0bss,https://www.youtube.com/watch?v=wPQIXpF0bss,אדוונצ'רים מתחילים בשטח- נחל אלכסנדר לגן שמואל,ADV Moto Life,he,channel_seed,852,public,True,474,True,7,True,,False,False,5,eligible_for_content_review,youtube_chapters=7
fY8SbzZHkiY,https://www.youtube.com/watch?v=fY8SbzZHkiY,"2027 Honda Gold Wing – Next-Generation Luxury Touring Motorcycle with Flat-Six Power, DCT",AutoMvpGarage7,en,tires,285,public,True,4820,True,0,True,aa|ab|af|ak|am|ar|as|ay|az|ba|be|bg|bho|bn|bo|br|bs|ca|ceb|co|crs|cs|cy|da|de|dv|dz|ee|el|en|en-orig|eo|es|et|eu|fa|fi|fil|fj|fo|fr|fy|ga|gaa|gd|gl|gn|gu|gv|ha|haw|hi|hmn|hr|ht|hu|hy|id|ig|is|it|iu|iw|ja|jv|ka|kha|kk|kl|km|kn|ko|kri|ku|ky|la|lb|lg|ln|lo|lt|lua|luo|lv|mfe|mg|mi|mk|ml|mn|mr|ms|mt|my|ne|new|nl|no|nso|ny|oc|om|or|os|pa|pam|pl|ps|pt|pt-PT|qu|rn|ro|ru|rw|sa|sd|sg|si|sk|sl|sm|sn|so|sq|sr|ss|st|su|sv|sw|ta|te|tg|th|ti|tk|tn|to|tr|ts|tt|tum|ug|uk|ur|uz|ve|vi|war|wo|xh|yi|yo|zh-Hans|zh-Hant|zu,False,False,6,eligible_for_content_review,caption_tracks=157
sA7eGpOHS88,https://www.youtube.com/watch?v=sA7eGpOHS88,"אנדורו שטח משולבת סינגלים וסלעים , עליות נחמדות , אזור צומת נחשון והסביבה ,בהובלת דורון אביעד KTM450","Doron Aviad: Enduro, MMA, Ski",he,hills,2577,public,True,1158,True,0,True,,False,False,2,rejected,no_chapters_or_captions_for_content_evidence
hnID7GWz-kU,https://www.youtube.com/watch?v=hnID7GWz-kU,טל דן - מנהלים על אופנועים מדברים עסקים - סרט הנושא,Eran Yoran,he,cornering,228,public,True,98,True,0,True,,False,False,2,rejected,no_chapters_or_captions_for_content_evidence
IpYCg5-2_Js,https://www.youtube.com/watch?v=IpYCg5-2_Js,"אדוונצ'ר קשוח לשטח בפחות מ-40,000 ₪, אפשרי? בדקתי",Kfir Kasharian,he,gravel,1079,public,True,320,True,0,True,aa|ab|af|ak|am|ar|as|ay|az|ba|be|bg|bho|bn|bo|br|bs|ca|ceb|co|crs|cs|cy|da|de|dv|dz|ee|el|en|eo|es|et|eu|fa|fi|fil|fj|fo|fr|fy|ga|gaa|gd|gl|gn|gu|gv|ha|haw|hi|hmn|hr|ht|hu|hy|id|ig|is|it|iu|iw|iw-orig|ja|jv|ka|kha|kk|kl|km|kn|ko|kri|ku|ky|la|lb|lg|ln|lo|lt|lua|luo|lv|mfe|mg|mi|mk|ml|mn|mr|ms|mt|my|ne|new|nl|no|nso|ny|oc|om|or|os|pa|pam|pl|ps|pt|pt-PT|qu|rn|ro|ru|rw|sa|sd|sg|si|sk|sl|sm|sn|so|sq|sr|ss|st|su|sv|sw|ta|te|tg|th|ti|tk|tn|to|tr|ts|tt|tum|ug|uk|ur|uz|ve|vi|war|wo|xh|yi|yo|zh-Hans|zh-Hant|zu,False,False,5,eligible_for_content_review,caption_tracks=157
PDqHwp4m-OQ,https://www.youtube.com/watch?v=PDqHwp4m-OQ,EMERGENCY BRAKING from a Pro Instructor - Any Motorcycle / Harley Davidson Pan America,MOTOTREK,en,emergency_braking,661,public,True,821,True,0,True,aa|ab|af|ak|am|ar|as|ay|az|ba|be|bg|bho|bn|bo|br|bs|ca|ceb|co|crs|cs|cy|da|de|dv|dz|ee|el|en|en-orig|eo|es|et|eu|fa|fi|fil|fj|fo|fr|fy|ga|gaa|gd|gl|gn|gu|gv|ha|haw|hi|hmn|hr|ht|hu|hy|id|ig|is|it|iu|iw|ja|jv|ka|kha|kk|kl|km|kn|ko|kri|ku|ky|la|lb|lg|ln|lo|lt|lua|luo|lv|mfe|mg|mi|mk|ml|mn|mr|ms|mt|my|ne|new|nl|no|nso|ny|oc|om|or|os|pa|pam|pl|ps|pt|pt-PT|qu|rn|ro|ru|rw|sa|sd|sg|si|sk|sl|sm|sn|so|sq|sr|ss|st|su|sv|sw|ta|te|tg|th|ti|tk|tn|to|tr|ts|tt|tum|ug|uk|ur|uz|ve|vi|war|wo|xh|yi|yo|zh-Hans|zh-Hant|zu,True,True,6,eligible_for_content_review,caption_tracks=157; professional_source_signal; marketing_signal_present
YB4tF7w2UyM,https://www.youtube.com/watch?v=YB4tF7w2UyM,איך לשרוד על הכביש עם אופנוע- התאמת האופנוע לרוכב,Maticycles,he,group_riding,347,public,True,0,True,0,True,,False,False,1,rejected,description_missing; no_chapters_or_captions_for_content_evidence
_PCgAy8kPkk,https://www.youtube.com/watch?v=_PCgAy8kPkk,Are Bull-it Motorcycle Jeans Actually Any Good? (Full Breakdown),Moto Central,en,protective_gear,852,public,True,1246,True,0,True,,False,True,5,rejected,no_chapters_or_captions_for_content_evidence
hHtIj3qYSp8,https://www.youtube.com/watch?v=hHtIj3qYSp8,ילד קטן לבדו שמתקשה לחצות כביש סואן בסוקולוב כיוון שאף רכב לא עוצר לו - צילום: רוני שחר,Ran ben simhon,he,water_crossing,9,public,True,0,True,0,True,,False,False,0,rejected,too_short_for_release_depth; description_missing; no_chapters_or_captions_for_content_evidence
c2OaJDNTycQ,https://www.youtube.com/watch?v=c2OaJDNTycQ,Riding My Motorbike in the Rain! ( RollingCircus MotoVlog ),Rolling Circus,en,rain,1044,public,True,1975,True,0,True,aa|ab|af|ak|am|ar|as|ay|az|ba|be|bg|bho|bn|bo|br|bs|ca|ceb|co|crs|cs|cy|da|de|dv|dz|ee|el|en|en-orig|eo|es|et|eu|fa|fi|fil|fj|fo|fr|fy|ga|gaa|gd|gl|gn|gu|gv|ha|haw|hi|hmn|hr|ht|hu|hy|id|ig|is|it|iu|iw|ja|jv|ka|kha|kk|kl|km|kn|ko|kri|ku|ky|la|lb|lg|ln|lo|lt|lua|luo|lv|mfe|mg|mi|mk|ml|mn|mr|ms|mt|my|ne|new|nl|no|nso|ny|oc|om|or|os|pa|pam|pl|ps|pt|pt-PT|qu|rn|ro|ru|rw|sa|sd|sg|si|sk|sl|sm|sn|so|sq|sr|ss|st|su|sv|sw|ta|te|tg|th|ti|tk|tn|to|tr|ts|tt|tum|ug|uk|ur|uz|ve|vi|war|wo|xh|yi|yo|zh-Hans|zh-Hant|zu,False,False,6,eligible_for_content_review,caption_tracks=157
eTBshYyXrW0,https://www.youtube.com/watch?v=eTBshYyXrW0,🌙🏍️ MOTORCYCLE NIGHT RIDING SAFETY TIPS 🏍️🌙,TWO WHEELS PARADISE,en,night,1308,public,True,1430,True,0,True,aa|ab|af|ak|am|ar|as|ay|az|ba|be|bg|bho|bn|bo|br|bs|ca|ceb|co|crs|cs|cy|da|de|dv|dz|ee|el|en|en-orig|eo|es|et|eu|fa|fi|fil|fj|fo|fr|fy|ga|gaa|gd|gl|gn|gu|gv|ha|haw|hi|hmn|hr|ht|hu|hy|id|ig|is|it|iu|iw|ja|jv|ka|kha|kk|kl|km|kn|ko|kri|ku|ky|la|lb|lg|ln|lo|lt|lua|luo|lv|mfe|mg|mi|mk|ml|mn|mr|ms|mt|my|ne|new|nl|no|nso|ny|oc|om|or|os|pa|pam|pl|ps|pt|pt-PT|qu|rn|ro|ru|rw|sa|sd|sg|si|sk|sl|sm|sn|so|sq|sr|ss|st|su|sv|sw|ta|te|tg|th|ti|tk|tn|to|tr|ts|tt|tum|ug|uk|ur|uz|ve|vi|war|wo|xh|yi|yo|zh-Hans|zh-Hant|zu,False,True,8,eligible_for_content_review,caption_tracks=157; professional_source_signal
X5JXZwGVSZg,https://www.youtube.com/watch?v=X5JXZwGVSZg,wili קיר 90 מעלות 2004.flv,Wili  Adventure club,he,lifting,13,public,True,273,True,0,True,,False,False,1,rejected,too_short_for_release_depth; no_chapters_or_captions_for_content_evidence
vMM1giqAC5A,https://www.youtube.com/watch?v=vMM1giqAC5A,רכיבת אופנועי שטח בבן שמן אחרי הגשם 14.12.2012,kRuvi,he,mud,155,public,True,0,True,0,True,,False,False,1,rejected,description_missing; no_chapters_or_captions_for_content_evidence
7_FJkf_lzEQ,https://www.youtube.com/watch?v=7_FJkf_lzEQ,כל הדרכים לבטיחות בדרכים - מנתונים למדיניות,הלשכה המרכזית לסטטיסטיקה CBS Israel,he,safety_body,6503,public,True,852,True,0,True,,False,True,4,rejected,too_long_for_focused_guide_entry; no_chapters_or_captions_for_content_evidence
Z-xbcfNuato,https://www.youtube.com/watch?v=Z-xbcfNuato,בדיקת מתיחות וטווח שרשרת באופנוע,Versys 300 - Israel,he,maintenance,70,public,True,263,True,0,True,,False,False,1,rejected,no_chapters_or_captions_for_content_evidence
O3hy800aBXY,https://www.youtube.com/watch?v=O3hy800aBXY,פנצ'ר באופנוע,ידידים - סיוע בדרכים 1230,he,puncture,76,public,True,39,True,0,True,,False,False,1,rejected,no_chapters_or_captions_for_content_evidence
OH9bnjtdUN4,https://www.youtube.com/watch?v=OH9bnjtdUN4,שיטה קלה לזיהוי סוג הכביש. חד סטרי/דו סיטרי,יניב קרניאל,he,u_turn,56,public,True,0,True,0,True,,False,False,0,rejected,too_short_for_release_depth; description_missing; no_chapters_or_captions_for_content_evidence
-fkv0t3KcDk,https://www.youtube.com/watch?v=-fkv0t3KcDk,החלפת משכך היגוי - אדוונצר 1090R | מומנט אופנועים- ירושלים,מומנט אופנועים - מקצוענות מעל הכל,he,countersteering,120,public,True,835,True,0,True,,False,False,3,rejected,no_chapters_or_captions_for_content_evidence
GwXb1oEWeMY,https://www.youtube.com/watch?v=GwXb1oEWeMY,מצב נפשי ופיזי,SobeR RideR,he,fatigue,1384,public,True,373,True,5,True,aa|ab|af|ak|am|ar|as|ay|az|ba|be|bg|bho|bn|bo|br|bs|ca|ceb|co|crs|cs|cy|da|de|dv|dz|ee|el|en|eo|es|et|eu|fa|fi|fil|fj|fo|fr|fy|ga|gaa|gd|gl|gn|gu|gv|ha|haw|hi|hmn|hr|ht|hu|hy|id|ig|is|it|iu|iw|iw-orig|ja|jv|ka|kha|kk|kl|km|kn|ko|kri|ku|ky|la|lb|lg|ln|lo|lt|lua|luo|lv|mfe|mg|mi|mk|ml|mn|mr|ms|mt|my|ne|new|nl|no|nso|ny|oc|om|or|os|pa|pam|pl|ps|pt|pt-PT|qu|rn|ro|ru|rw|sa|sd|sg|si|sk|sl|sm|sn|so|sq|sr|ss|st|su|sv|sw|ta|te|tg|th|ti|tk|tn|to|tr|ts|tt|tum|ug|uk|ur|uz|ve|vi|war|wo|xh|yi|yo|zh-Hans|zh-Hant|zu,False,False,7,eligible_for_content_review,youtube_chapters=5; caption_tracks=157
SdSWQ5M7thw,https://www.youtube.com/watch?v=SdSWQ5M7thw,דרום בקעת הירדן - רכיבת אופנועים בהובלת שוקי גבזה 17032021,משה טיולי שטח Moto Tours,he,navigation,269,public,True,128,True,0,True,,False,False,2,rejected,no_chapters_or_captions_for_content_evidence
NVDoe6MnAOs,https://www.youtube.com/watch?v=NVDoe6MnAOs,מפרץ ההרפתקאות 🐾: ספיישל מוטו גורים | 85 דקות | ניק ג'וניור,ניק ג'וניור ישראל,,recovery,,,False,0,False,0,False,,False,False,0,rejected,source_not_active_public; source_unavailable; duration_missing; description_missing; no_chapters_or_captions_for_content_evidence
bAY-2OdpIus,https://www.youtube.com/watch?v=bAY-2OdpIus,חרבות הברזל 2 חלק 2: חרבו דרבו במדבר,ADV Moto Life,he,channel_seed,2890,public,True,1300,True,16,True,aa|ab|af|ak|am|ar|as|ay|az|ba|be|bg|bho|bn|bo|br|bs|ca|ceb|co|crs|cs|cy|da|de|dv|dz|ee|el|en|eo|es|et|eu|fa|fi|fil|fj|fo|fr|fy|ga|gaa|gd|gl|gn|gu|gv|ha|haw|hi|hmn|hr|ht|hu|hy|id|ig|is|it|iu|iw|iw-orig|ja|jv|ka|kha|kk|kl|km|kn|ko|kri|ku|ky|la|lb|lg|ln|lo|lt|lua|luo|lv|mfe|mg|mi|mk|ml|mn|mr|ms|mt|my|ne|new|nl|no|nso|ny|oc|om|or|os|pa|pam|pl|ps|pt|pt-PT|qu|rn|ro|ru|rw|sa|sd|sg|si|sk|sl|sm|sn|so|sq|sr|ss|st|su|sv|sw|ta|te|tg|th|ti|tk|tn|to|tr|ts|tt|tum|ug|uk|ur|uz|ve|vi|war|wo|xh|yi|yo|zh-Hans|zh-Hant|zu,False,False,7,eligible_for_content_review,youtube_chapters=16; caption_tracks=157
QhNvb6h0XCg,https://www.youtube.com/watch?v=QhNvb6h0XCg,"איך לטפל בשרשרת, ומזה שרשרת בכלל",Moto Lamed,he,maintenance,597,public,True,35,True,0,True,,False,False,2,rejected,no_chapters_or_captions_for_content_evidence
NtLsIDFYv8M,https://www.youtube.com/watch?v=NtLsIDFYv8M,"Epic 22,000km Adventure from London to Sydney |  Europe, Asia, and Australia | Full Movie Experience",Motorcycle Adventure Dirtbike TV,en,fatigue,4238,public,True,4236,True,22,True,aa|ab|af|ak|am|ar|as|ay|az|ba|be|bg|bho|bn|bo|br|bs|ca|ceb|co|crs|cs|cy|da|de|dv|dz|ee|el|en|en-orig|eo|es|et|eu|fa|fi|fil|fj|fo|fr|fy|ga|gaa|gd|gl|gn|gu|gv|ha|haw|hi|hmn|hr|ht|hu|hy|id|ig|is|it|iu|iw|ja|jv|ka|kha|kk|kl|km|kn|ko|kri|ku|ky|la|lb|lg|ln|lo|lt|lua|luo|lv|mfe|mg|mi|mk|ml|mn|mr|ms|mt|my|ne|new|nl|no|nso|ny|oc|om|or|os|pa|pam|pl|ps|pt|pt-PT|qu|rn|ro|ru|rw|sa|sd|sg|si|sk|sl|sm|sn|so|sq|sr|ss|st|su|sv|sw|ta|te|tg|th|ti|tk|tn|to|tr|ts|tt|tum|ug|uk|ur|uz|ve|vi|war|wo|xh|yi|yo|zh|zh-Hans|zh-Hant|zu,False,False,7,eligible_for_content_review,youtube_chapters=22; caption_tracks=158
ndXwbuAnyuA,https://www.youtube.com/watch?v=ndXwbuAnyuA,מדריך הוידאו לרוכב המתחיל - 45 שניות על מיקום נכון בנתיב #3,Pkd Aerui,he,urban_hazards,50,public,True,502,True,0,True,,False,True,4,rejected,too_short_for_release_depth; no_chapters_or_captions_for_content_evidence
krn_-araUyo,https://www.youtube.com/watch?v=krn_-araUyo,"Motorcycle U-Turns Explained | Head Turns, Friction Zone & More",Prorider Central Texas YouTube,en,u_turn,767,public,True,4601,True,14,True,aa|ab|af|ak|am|ar|as|ay|az|ba|be|bg|bho|bn|bo|br|bs|ca|ceb|co|crs|cs|cy|da|de|dv|dz|ee|el|en|en-orig|eo|es|et|eu|fa|fi|fil|fj|fo|fr|fy|ga|gaa|gd|gl|gn|gu|gv|ha|haw|hi|hmn|hr|ht|hu|hy|id|ig|is|it|iu|iw|ja|jv|ka|kha|kk|kl|km|kn|ko|kri|ku|ky|la|lb|lg|ln|lo|lt|lua|luo|lv|mfe|mg|mi|mk|ml|mn|mr|ms|mt|my|ne|new|nl|no|nso|ny|oc|om|or|os|pa|pam|pl|ps|pt|pt-PT|qu|rn|ro|ru|rw|sa|sd|sg|si|sk|sl|sm|sn|so|sq|sr|ss|st|su|sv|sw|ta|te|tg|th|ti|tk|tn|to|tr|ts|tt|tum|ug|uk|ur|uz|ve|vi|war|wo|xh|yi|yo|zh-Hans|zh-Hant|zu,True,False,6,eligible_for_content_review,youtube_chapters=14; caption_tracks=157; marketing_signal_present
NJPYufQoJlQ,https://www.youtube.com/watch?v=NJPYufQoJlQ,נחל מתק אופנועי אדוונצ'ר חוצה ישראל אביב 22,Tal Amir - טל עמיר,he,obstacles,137,public,True,0,True,0,True,,False,False,1,rejected,description_missing; no_chapters_or_captions_for_content_evidence
QeSgniC_l-8,https://www.youtube.com/watch?v=QeSgniC_l-8,Everything Finally Clicked Riding Through NYC | GSX-R600 POV,The Rice Rocketeer,en,cornering,1211,public,True,1331,True,6,True,aa|ab|af|ak|am|ar|as|ay|az|ba|be|bg|bho|bn|bo|br|bs|ca|ceb|co|crs|cs|cy|da|de|dv|dz|ee|el|en|en-orig|eo|es|et|eu|fa|fi|fil|fj|fo|fr|fy|ga|gaa|gd|gl|gn|gu|gv|ha|haw|hi|hmn|hr|ht|hu|hy|id|ig|is|it|iu|iw|ja|jv|ka|kha|kk|kl|km|kn|ko|kri|ku|ky|la|lb|lg|ln|lo|lt|lua|luo|lv|mfe|mg|mi|mk|ml|mn|mr|ms|mt|my|ne|new|nl|no|nso|ny|oc|om|or|os|pa|pam|pl|ps|pt|pt-PT|qu|rn|ro|ru|rw|sa|sd|sg|si|sk|sl|sm|sn|so|sq|sr|ss|st|su|sv|sw|ta|te|tg|th|ti|tk|tn|to|tr|ts|tt|tum|ug|uk|ur|uz|ve|vi|war|wo|xh|yi|yo|zh-Hans|zh-Hant|zu,False,False,8,eligible_for_content_review,youtube_chapters=6; caption_tracks=157
oZiD8uxH0hQ,https://www.youtube.com/watch?v=oZiD8uxH0hQ,"Sand, Mud, Ruts? This Drill Fixes Everything | ADV Fundamentals with Chris Birch",Wanderlust Revs,en,slow_control,598,public,True,1087,True,0,True,aa|ab|af|ak|am|ar|as|ay|az|ba|be|bg|bho|bn|bo|br|bs|ca|ceb|co|crs|cs|cy|da|de|dv|dz|ee|el|en|en-orig|eo|es|et|eu|fa|fi|fil|fj|fo|fr|fy|ga|gaa|gd|gl|gn|gu|gv|ha|haw|hi|hmn|hr|ht|hu|hy|id|ig|is|it|iu|iw|ja|jv|ka|kha|kk|kl|km|kn|ko|kri|ku|ky|la|lb|lg|ln|lo|lt|lua|luo|lv|mfe|mg|mi|mk|ml|mn|mr|ms|mt|my|ne|new|nl|no|nso|ny|oc|om|or|os|pa|pam|pl|ps|pt|pt-PT|qu|rn|ro|ru|rw|sa|sd|sg|si|sk|sl|sm|sn|so|sq|sr|ss|st|su|sv|sw|ta|te|tg|th|ti|tk|tn|to|tr|ts|tt|tum|ug|uk|ur|uz|ve|vi|war|wo|xh|yi|yo|zh-Hans|zh-Hant|zu,False,True,8,eligible_for_content_review,caption_tracks=157; professional_source_signal
esfd_JFw7nw,https://www.youtube.com/watch?v=esfd_JFw7nw,חילוץ שטח,Yaniv Efraim,he,recovery,32,public,True,46,True,0,True,aa|ab|af|ak|am|ar|as|ay|az|ba|be|bg|bho|bn|bo|br|bs|ca|ceb|co|crs|cs|cy|da|de|dv|dz|ee|el|en|eo|es|et|eu|fa|fi|fil|fj|fo|fr|fy|ga|gaa|gd|gl|gn|gu|gv|ha|haw|hi|hmn|hr|ht|hu|hy|id|ig|is|it|iu|iw|iw-orig|ja|jv|ka|kha|kk|kl|km|kn|ko|kri|ku|ky|la|lb|lg|ln|lo|lt|lua|luo|lv|mfe|mg|mi|mk|ml|mn|mr|ms|mt|my|ne|new|nl|no|nso|ny|oc|om|or|os|pa|pam|pl|ps|pt|pt-PT|qu|rn|ro|ru|rw|sa|sd|sg|si|sk|sl|sm|sn|so|sq|sr|ss|st|su|sv|sw|ta|te|tg|th|ti|tk|tn|to|tr|ts|tt|tum|ug|uk|ur|uz|ve|vi|war|wo|xh|yi|yo|zh-Hans|zh-Hant|zu,False,False,4,rejected,too_short_for_release_depth
JGIyQ7_qPx4,https://www.youtube.com/watch?v=JGIyQ7_qPx4,תרקומיא למתחילים,itsik biton,,hills,768,public,True,8,True,0,True,,False,False,2,rejected,language_not_verifiable_as_he_or_en; no_chapters_or_captions_for_content_evidence
hFHVxw7JnYI,https://www.youtube.com/watch?v=hFHVxw7JnYI,רכיבת אופנועי אדוונצ'ר ודו שימושיים בבן שמן 21.7.2011,kRuvi,he,night,280,public,True,0,True,0,True,,False,False,1,rejected,description_missing; no_chapters_or_captions_for_content_evidence
62CHqaZRcPk,https://www.youtube.com/watch?v=62CHqaZRcPk,עופר אופנועים  OFERMOTO החלפת צמיגים ובדיקת מיסבים.,ofermoto,he,puncture,90,public,True,38,True,0,True,aa|ab|af|ak|am|ar|as|ay|az|ba|be|bg|bho|bn|bo|br|bs|ca|ceb|co|crs|cs|cy|da|de|dv|dz|ee|el|en|eo|es|et|eu|fa|fi|fil|fj|fo|fr|fy|ga|gaa|gd|gl|gn|gu|gv|ha|haw|hi|hmn|hr|ht|hu|hy|id|ig|is|it|iu|iw|iw-orig|ja|jv|ka|kha|kk|kl|km|kn|ko|kri|ku|ky|la|lb|lg|ln|lo|lt|lua|luo|lv|mfe|mg|mi|mk|ml|mn|mr|ms|mt|my|ne|new|nl|no|nso|ny|oc|om|or|os|pa|pam|pl|ps|pt|pt-PT|qu|rn|ro|ru|rw|sa|sd|sg|si|sk|sl|sm|sn|so|sq|sr|ss|st|su|sv|sw|ta|te|tg|th|ti|tk|tn|to|tr|ts|tt|tum|ug|uk|ur|uz|ve|vi|war|wo|xh|yi|yo|zh-Hans|zh-Hant|zu,False,False,4,eligible_for_content_review,caption_tracks=157
Zim8TwU7pJQ,https://www.youtube.com/watch?v=Zim8TwU7pJQ,"כיסוי לאופנוע, כיסוי לאופנוע שטח, MotoPark",tk ltd,he,protective_gear,32,public,True,124,True,0,True,,False,False,1,rejected,too_short_for_release_depth; no_chapters_or_captions_for_content_evidence
GL46KQRi0lc,https://www.youtube.com/watch?v=GL46KQRi0lc,ורד נוטמן - בלימת חירום בקורס נהיגה מתקדמת,veredn10,he,emergency_braking,28,public,True,166,True,0,True,,False,False,1,rejected,too_short_for_release_depth; no_chapters_or_captions_for_content_evidence
Qk9yETprnKs,https://www.youtube.com/watch?v=Qk9yETprnKs,סכנות פוטנציאליות בדרך עירונית עורקית: הולכי רגל,אגף זהב משרד החינוך,he,water_crossing,36,public,True,57,True,0,True,,False,False,1,rejected,too_short_for_release_depth; no_chapters_or_captions_for_content_evidence
wkMuKcBxMZQ,https://www.youtube.com/watch?v=wkMuKcBxMZQ,הרמת גלגל  2016 חולים בראש,באלס באלס,,lifting,69,public,True,3,True,0,True,,False,False,1,rejected,language_not_verifiable_as_he_or_en; no_chapters_or_captions_for_content_evidence
_5DhIlXKgpA,https://www.youtube.com/watch?v=_5DhIlXKgpA,בית הספר של החיים | ילד עד גיל 9 לא חוצה כביש לבד,הרשות הלאומית לבטיחות בדרכים,he,safety_body,20,public,True,291,True,0,True,,False,True,3,rejected,too_short_for_release_depth; no_chapters_or_captions_for_content_evidence
ia8i3fLlrUg,https://www.youtube.com/watch?v=ia8i3fLlrUg,חדשות השבת - המכורים לאופנועי שטח | כאן 11 לשעבר רשות השידור,כאן 11 - תאגיד השידור הישראלי,he,offroad_basics,280,public,True,769,True,0,True,aa|ab|af|ak|am|ar|as|ay|az|ba|be|bg|bho|bn|bo|br|bs|ca|ceb|co|crs|cs|cy|da|de|dv|dz|ee|el|en|eo|es|et|eu|fa|fi|fil|fj|fo|fr|fy|ga|gaa|gd|gl|gn|gu|gv|ha|haw|hi|hmn|hr|ht|hu|hy|id|ig|is|it|iu|iw|iw-orig|ja|jv|ka|kha|kk|kl|km|kn|ko|kri|ku|ky|la|lb|lg|ln|lo|lt|lua|luo|lv|mfe|mg|mi|mk|ml|mn|mr|ms|mt|my|ne|new|nl|no|nso|ny|oc|om|or|os|pa|pam|pl|ps|pt|pt-PT|qu|rn|ro|ru|rw|sa|sd|sg|si|sk|sl|sm|sn|so|sq|sr|ss|st|su|sv|sw|ta|te|tg|th|ti|tk|tn|to|tr|ts|tt|tum|ug|uk|ur|uz|ve|vi|war|wo|xh|yi|yo|zh-Hans|zh-Hant|zu,False,False,6,rejected,title_indicates_non_instructional_or_promotional_content
uOxOWYnhssY,https://www.youtube.com/watch?v=uOxOWYnhssY,מוטורנט השכרת אופנועים ורייזרים באילת,מוטו רנט,he,sand,81,public,True,408,True,0,True,,False,False,2,rejected,no_chapters_or_captions_for_content_evidence
w9bHxeTqVFA,https://www.youtube.com/watch?v=w9bHxeTqVFA,טיול אופנועים לרמת הגולן 8/5/20,משה טיולי שטח Moto Tours,he,mud,257,public,True,440,True,0,True,aa|ab|af|ak|am|ar|as|ay|az|ba|be|bg|bho|bn|bo|br|bs|ca|ceb|co|crs|cs|cy|da|de|dv|dz|ee|el|en|en-orig|eo|es|et|eu|fa|fi|fil|fj|fo|fr|fy|ga|gaa|gd|gl|gn|gu|gv|ha|haw|hi|hmn|hr|ht|hu|hy|id|ig|is|it|iu|iw|ja|jv|ka|kha|kk|kl|km|kn|ko|kri|ku|ky|la|lb|lg|ln|lo|lt|lua|luo|lv|mfe|mg|mi|mk|ml|mn|mr|ms|mt|my|ne|new|nl|no|nso|ny|oc|om|or|os|pa|pam|pl|ps|pt|pt-PT|qu|rn|ro|ru|rw|sa|sd|sg|si|sk|sl|sm|sn|so|sq|sr|ss|st|su|sv|sw|ta|te|tg|th|ti|tk|tn|to|tr|ts|tt|tum|ug|uk|ur|uz|ve|vi|war|wo|xh|yi|yo|zh-Hans|zh-Hant|zu,False,False,6,rejected,title_indicates_non_instructional_or_promotional_content
xvCHx_ZnOvA,https://www.youtube.com/watch?v=xvCHx_ZnOvA,Georgia by adventure motorcycle - TET - July 2023,משה טיולי שטח Moto Tours,he,navigation,322,public,True,731,True,0,True,,False,False,3,rejected,no_chapters_or_captions_for_content_evidence
bm1Xynt0QuE,https://www.youtube.com/watch?v=bm1Xynt0QuE,The SECRET To ALL Low Speed Confidence,MotoJitsu®,en,slow_control,401,public,True,712,True,0,True,aa|ab|af|ak|am|ar|as|ay|az|ba|be|bg|bho|bn|bo|br|bs|ca|ceb|co|crs|cs|cy|da|de|dv|dz|ee|el|en|en-orig|eo|es|et|eu|fa|fi|fil|fj|fo|fr|fy|ga|gaa|gd|gl|gn|gu|gv|ha|haw|hi|hmn|hr|ht|hu|hy|id|ig|is|it|iu|iw|ja|jv|ka|kha|kk|kl|km|kn|ko|kri|ku|ky|la|lb|lg|ln|lo|lt|lua|luo|lv|mfe|mg|mi|mk|ml|mn|mr|ms|mt|my|ne|new|nl|no|nso|ny|oc|om|or|os|pa|pam|pl|ps|pt|pt-PT|qu|rn|ro|ru|rw|sa|sd|sg|si|sk|sl|sm|sn|so|sq|sr|ss|st|su|sv|sw|ta|te|tg|th|ti|tk|tn|to|tr|ts|tt|tum|ug|uk|ur|uz|ve|vi|war|wo|xh|yi|yo|zh-Hans|zh-Hant|zu,True,True,6,eligible_for_content_review,caption_tracks=157; professional_source_signal; marketing_signal_present
-C_h7PlxPqA,https://www.youtube.com/watch?v=-C_h7PlxPqA,How to ride a motorcycle down a steep hill - dealing with hairpins,Motolyzed,en,road_hills,206,public,True,114,True,0,True,aa|ab|af|ak|am|ar|as|ay|az|ba|be|bg|bho|bn|bo|br|bs|ca|ceb|co|crs|cs|cy|da|de|dv|dz|ee|el|en|en-orig|eo|es|et|eu|fa|fi|fil|fj|fo|fr|fy|ga|gaa|gd|gl|gn|gu|gv|ha|haw|hi|hmn|hr|ht|hu|hy|id|ig|is|it|iu|iw|ja|jv|ka|kha|kk|kl|km|kn|ko|kri|ku|ky|la|lb|lg|ln|lo|lt|lua|luo|lv|mfe|mg|mi|mk|ml|mn|mr|ms|mt|my|ne|new|nl|no|nso|ny|oc|om|or|os|pa|pam|pl|ps|pt|pt-PT|qu|rn|ro|ru|rw|sa|sd|sg|si|sk|sl|sm|sn|so|sq|sr|ss|st|su|sv|sw|ta|te|tg|th|ti|tk|tn|to|tr|ts|tt|tum|ug|uk|ur|uz|ve|vi|war|wo|xh|yi|yo|zh-Hans|zh-Hant|zu,False,False,5,eligible_for_content_review,caption_tracks=157
8RC4KpQmSBY,https://www.youtube.com/watch?v=8RC4KpQmSBY,MOD 1 Test – U Turn Technique Made Simple,1st Gear Motorcycle Training School,en,u_turn,300,public,True,782,True,0,True,aa|ab|af|ak|am|ar|as|ay|az|ba|be|bg|bho|bn|bo|br|bs|ca|ceb|co|crs|cs|cy|da|de|dv|dz|ee|el|en|en-orig|eo|es|et|eu|fa|fi|fil|fj|fo|fr|fy|ga|gaa|gd|gl|gn|gu|gv|ha|haw|hi|hmn|hr|ht|hu|hy|id|ig|is|it|iu|iw|ja|jv|ka|kha|kk|kl|km|kn|ko|kri|ku|ky|la|lb|lg|ln|lo|lt|lua|luo|lv|mfe|mg|mi|mk|ml|mn|mr|ms|mt|my|ne|new|nl|no|nso|ny|oc|om|or|os|pa|pam|pl|ps|pt|pt-PT|qu|rn|ro|ru|rw|sa|sd|sg|si|sk|sl|sm|sn|so|sq|sr|ss|st|su|sv|sw|ta|te|tg|th|ti|tk|tn|to|tr|ts|tt|tum|ug|uk|ur|uz|ve|vi|war|wo|xh|yi|yo|zh-Hans|zh-Hant|zu,False,True,8,eligible_for_content_review,caption_tracks=157; professional_source_signal
eqbeqc2xeBc,https://www.youtube.com/watch?v=eqbeqc2xeBc,How to Master a Motorcycle Emergency Stop | Better Riding,Bennetts BikeSocial,en,emergency_braking,1828,public,True,1914,True,15,True,aa|ab|af|ak|am|ar|as|ay|az|ba|be|bg|bho|bn|bo|br|bs|ca|ceb|co|crs|cs|cy|da|de|dv|dz|ee|el|en|en-GB|en-orig|eo|es|et|eu|fa|fi|fil|fj|fo|fr|fy|ga|gaa|gd|gl|gn|gu|gv|ha|haw|hi|hmn|hr|ht|hu|hy|id|ig|is|it|iu|iw|ja|jv|ka|kha|kk|kl|km|kn|ko|kri|ku|ky|la|lb|lg|ln|lo|lt|lua|luo|lv|mfe|mg|mi|mk|ml|mn|mr|ms|mt|my|ne|new|nl|no|nso|ny|oc|om|or|os|pa|pam|pl|ps|pt|pt-PT|qu|rn|ro|ru|rw|sa|sd|sg|si|sk|sl|sm|sn|so|sq|sr|ss|st|su|sv|sw|ta|te|tg|th|ti|tk|tn|to|tr|ts|tt|tum|ug|uk|ur|uz|ve|vi|war|wo|xh|yi|yo|zh-Hans|zh-Hant|zu,False,True,9,eligible_for_content_review,youtube_chapters=15; caption_tracks=158; professional_source_signal
jevfjCDOddA,https://www.youtube.com/watch?v=jevfjCDOddA,"Motorcycle Touring? Here's what to take, and how to pack it.",Big Rock Moto,en,luggage,884,public,True,1326,True,17,True,aa|ab|af|ak|am|ar|as|ay|az|ba|be|bg|bho|bn|bo|br|bs|ca|ceb|co|crs|cs|cy|da|de|dv|dz|ee|el|en|en-orig|eo|es|et|eu|fa|fi|fil|fj|fo|fr|fy|ga|gaa|gd|gl|gn|gu|gv|ha|haw|hi|hmn|hr|ht|hu|hy|id|ig|is|it|iu|iw|ja|jv|ka|kha|kk|kl|km|kn|ko|kri|ku|ky|la|lb|lg|ln|lo|lt|lua|luo|lv|mfe|mg|mi|mk|ml|mn|mr|ms|mt|my|ne|new|nl|no|nso|ny|oc|om|or|os|pa|pam|pl|ps|pt|pt-PT|qu|rn|ro|ru|rw|sa|sd|sg|si|sk|sl|sm|sn|so|sq|sr|ss|st|su|sv|sw|ta|te|tg|th|ti|tk|tn|to|tr|ts|tt|tum|ug|uk|ur|uz|ve|vi|war|wo|xh|yi|yo|zh-Hans|zh-Hant|zu,True,False,6,eligible_for_content_review,youtube_chapters=17; caption_tracks=157; marketing_signal_present
_FzURX3rpyM,https://www.youtube.com/watch?v=_FzURX3rpyM,The Perfect Basic Off Road Standing Position - Mini-Tip Monday,Brake Magazine,en,offroad_position,381,public,True,1212,True,5,True,aa|ab|af|ak|am|ar|as|ay|az|ba|be|bg|bho|bn|bo|br|bs|ca|ceb|co|crs|cs|cy|da|de|dv|dz|ee|el|en|en-orig|eo|es|et|eu|fa|fi|fil|fj|fo|fr|fy|ga|gaa|gd|gl|gn|gu|gv|ha|haw|hi|hmn|hr|ht|hu|hy|id|ig|is|it|iu|iw|ja|jv|ka|kha|kk|kl|km|kn|ko|kri|ku|ky|la|lb|lg|ln|lo|lt|lua|luo|lv|mfe|mg|mi|mk|ml|mn|mr|ms|mt|my|ne|new|nl|no|nso|ny|oc|om|or|os|pa|pam|pl|ps|pt|pt-PT|qu|rn|ro|ru|rw|sa|sd|sg|si|sk|sl|sm|sn|so|sq|sr|ss|st|su|sv|sw|ta|te|tg|th|ti|tk|tn|to|tr|ts|tt|tum|ug|uk|ur|uz|ve|vi|war|wo|xh|yi|yo|zh-Hans|zh-Hant|zu,True,False,6,eligible_for_content_review,youtube_chapters=5; caption_tracks=157; marketing_signal_present
M6d1cWB-4gY,https://www.youtube.com/watch?v=M6d1cWB-4gY,Riding with a Passenger - Nobody Talks About This,Cafe Racer New York City,en,passenger,268,public,True,884,True,0,True,aa|ab|af|ak|am|ar|as|ay|az|ba|be|bg|bho|bn|bo|br|bs|ca|ceb|co|crs|cs|cy|da|de|dv|dz|ee|el|en|en-orig|eo|es|et|eu|fa|fi|fil|fj|fo|fr|fy|ga|gaa|gd|gl|gn|gu|gv|ha|haw|hi|hmn|hr|ht|hu|hy|id|ig|is|it|iu|iw|ja|jv|ka|kha|kk|kl|km|kn|ko|kri|ku|ky|la|lb|lg|ln|lo|lt|lua|luo|lv|mfe|mg|mi|mk|ml|mn|mr|ms|mt|my|ne|new|nl|no|nso|ny|oc|om|or|os|pa|pam|pl|ps|pt|pt-PT|qu|rn|ro|ru|rw|sa|sd|sg|si|sk|sl|sm|sn|so|sq|sr|ss|st|su|sv|sw|ta|te|tg|th|ti|tk|tn|to|tr|ts|tt|tum|ug|uk|ur|uz|ve|vi|war|wo|xh|yi|yo|zh-Hans|zh-Hant|zu,False,True,8,eligible_for_content_review,caption_tracks=157; professional_source_signal
xeDi07LM3Cc,https://www.youtube.com/watch?v=xeDi07LM3Cc,Body Position and Body Timing | For Street Riding,ChampSchool,en,road_position,480,public,True,895,True,0,True,aa|ab|af|ak|am|ar|as|ay|az|ba|be|bg|bho|bn|bo|br|bs|ca|ceb|co|crs|cs|cy|da|de|dv|dz|ee|el|en|en-orig|eo|es|et|eu|fa|fi|fil|fj|fo|fr|fy|ga|gaa|gd|gl|gn|gu|gv|ha|haw|hi|hmn|hr|ht|hu|hy|id|ig|is|it|iu|iw|ja|jv|ka|kha|kk|kl|km|kn|ko|kri|ku|ky|la|lb|lg|ln|lo|lt|lua|luo|lv|mfe|mg|mi|mk|ml|mn|mr|ms|mt|my|ne|new|nl|no|nso|ny|oc|om|or|os|pa|pam|pl|ps|pt|pt-PT|qu|rn|ro|ru|rw|sa|sd|sg|si|sk|sl|sm|sn|so|sq|sr|ss|st|su|sv|sw|ta|te|tg|th|ti|tk|tn|to|tr|ts|tt|tum|ug|uk|ur|uz|ve|vi|war|wo|xh|yi|yo|zh-Hans|zh-Hant|zu,True,True,6,eligible_for_content_review,caption_tracks=157; professional_source_signal; marketing_signal_present
amaIWvH3dG0,https://www.youtube.com/watch?v=amaIWvH3dG0,Total Control Advanced Riding Clinic HD,Cycle Sports TV,en,advanced_training,231,public,True,230,True,3,True,aa|ab|af|ak|am|ar|as|ay|az|ba|be|bg|bho|bn|bo|br|bs|ca|ceb|co|crs|cs|cy|da|de|dv|dz|ee|el|en|en-orig|eo|es|et|eu|fa|fi|fil|fj|fo|fr|fy|ga|gaa|gd|gl|gn|gu|gv|ha|haw|hi|hmn|hr|ht|hu|hy|id|ig|is|it|iu|iw|ja|jv|ka|kha|kk|kl|km|kn|ko|kri|ku|ky|la|lb|lg|ln|lo|lt|lua|luo|lv|mfe|mg|mi|mk|ml|mn|mr|ms|mt|my|ne|new|nl|no|nso|ny|oc|om|or|os|pa|pam|pl|ps|pt|pt-PT|qu|rn|ro|ru|rw|sa|sd|sg|si|sk|sl|sm|sn|so|sq|sr|ss|st|su|sv|sw|ta|te|tg|th|ti|tk|tn|to|tr|ts|tt|tum|ug|uk|ur|uz|ve|vi|war|wo|xh|yi|yo|zh-Hans|zh-Hant|zu,False,False,7,eligible_for_content_review,youtube_chapters=3; caption_tracks=157
Au2aBqAEsJQ,https://www.youtube.com/watch?v=Au2aBqAEsJQ,TOP 5 Defensive Motorcycle Riding Tips | MotoVlog,CycleCruza,en,urban_hazards,496,public,True,3363,True,4,True,aa|ab|af|ak|am|ar|as|ay|az|ba|be|bg|bho|bn|bo|br|bs|ca|ceb|co|crs|cs|cy|da|de|dv|dz|ee|el|en|en-orig|eo|es|et|eu|fa|fi|fil|fj|fo|fr|fy|ga|gaa|gd|gl|gn|gu|gv|ha|haw|hi|hmn|hr|ht|hu|hy|id|ig|is|it|iu|iw|ja|jv|ka|kha|kk|kl|km|kn|ko|kri|ku|ky|la|lb|lg|ln|lo|lt|lua|luo|lv|mfe|mg|mi|mk|ml|mn|mr|ms|mt|my|ne|new|nl|no|nso|ny|oc|om|or|os|pa|pam|pl|ps|pt|pt-PT|qu|rn|ro|ru|rw|sa|sd|sg|si|sk|sl|sm|sn|so|sq|sr|ss|st|su|sv|sw|ta|te|tg|th|ti|tk|tn|to|tr|ts|tt|tum|ug|uk|ur|uz|ve|vi|war|wo|xh|yi|yo|zh-Hans|zh-Hant|zu,True,False,6,eligible_for_content_review,youtube_chapters=4; caption_tracks=157; marketing_signal_present
kPB_jYKJ5Wg,https://www.youtube.com/watch?v=kPB_jYKJ5Wg,Why & How To Swerve On Your Motorcycle / Motorcycle Training Concepts,DanDanTheFireman,en,swerving,409,public,True,4576,True,0,True,aa|ab|af|ak|am|ar|as|ay|az|ba|be|bg|bho|bn|bo|br|bs|ca|ceb|co|crs|cs|cy|da|de|dv|dz|ee|el|en|en-orig|eo|es|et|eu|fa|fi|fil|fj|fo|fr|fy|ga|gaa|gd|gl|gn|gu|gv|ha|haw|hi|hmn|hr|ht|hu|hy|id|ig|is|it|iu|iw|ja|jv|ka|kha|kk|kl|km|kn|ko|kri|ku|ky|la|lb|lg|ln|lo|lt|lua|luo|lv|mfe|mg|mi|mk|ml|mn|mr|ms|mt|my|ne|new|nl|no|nso|ny|oc|om|or|os|pa|pam|pl|ps|pt|pt-PT|qu|rn|ro|ru|rw|sa|sd|sg|si|sk|sl|sm|sn|so|sq|sr|ss|st|su|sv|sw|ta|te|tg|th|ti|tk|tn|to|tr|ts|tt|tum|ug|uk|ur|uz|ve|vi|war|wo|xh|yi|yo|zh-Hans|zh-Hant|zu,True,True,6,eligible_for_content_review,caption_tracks=157; professional_source_signal; marketing_signal_present
uXkKS8z0nSI,https://www.youtube.com/watch?v=uXkKS8z0nSI,1 Simple Tip To Make Night Riding Safer,DanDanTheFireman,en,night,306,public,True,4723,True,0,True,aa|ab|af|ak|am|ar|as|ay|az|ba|be|bg|bho|bn|bo|br|bs|ca|ceb|co|crs|cs|cy|da|de|dv|dz|ee|el|en|en-orig|eo|es|et|eu|fa|fi|fil|fj|fo|fr|fy|ga|gaa|gd|gl|gn|gu|gv|ha|haw|hi|hmn|hr|ht|hu|hy|id|ig|is|it|iu|iw|ja|jv|ka|kha|kk|kl|km|kn|ko|kri|ku|ky|la|lb|lg|ln|lo|lt|lua|luo|lv|mfe|mg|mi|mk|ml|mn|mr|ms|mt|my|ne|new|nl|no|nso|ny|oc|om|or|os|pa|pam|pl|ps|pt|pt-PT|qu|rn|ro|ru|rw|sa|sd|sg|si|sk|sl|sm|sn|so|sq|sr|ss|st|su|sv|sw|ta|te|tg|th|ti|tk|tn|to|tr|ts|tt|tum|ug|uk|ur|uz|ve|vi|war|wo|xh|yi|yo|zh-Hans|zh-Hant|zu,True,True,6,eligible_for_content_review,caption_tracks=157; professional_source_signal; marketing_signal_present
aMdKYH8D0OI,https://www.youtube.com/watch?v=aMdKYH8D0OI,3 Ways to Pick Up a Fallen Heavy Adv Motorcycle BMW 1250GS 850GS,Dino's Vault,en,lifting,426,public,True,332,True,0,True,,False,False,2,rejected,no_chapters_or_captions_for_content_evidence
AjfrZqkDXnA,https://www.youtube.com/watch?v=AjfrZqkDXnA,"Before You Ride - A Quick, Effective Motorcycle Safety Check",FortNine,en,pre_ride,353,public,True,1010,True,5,True,aa|ab|af|ak|am|ar|as|ay|az|ba|be|bg|bho|bn|bo|br|bs|ca|ceb|co|crs|cs|cy|da|de|dv|dz|ee|el|en|en-orig|eo|es|et|eu|fa|fi|fil|fj|fo|fr|fy|ga|gaa|gd|gl|gn|gu|gv|ha|haw|hi|hmn|hr|ht|hu|hy|id|ig|is|it|iu|iw|ja|jv|ka|kha|kk|kl|km|kn|ko|kri|ku|ky|la|lb|lg|ln|lo|lt|lua|luo|lv|mfe|mg|mi|mk|ml|mn|mr|ms|mt|my|ne|new|nl|no|nso|ny|oc|om|or|os|pa|pam|pl|ps|pt|pt-PT|qu|rn|ro|ru|rw|sa|sd|sg|si|sk|sl|sm|sn|so|sq|sr|ss|st|su|sv|sw|ta|te|tg|th|ti|tk|tn|to|tr|ts|tt|tum|ug|uk|ur|uz|ve|vi|war|wo|xh|yi|yo|zh-Hans|zh-Hant|zu,True,False,6,eligible_for_content_review,youtube_chapters=5; caption_tracks=157; marketing_signal_present
rmWQKoN6yX0,https://www.youtube.com/watch?v=rmWQKoN6yX0,Best Beginner Motorcycle Gear – What Do You Really Need?,FortNine,en,protective_gear,622,public,True,900,True,5,True,aa|ab|af|ak|am|ar|as|ay|az|ba|be|bg|bho|bn|bo|br|bs|ca|ceb|co|crs|cs|cy|da|de|dv|dz|ee|el|en|en-orig|eo|es|et|eu|fa|fi|fil|fj|fo|fr|fy|ga|gaa|gd|gl|gn|gu|gv|ha|haw|hi|hmn|hr|ht|hu|hy|id|ig|is|it|iu|iw|ja|jv|ka|kha|kk|kl|km|kn|ko|kri|ku|ky|la|lb|lg|ln|lo|lt|lua|luo|lv|mfe|mg|mi|mk|ml|mn|mr|ms|mt|my|ne|new|nl|no|nso|ny|oc|om|or|os|pa|pam|pl|ps|pt|pt-PT|qu|rn|ro|ru|rw|sa|sd|sg|si|sk|sl|sm|sn|so|sq|sr|ss|st|su|sv|sw|ta|te|tg|th|ti|tk|tn|to|tr|ts|tt|tum|ug|uk|ur|uz|ve|vi|war|wo|xh|yi|yo|zh-Hans|zh-Hant|zu,True,False,6,eligible_for_content_review,youtube_chapters=5; caption_tracks=157; marketing_signal_present
QrdzBXxa7e0,https://www.youtube.com/watch?v=QrdzBXxa7e0,How to ADJUST SAG - Works on All Bikes - Adventure Motorcycle Suspension Part 3,MOTOTREK,en,suspension,610,public,True,368,True,6,True,aa|ab|af|ak|am|ar|as|ay|az|ba|be|bg|bho|bn|bo|br|bs|ca|ceb|co|crs|cs|cy|da|de|dv|dz|ee|el|en|en-orig|eo|es|et|eu|fa|fi|fil|fj|fo|fr|fy|ga|gaa|gd|gl|gn|gu|gv|ha|haw|hi|hmn|hr|ht|hu|hy|id|ig|is|it|iu|iw|ja|jv|ka|kha|kk|kl|km|kn|ko|kri|ku|ky|la|lb|lg|ln|lo|lt|lua|luo|lv|mfe|mg|mi|mk|ml|mn|mr|ms|mt|my|ne|new|nl|no|nso|ny|oc|om|or|os|pa|pam|pl|ps|pt|pt-PT|qu|rn|ro|ru|rw|sa|sd|sg|si|sk|sl|sm|sn|so|sq|sr|ss|st|su|sv|sw|ta|te|tg|th|ti|tk|tn|to|tr|ts|tt|tum|ug|uk|ur|uz|ve|vi|war|wo|xh|yi|yo|zh-Hans|zh-Hant|zu,True,True,7,eligible_for_content_review,youtube_chapters=6; caption_tracks=157; professional_source_signal; marketing_signal_present
HEyQdEvIxes,https://www.youtube.com/watch?v=HEyQdEvIxes,Trail Braking EXPLAINED 3 Levels Of Difficulty,MotoJitsu®,en,trail_braking,384,public,True,712,True,0,True,aa|ab|af|ak|am|ar|as|ay|az|ba|be|bg|bho|bn|bo|br|bs|ca|ceb|co|crs|cs|cy|da|de|dv|dz|ee|el|en|en-orig|eo|es|et|eu|fa|fi|fil|fj|fo|fr|fy|ga|gaa|gd|gl|gn|gu|gv|ha|haw|hi|hmn|hr|ht|hu|hy|id|ig|is|it|iu|iw|ja|jv|ka|kha|kk|kl|km|kn|ko|kri|ku|ky|la|lb|lg|ln|lo|lt|lua|luo|lv|mfe|mg|mi|mk|ml|mn|mr|ms|mt|my|ne|new|nl|no|nso|ny|oc|om|or|os|pa|pam|pl|ps|pt|pt-PT|qu|rn|ro|ru|rw|sa|sd|sg|si|sk|sl|sm|sn|so|sq|sr|ss|st|su|sv|sw|ta|te|tg|th|ti|tk|tn|to|tr|ts|tt|tum|ug|uk|ur|uz|ve|vi|war|wo|xh|yi|yo|zh-Hans|zh-Hant|zu,True,True,6,eligible_for_content_review,caption_tracks=157; professional_source_signal; marketing_signal_present
xNvdB6pMdx0,https://www.youtube.com/watch?v=xNvdB6pMdx0,ONE FINGER Counter Steering Demonstration,MotoJitsu®,en,countersteering,68,public,True,712,True,0,True,aa|ab|af|ak|am|ar|as|ay|az|ba|be|bg|bho|bn|bo|br|bs|ca|ceb|co|crs|cs|cy|da|de|dv|dz|ee|el|en|en-orig|eo|es|et|eu|fa|fi|fil|fj|fo|fr|fy|ga|gaa|gd|gl|gn|gu|gv|ha|haw|hi|hmn|hr|ht|hu|hy|id|ig|is|it|iu|iw|ja|jv|ka|kha|kk|kl|km|kn|ko|kri|ku|ky|la|lb|lg|ln|lo|lt|lua|luo|lv|mfe|mg|mi|mk|ml|mn|mr|ms|mt|my|ne|new|nl|no|nso|ny|oc|om|or|os|pa|pam|pl|ps|pt|pt-PT|qu|rn|ro|ru|rw|sa|sd|sg|si|sk|sl|sm|sn|so|sq|sr|ss|st|su|sv|sw|ta|te|tg|th|ti|tk|tn|to|tr|ts|tt|tum|ug|uk|ur|uz|ve|vi|war|wo|xh|yi|yo|zh-Hans|zh-Hant|zu,True,True,5,eligible_for_content_review,caption_tracks=157; professional_source_signal; marketing_signal_present
I9SeHb6U1OQ,https://www.youtube.com/watch?v=I9SeHb6U1OQ,What Is The Best Adventure Motorcycle Tire Pressure? | MC Garage,Motorcyclist Magazine,en,tires,253,public,True,2920,True,9,True,aa|ab|af|ak|am|ar|as|ay|az|ba|be|bg|bho|bn|bo|br|bs|ca|ceb|co|crs|cs|cy|da|de|dv|dz|ee|el|en|en-orig|eo|es|et|eu|fa|fi|fil|fj|fo|fr|fy|ga|gaa|gd|gl|gn|gu|gv|ha|haw|hi|hmn|hr|ht|hu|hy|id|ig|is|it|iu|iw|ja|jv|ka|kha|kk|kl|km|kn|ko|kri|ku|ky|la|lb|lg|ln|lo|lt|lua|luo|lv|mfe|mg|mi|mk|ml|mn|mr|ms|mt|my|ne|new|nl|no|nso|ny|oc|om|or|os|pa|pam|pl|ps|pt|pt-PT|qu|rn|ro|ru|rw|sa|sd|sg|si|sk|sl|sm|sn|so|sq|sr|ss|st|su|sv|sw|ta|te|tg|th|ti|tk|tn|to|tr|ts|tt|tum|ug|uk|ur|uz|ve|vi|war|wo|xh|yi|yo|zh-Hans|zh-Hant|zu,True,False,6,eligible_for_content_review,youtube_chapters=9; caption_tracks=157; marketing_signal_present
ToeaB1SpH2s,https://www.youtube.com/watch?v=ToeaB1SpH2s,How To Repair A Motorcycle Flat Tire On The Trail | MC Garage,Motorcyclist Magazine,en,puncture,289,public,True,4688,True,5,True,aa|ab|af|ak|am|ar|as|ay|az|ba|be|bg|bho|bn|bo|br|bs|ca|ceb|co|crs|cs|cy|da|de|dv|dz|ee|el|en|en-orig|eo|es|et|eu|fa|fi|fil|fj|fo|fr|fy|ga|gaa|gd|gl|gn|gu|gv|ha|haw|hi|hmn|hr|ht|hu|hy|id|ig|is|it|iu|iw|ja|jv|ka|kha|kk|kl|km|kn|ko|kri|ku|ky|la|lb|lg|ln|lo|lt|lua|luo|lv|mfe|mg|mi|mk|ml|mn|mr|ms|mt|my|ne|new|nl|no|nso|ny|oc|om|or|os|pa|pam|pl|ps|pt|pt-PT|qu|rn|ro|ru|rw|sa|sd|sg|si|sk|sl|sm|sn|so|sq|sr|ss|st|su|sv|sw|ta|te|tg|th|ti|tk|tn|to|tr|ts|tt|tum|ug|uk|ur|uz|ve|vi|war|wo|xh|yi|yo|zh-Hans|zh-Hant|zu,True,False,6,eligible_for_content_review,youtube_chapters=5; caption_tracks=157; marketing_signal_present
iw9zeS0wLW8,https://www.youtube.com/watch?v=iw9zeS0wLW8,How To Ride a Motorcycle For Beginners (revised 2025 edition),PetroHead,en,basics,1760,public,True,1162,True,0,True,aa|ab|af|ak|am|ar|as|ay|az|ba|be|bg|bho|bn|bo|br|bs|ca|ceb|co|crs|cs|cy|da|de|dv|dz|ee|el|en|en-orig|eo|es|et|eu|fa|fi|fil|fj|fo|fr|fy|ga|gaa|gd|gl|gn|gu|gv|ha|haw|hi|hmn|hr|ht|hu|hy|id|ig|is|it|iu|iw|ja|jv|ka|kha|kk|kl|km|kn|ko|kri|ku|ky|la|lb|lg|ln|lo|lt|lua|luo|lv|mfe|mg|mi|mk|ml|mn|mr|ms|mt|my|ne|new|nl|no|nso|ny|oc|om|or|os|pa|pam|pl|ps|pt|pt-PT|qu|rn|ro|ru|rw|sa|sd|sg|si|sk|sl|sm|sn|so|sq|sr|ss|st|su|sv|sw|ta|te|tg|th|ti|tk|tn|to|tr|ts|tt|tum|ug|uk|ur|uz|ve|vi|war|wo|xh|yi|yo|zh-Hans|zh-Hant|zu,False,True,8,eligible_for_content_review,caption_tracks=157; professional_source_signal
51gsYMB2beQ,https://www.youtube.com/watch?v=51gsYMB2beQ,HOW TO OVERTAKE ON A MOTORBIKE,RIDER GUIDER,en,overtaking,442,public,True,2773,True,0,True,aa|ab|af|ak|am|ar|as|ay|az|ba|be|bg|bho|bn|bo|br|bs|ca|ceb|co|crs|cs|cy|da|de|dv|dz|ee|el|en|en-orig|eo|es|et|eu|fa|fi|fil|fj|fo|fr|fy|ga|gaa|gd|gl|gn|gu|gv|ha|haw|hi|hmn|hr|ht|hu|hy|id|ig|is|it|iu|iw|ja|jv|ka|kha|kk|kl|km|kn|ko|kri|ku|ky|la|lb|lg|ln|lo|lt|lua|luo|lv|mfe|mg|mi|mk|ml|mn|mr|ms|mt|my|ne|new|nl|no|nso|ny|oc|om|or|os|pa|pam|pl|ps|pt|pt-PT|qu|rn|ro|ru|rw|sa|sd|sg|si|sk|sl|sm|sn|so|sq|sr|ss|st|su|sv|sw|ta|te|tg|th|ti|tk|tn|to|tr|ts|tt|tum|ug|uk|ur|uz|ve|vi|war|wo|xh|yi|yo|zh-Hans|zh-Hant|zu,False,True,8,eligible_for_content_review,caption_tracks=157; professional_source_signal
KRgG21OBjcE,https://www.youtube.com/watch?v=KRgG21OBjcE,How to Clean & Lube Your Motorcycle Chain (The Right Way) | The Shop Manual,RevZilla,en,maintenance,437,public,True,606,True,0,True,aa|ab|af|ak|am|ar|as|ay|az|ba|be|bg|bho|bn|bo|br|bs|ca|ceb|co|crs|cs|cy|da|de|dv|dz|ee|el|en|en-orig|eo|es|et|eu|fa|fi|fil|fj|fo|fr|fy|ga|gaa|gd|gl|gn|gu|gv|ha|haw|hi|hmn|hr|ht|hu|hy|id|ig|is|it|iu|iw|ja|jv|ka|kha|kk|kl|km|kn|ko|kri|ku|ky|la|lb|lg|ln|lo|lt|lua|luo|lv|mfe|mg|mi|mk|ml|mn|mr|ms|mt|my|ne|new|nl|no|nso|ny|oc|om|or|os|pa|pam|pl|ps|pt|pt-PT|qu|rn|ro|ru|rw|sa|sd|sg|si|sk|sl|sm|sn|so|sq|sr|ss|st|su|sv|sw|ta|te|tg|th|ti|tk|tn|to|tr|ts|tt|tum|ug|uk|ur|uz|ve|vi|war|wo|xh|yi|yo|zh-Hans|zh-Hant|zu,False,False,6,eligible_for_content_review,caption_tracks=157
QN_0qXI5wAs,https://www.youtube.com/watch?v=QN_0qXI5wAs,Motorcycle two-up riding tips,Ride Like a Pro Jerry Palladino,en,passenger,230,public,True,755,True,0,True,aa|ab|af|ak|am|ar|as|ay|az|ba|be|bg|bho|bn|bo|br|bs|ca|ceb|co|crs|cs|cy|da|de|dv|dz|ee|el|en|en-orig|eo|es|et|eu|fa|fi|fil|fj|fo|fr|fy|ga|gaa|gd|gl|gn|gu|gv|ha|haw|hi|hmn|hr|ht|hu|hy|id|ig|is|it|iu|iw|ja|jv|ka|kha|kk|kl|km|kn|ko|kri|ku|ky|la|lb|lg|ln|lo|lt|lua|luo|lv|mfe|mg|mi|mk|ml|mn|mr|ms|mt|my|ne|new|nl|no|nso|ny|oc|om|or|os|pa|pam|pl|ps|pt|pt-PT|qu|rn|ro|ru|rw|sa|sd|sg|si|sk|sl|sm|sn|so|sq|sr|ss|st|su|sv|sw|ta|te|tg|th|ti|tk|tn|to|tr|ts|tt|tum|ug|uk|ur|uz|ve|vi|war|wo|xh|yi|yo|zh-Hans|zh-Hant|zu,False,False,6,eligible_for_content_review,caption_tracks=157
lcauMhznleg,https://www.youtube.com/watch?v=lcauMhznleg,How To Navigate On An Adventure Touring Trip? - Ride or Die Motorcycles,Ride or Die Motorcycles,en,navigation,228,public,True,1823,True,0,True,aa|ab|af|ak|am|ar|as|ay|az|ba|be|bg|bho|bn|bo|br|bs|ca|ceb|co|crs|cs|cy|da|de|dv|dz|ee|el|en|en-orig|eo|es|et|eu|fa|fi|fil|fj|fo|fr|fy|ga|gaa|gd|gl|gn|gu|gv|ha|haw|hi|hmn|hr|ht|hu|hy|id|ig|is|it|iu|iw|ja|jv|ka|kha|kk|kl|km|kn|ko|kri|ku|ky|la|lb|lg|ln|lo|lt|lua|luo|lv|mfe|mg|mi|mk|ml|mn|mr|ms|mt|my|ne|new|nl|no|nso|ny|oc|om|or|os|pa|pam|pl|ps|pt|pt-PT|qu|rn|ro|ru|rw|sa|sd|sg|si|sk|sl|sm|sn|so|sq|sr|ss|st|su|sv|sw|ta|te|tg|th|ti|tk|tn|to|tr|ts|tt|tum|ug|uk|ur|uz|ve|vi|war|wo|xh|yi|yo|zh-Hans|zh-Hant|zu,False,True,8,eligible_for_content_review,caption_tracks=157; professional_source_signal
aDybIOOaYzM,https://www.youtube.com/watch?v=aDybIOOaYzM,Zoom Motorcycle Coaching Session: Vision & Cornering Lines,Street Skills Moto,en,cornering,3565,public,True,244,True,5,True,aa|ab|af|ak|am|ar|as|ay|az|ba|be|bg|bho|bn|bo|br|bs|ca|ceb|co|crs|cs|cy|da|de|dv|dz|ee|el|en|en-orig|eo|es|et|eu|fa|fi|fil|fj|fo|fr|fy|ga|gaa|gd|gl|gn|gu|gv|ha|haw|hi|hmn|hr|ht|hu|hy|id|ig|is|it|iu|iw|ja|jv|ka|kha|kk|kl|km|kn|ko|kri|ku|ky|la|lb|lg|ln|lo|lt|lua|luo|lv|mfe|mg|mi|mk|ml|mn|mr|ms|mt|my|ne|new|nl|no|nso|ny|oc|om|or|os|pa|pam|pl|ps|pt|pt-PT|qu|rn|ro|ru|rw|sa|sd|sg|si|sk|sl|sm|sn|so|sq|sr|ss|st|su|sv|sw|ta|te|tg|th|ti|tk|tn|to|tr|ts|tt|tum|ug|uk|ur|uz|ve|vi|war|wo|xh|yi|yo|zh-Hans|zh-Hant|zu,False,True,8,eligible_for_content_review,youtube_chapters=5; caption_tracks=157; professional_source_signal
mRqqe3QqGZw,https://www.youtube.com/watch?v=mRqqe3QqGZw,How To Ride Your Motorcycle SAFE in the RAIN (and Comfortable),The Ride with Roland,en,rain,497,public,True,1549,True,9,True,aa|ab|af|ak|am|ar|as|ay|az|ba|be|bg|bho|bn|bo|br|bs|ca|ceb|co|crs|cs|cy|da|de|dv|dz|ee|el|en|en-orig|eo|es|et|eu|fa|fi|fil|fj|fo|fr|fy|ga|gaa|gd|gl|gn|gu|gv|ha|haw|hi|hmn|hr|ht|hu|hy|id|ig|is|it|iu|iw|ja|jv|ka|kha|kk|kl|km|kn|ko|kri|ku|ky|la|lb|lg|ln|lo|lt|lua|luo|lv|mfe|mg|mi|mk|ml|mn|mr|ms|mt|my|ne|new|nl|no|nso|ny|oc|om|or|os|pa|pam|pl|ps|pt|pt-PT|qu|rn|ro|ru|rw|sa|sd|sg|si|sk|sl|sm|sn|so|sq|sr|ss|st|su|sv|sw|ta|te|tg|th|ti|tk|tn|to|tr|ts|tt|tum|ug|uk|ur|uz|ve|vi|war|wo|xh|yi|yo|zh-Hans|zh-Hant|zu,True,False,6,eligible_for_content_review,youtube_chapters=9; caption_tracks=157; marketing_signal_present
_5-fh-qmqMg,https://www.youtube.com/watch?v=_5-fh-qmqMg,Practice THIS for 15 Minutes and You’ll Ride 10x Better!,Autozium,en,advanced_training,721,public,True,1651,True,6,True,aa|ab|af|ak|am|ar|as|ay|az|ba|be|bg|bho|bn|bo|br|bs|ca|ceb|co|crs|cs|cy|da|de|dv|dz|ee|el|en|en-orig|eo|es|et|eu|fa|fi|fil|fj|fo|fr|fy|ga|gaa|gd|gl|gn|gu|gv|ha|haw|hi|hmn|hr|ht|hu|hy|id|ig|is|it|iu|iw|ja|jv|ka|kha|kk|kl|km|kn|ko|kri|ku|ky|la|lb|lg|ln|lo|lt|lua|luo|lv|mfe|mg|mi|mk|ml|mn|mr|ms|mt|my|ne|new|nl|no|nso|ny|oc|om|or|os|pa|pam|pl|ps|pt|pt-PT|qu|rn|ro|ru|rw|sa|sd|sg|si|sk|sl|sm|sn|so|sq|sr|ss|st|su|sv|sw|ta|te|tg|th|ti|tk|tn|to|tr|ts|tt|tum|ug|uk|ur|uz|ve|vi|war|wo|xh|yi|yo|zh-Hans|zh-Hant|zu,False,True,10,eligible_for_content_review,youtube_chapters=6; caption_tracks=157; professional_source_signal
tJ5KGSjC78E,https://www.youtube.com/watch?v=tJ5KGSjC78E,How to Ride a Motorcycle with a Passenger,Yammie Noob,en,passenger,651,public,True,2292,True,8,True,aa|ab|af|ak|am|ar|as|ay|az|ba|be|bg|bho|bn|bo|br|bs|ca|ceb|co|crs|cs|cy|da|de|dv|dz|ee|el|en|en-orig|eo|es|et|eu|fa|fi|fil|fj|fo|fr|fy|ga|gaa|gd|gl|gn|gu|gv|ha|haw|hi|hmn|hr|ht|hu|hy|id|ig|is|it|iu|iw|ja|jv|ka|kha|kk|kl|km|kn|ko|kri|ku|ky|la|lb|lg|ln|lo|lt|lua|luo|lv|mfe|mg|mi|mk|ml|mn|mr|ms|mt|my|ne|new|nl|no|nso|ny|oc|om|or|os|pa|pam|pl|ps|pt|pt-PT|qu|rn|ro|ru|rw|sa|sd|sg|si|sk|sl|sm|sn|so|sq|sr|ss|st|su|sv|sw|ta|te|tg|th|ti|tk|tn|to|tr|ts|tt|tum|ug|uk|ur|uz|ve|vi|war|wo|xh|yi|yo|zh-Hans|zh-Hant|zu,True,False,6,eligible_for_content_review,youtube_chapters=8; caption_tracks=157; marketing_signal_present
WagYFdREzpE,https://www.youtube.com/watch?v=WagYFdREzpE,U-Turns On An Adventure Motorcycle - Competition Training Review Plus BONUS Sand Turns Footage,ADVMotoSkillZ,,cornering,371,public,True,3024,True,0,True,aa|ab|af|ak|am|ar|as|ay|az|ba|be|bg|bho|bn|bo|br|bs|ca|ceb|co|crs|cs|cy|da|de|dv|dz|ee|el|en|eo|es|et|eu|fa|fi|fil|fj|fo|fr|fy|ga|gaa|gd|gl|gn|gu|gv|ha|haw|hi|hmn|hr|ht|hu|hy|id|ig|is|it|iu|iw|ja|ja-orig|jv|ka|kha|kk|kl|km|kn|ko|kri|ku|ky|la|lb|lg|ln|lo|lt|lua|luo|lv|mfe|mg|mi|mk|ml|mn|mr|ms|mt|my|ne|new|nl|no|nso|ny|oc|om|or|os|pa|pam|pl|ps|pt|pt-PT|qu|rn|ro|ru|rw|sa|sd|sg|si|sk|sl|sm|sn|so|sq|sr|ss|st|su|sv|sw|ta|te|tg|th|ti|tk|tn|to|tr|ts|tt|tum|ug|uk|ur|uz|ve|vi|war|wo|xh|yi|yo|zh-Hans|zh-Hant|zu,False,True,8,rejected,unsupported_declared_language=ja; title_indicates_non_instructional_or_promotional_content
tkQ-s7PI5Ds,https://www.youtube.com/watch?v=tkQ-s7PI5Ds,3 Safe ADV Motorcycle Lifting Techniques,ADVMotoSkillZ,en,lifting,311,public,True,4843,True,0,True,aa|ab|af|ak|am|ar|as|ay|az|ba|be|bg|bho|bn|bo|br|bs|ca|ceb|co|crs|cs|cy|da|de|dv|dz|ee|el|en|en-US|en-orig|eo|es|et|eu|fa|fi|fil|fj|fo|fr|fy|ga|gaa|gd|gl|gn|gu|gv|ha|haw|hi|hmn|hr|ht|hu|hy|id|ig|is|it|iu|iw|ja|jv|ka|kha|kk|kl|km|kn|ko|kri|ku|ky|la|lb|lg|ln|lo|lt|lua|luo|lv|mfe|mg|mi|mk|ml|mn|mr|ms|mt|my|ne|new|nl|no|nso|ny|oc|om|or|os|pa|pam|pl|ps|pt|pt-BR|pt-PT|qu|rn|ro|ru|rw|sa|sd|sg|si|sk|sl|sm|sn|so|sq|sr|ss|st|su|sv|sw|ta|te|tg|th|ti|tk|tn|to|tr|ts|tt|tum|ug|uk|ur|uz|ve|vi|war|wo|xh|yi|yo|zh|zh-Hans|zh-Hant|zu,True,True,6,eligible_for_content_review,caption_tracks=160; professional_source_signal; marketing_signal_present
NwgFDN5DYqQ,https://www.youtube.com/watch?v=NwgFDN5DYqQ,Tips for Setting Up Adventure Bike Suspension w/ Lyndon Poskitt,Brake Magazine,en,suspension,219,public,True,626,True,0,True,aa|ab|af|ak|am|ar|as|ay|az|ba|be|bg|bho|bn|bo|br|bs|ca|ceb|co|crs|cs|cy|da|de|dv|dz|ee|el|en|en-orig|eo|es|et|eu|fa|fi|fil|fj|fo|fr|fy|ga|gaa|gd|gl|gn|gu|gv|ha|haw|hi|hmn|hr|ht|hu|hy|id|ig|is|it|iu|iw|ja|jv|ka|kha|kk|kl|km|kn|ko|kri|ku|ky|la|lb|lg|ln|lo|lt|lua|luo|lv|mfe|mg|mi|mk|ml|mn|mr|ms|mt|my|ne|new|nl|no|nso|ny|oc|om|or|os|pa|pam|pl|ps|pt|pt-PT|qu|rn|ro|ru|rw|sa|sd|sg|si|sk|sl|sm|sn|so|sq|sr|ss|st|su|sv|sw|ta|te|tg|th|ti|tk|tn|to|tr|ts|tt|tum|ug|uk|ur|uz|ve|vi|war|wo|xh|yi|yo|zh-Hans|zh-Hant|zu,True,False,4,eligible_for_content_review,caption_tracks=157; marketing_signal_present
aWU0owE8T8w,https://www.youtube.com/watch?v=aWU0owE8T8w,ADV Motorcycle control set up (ergonomics),Bret Tkacs ADV,en,ergonomics,728,public,True,424,True,6,True,aa|ab|af|ak|am|ar|as|ay|az|ba|be|bg|bho|bn|bo|br|bs|ca|ceb|co|crs|cs|cy|da|de|dv|dz|ee|el|en|en-orig|eo|es|et|eu|fa|fi|fil|fj|fo|fr|fy|ga|gaa|gd|gl|gn|gu|gv|ha|haw|hi|hmn|hr|ht|hu|hy|id|ig|is|it|iu|iw|ja|jv|ka|kha|kk|kl|km|kn|ko|kri|ku|ky|la|lb|lg|ln|lo|lt|lua|luo|lv|mfe|mg|mi|mk|ml|mn|mr|ms|mt|my|ne|new|nl|no|nso|ny|oc|om|or|os|pa|pam|pl|ps|pt|pt-PT|qu|rn|ro|ru|rw|sa|sd|sg|si|sk|sl|sm|sn|so|sq|sr|ss|st|su|sv|sw|ta|te|tg|th|ti|tk|tn|to|tr|ts|tt|tum|ug|uk|ur|uz|ve|vi|war|wo|xh|yi|yo|zh-Hans|zh-Hant|zu,True,False,6,eligible_for_content_review,youtube_chapters=6; caption_tracks=157; marketing_signal_present
cM4YrRjKVUc,https://www.youtube.com/watch?v=cM4YrRjKVUc,Making U-Turns Easy on Big Adventure Motorcycles,Bret Tkacs ADV,en,u_turn,617,public,True,618,True,5,True,aa|ab|af|ak|am|ar|as|ay|az|ba|be|bg|bho|bn|bo|br|bs|ca|ceb|co|crs|cs|cy|da|de|dv|dz|ee|el|en|en-US|en-orig|eo|es|et|eu|fa|fi|fil|fj|fo|fr|fy|ga|gaa|gd|gl|gn|gu|gv|ha|haw|hi|hmn|hr|ht|hu|hy|id|ig|is|it|iu|iw|ja|jv|ka|kha|kk|kl|km|kn|ko|kri|ku|ky|la|lb|lg|ln|lo|lt|lua|luo|lv|mfe|mg|mi|mk|ml|mn|mr|ms|mt|my|ne|new|nl|no|nso|ny|oc|om|or|os|pa|pam|pl|ps|pt|pt-PT|qu|rn|ro|ru|rw|sa|sd|sg|si|sk|sl|sm|sn|so|sq|sr|ss|st|su|sv|sw|ta|te|tg|th|ti|tk|tn|to|tr|ts|tt|tum|ug|uk|ur|uz|ve|vi|war|wo|xh|yi|yo|zh-Hans|zh-Hant|zu,False,True,10,eligible_for_content_review,youtube_chapters=5; caption_tracks=158; professional_source_signal
PgUOOwnZcDU,https://www.youtube.com/watch?v=PgUOOwnZcDU,The Physics of Countersteering,Cambridge Science Centre,en,countersteering,178,public,True,190,True,8,True,aa|ab|af|ak|am|ar|as|ay|az|ba|be|bg|bho|bn|bo|br|bs|ca|ceb|co|crs|cs|cy|da|de|dv|dz|ee|el|en|en-orig|eo|es|et|eu|fa|fi|fil|fj|fo|fr|fy|ga|gaa|gd|gl|gn|gu|gv|ha|haw|hi|hmn|hr|ht|hu|hy|id|ig|is|it|iu|iw|ja|jv|ka|kha|kk|kl|km|kn|ko|kri|ku|ky|la|lb|lg|ln|lo|lt|lua|luo|lv|mfe|mg|mi|mk|ml|mn|mr|ms|mt|my|ne|new|nl|no|nso|ny|oc|om|or|os|pa|pam|pl|ps|pt|pt-PT|qu|rn|ro|ru|rw|sa|sd|sg|si|sk|sl|sm|sn|so|sq|sr|ss|st|su|sv|sw|ta|te|tg|th|ti|tk|tn|to|tr|ts|tt|tum|ug|uk|ur|uz|ve|vi|war|wo|xh|yi|yo|zh-Hans|zh-Hant|zu,False,False,7,eligible_for_content_review,youtube_chapters=8; caption_tracks=157
ShWc7D5HllY,https://www.youtube.com/watch?v=ShWc7D5HllY,Trail Braking Explained in Under 3 Minutes!,ChampSchool,en,trail_braking,172,public,True,1228,True,0,True,aa|ab|af|ak|am|ar|as|ay|az|ba|be|bg|bho|bn|bo|br|bs|ca|ceb|co|crs|cs|cy|da|de|dv|dz|ee|el|en|en-orig|eo|es|et|eu|fa|fi|fil|fj|fo|fr|fy|ga|gaa|gd|gl|gn|gu|gv|ha|haw|hi|hmn|hr|ht|hu|hy|id|ig|is|it|iu|iw|ja|jv|ka|kha|kk|kl|km|kn|ko|kri|ku|ky|la|lb|lg|ln|lo|lt|lua|luo|lv|mfe|mg|mi|mk|ml|mn|mr|ms|mt|my|ne|new|nl|no|nso|ny|oc|om|or|os|pa|pam|pl|ps|pt|pt-PT|qu|rn|ro|ru|rw|sa|sd|sg|si|sk|sl|sm|sn|so|sq|sr|ss|st|su|sv|sw|ta|te|tg|th|ti|tk|tn|to|tr|ts|tt|tum|ug|uk|ur|uz|ve|vi|war|wo|xh|yi|yo|zh-Hans|zh-Hant|zu,False,True,8,eligible_for_content_review,caption_tracks=157; professional_source_signal
zMuVNBk9Ogw,https://www.youtube.com/watch?v=zMuVNBk9Ogw,Birchy's Off - Road Recovery. Chris Birch,Chris Birch - Off Road Coach,en,recovery,944,public,True,263,True,0,True,aa|ab|af|ak|am|ar|as|ay|az|ba|be|bg|bho|bn|bo|br|bs|ca|ceb|co|crs|cs|cy|da|de|dv|dz|ee|el|en|en-orig|eo|es|et|eu|fa|fi|fil|fj|fo|fr|fy|ga|gaa|gd|gl|gn|gu|gv|ha|haw|hi|hmn|hr|ht|hu|hy|id|ig|is|it|iu|iw|ja|jv|ka|kha|kk|kl|km|kn|ko|kri|ku|ky|la|lb|lg|ln|lo|lt|lua|luo|lv|mfe|mg|mi|mk|ml|mn|mr|ms|mt|my|ne|new|nl|no|nso|ny|oc|om|or|os|pa|pam|pl|ps|pt|pt-PT|qu|rn|ro|ru|rw|sa|sd|sg|si|sk|sl|sm|sn|so|sq|sr|ss|st|su|sv|sw|ta|te|tg|th|ti|tk|tn|to|tr|ts|tt|tum|ug|uk|ur|uz|ve|vi|war|wo|xh|yi|yo|zh-Hans|zh-Hant|zu,True,True,5,eligible_for_content_review,caption_tracks=157; professional_source_signal; marketing_signal_present
6hgkx7ZScqY,https://www.youtube.com/watch?v=6hgkx7ZScqY,How to climb hills on dirt bikes ∣ Cross Training Enduro,Cross Training Enduro,en,hill_climb,418,public,True,4867,True,6,True,aa|ab|af|ak|am|ar|as|ay|az|ba|be|bg|bho|bn|bo|br|bs|ca|ceb|co|crs|cs|cy|da|de|dv|dz|ee|el|en|en-GB|en-orig|eo|es|et|eu|fa|fi|fil|fj|fo|fr|fy|ga|gaa|gd|gl|gn|gu|gv|ha|haw|hi|hmn|hr|ht|hu|hy|id|ig|is|it|iu|iw|ja|jv|ka|kha|kk|kl|km|kn|ko|kri|ku|ky|la|lb|lg|ln|lo|lt|lua|luo|lv|mfe|mg|mi|mk|ml|mn|mr|ms|mt|my|ne|new|nl|no|nso|ny|oc|om|or|os|pa|pam|pl|ps|pt|pt-PT|qu|rn|ro|ru|rw|sa|sd|sg|si|sk|sl|sm|sn|so|sq|sr|ss|st|su|sv|sw|ta|te|tg|th|ti|tk|tn|to|tr|ts|tt|tum|ug|uk|ur|uz|ve|vi|war|wo|xh|yi|yo|zh-Hans|zh-Hant|zu,False,True,10,eligible_for_content_review,youtube_chapters=6; caption_tracks=158; professional_source_signal
MBS_7UeiXnQ,https://www.youtube.com/watch?v=MBS_7UeiXnQ,Motorcycle Riding Formation Explained |  Learn Safe Group Riding,Gray Beard Biker,en,group_riding,487,public,True,3580,True,0,True,aa|ab|af|ak|am|ar|as|ay|az|ba|be|bg|bho|bn|bo|br|bs|ca|ceb|co|crs|cs|cy|da|de|dv|dz|ee|el|en|en-orig|eo|es|et|eu|fa|fi|fil|fj|fo|fr|fy|ga|gaa|gd|gl|gn|gu|gv|ha|haw|hi|hmn|hr|ht|hu|hy|id|ig|is|it|iu|iw|ja|jv|ka|kha|kk|kl|km|kn|ko|kri|ku|ky|la|lb|lg|ln|lo|lt|lua|luo|lv|mfe|mg|mi|mk|ml|mn|mr|ms|mt|my|ne|new|nl|no|nso|ny|oc|om|or|os|pa|pam|pl|ps|pt|pt-PT|qu|rn|ro|ru|rw|sa|sd|sg|si|sk|sl|sm|sn|so|sq|sr|ss|st|su|sv|sw|ta|te|tg|th|ti|tk|tn|to|tr|ts|tt|tum|ug|uk|ur|uz|ve|vi|war|wo|xh|yi|yo|zh-Hans|zh-Hant|zu,True,True,6,eligible_for_content_review,caption_tracks=157; professional_source_signal; marketing_signal_present
TujQZ4bRgjQ,https://www.youtube.com/watch?v=TujQZ4bRgjQ,Does Google Maps Have Motorcycle Routes? | 5 Tips for Great Motorcycle Trips,Great Motorcycle Roads,en,navigation,427,public,True,3397,True,8,True,aa|ab|af|ak|am|ar|as|ay|az|ba|be|bg|bho|bn|bo|br|bs|ca|ceb|co|crs|cs|cy|da|de|dv|dz|ee|el|en|en-orig|eo|es|et|eu|fa|fi|fil|fj|fo|fr|fy|ga|gaa|gd|gl|gn|gu|gv|ha|haw|hi|hmn|hr|ht|hu|hy|id|ig|is|it|iu|iw|ja|jv|ka|kha|kk|kl|km|kn|ko|kri|ku|ky|la|lb|lg|ln|lo|lt|lua|luo|lv|mfe|mg|mi|mk|ml|mn|mr|ms|mt|my|ne|new|nl|no|nso|ny|oc|om|or|os|pa|pam|pl|ps|pt|pt-PT|qu|rn|ro|ru|rw|sa|sd|sg|si|sk|sl|sm|sn|so|sq|sr|ss|st|su|sv|sw|ta|te|tg|th|ti|tk|tn|to|tr|ts|tt|tum|ug|uk|ur|uz|ve|vi|war|wo|xh|yi|yo|zh-Hans|zh-Hant|zu,True,False,6,eligible_for_content_review,youtube_chapters=8; caption_tracks=157; marketing_signal_present
tNUbI03Pw4I,https://www.youtube.com/watch?v=tNUbI03Pw4I,Step-by-Step Flat Tire Tube Repair - Trailside - How To Fix a Front Flat,Kyle Bradshaw,en,puncture,164,public,True,1253,True,6,True,aa|ab|af|ak|am|ar|as|ay|az|ba|be|bg|bho|bn|bo|br|bs|ca|ceb|co|crs|cs|cy|da|de|dv|dz|ee|el|en|en-orig|eo|es|et|eu|fa|fi|fil|fj|fo|fr|fy|ga|gaa|gd|gl|gn|gu|gv|ha|haw|hi|hmn|hr|ht|hu|hy|id|ig|is|it|iu|iw|ja|jv|ka|kha|kk|kl|km|kn|ko|kri|ku|ky|la|lb|lg|ln|lo|lt|lua|luo|lv|mfe|mg|mi|mk|ml|mn|mr|ms|mt|my|ne|new|nl|no|nso|ny|oc|om|or|os|pa|pam|pl|ps|pt|pt-PT|qu|rn|ro|ru|rw|sa|sd|sg|si|sk|sl|sm|sn|so|sq|sr|ss|st|su|sv|sw|ta|te|tg|th|ti|tk|tn|to|tr|ts|tt|tum|ug|uk|ur|uz|ve|vi|war|wo|xh|yi|yo|zh-Hans|zh-Hant|zu,True,False,6,eligible_for_content_review,youtube_chapters=6; caption_tracks=157; marketing_signal_present
bO88ooYOLhw,https://www.youtube.com/watch?v=bO88ooYOLhw,Emergency Braking in a Straight Line: 20 MPH - Lesson 4 Training Clip,Low Altitude Flyer,en,emergency_braking,332,public,True,1522,True,0,True,aa|ab|af|ak|am|ar|as|ay|az|ba|be|bg|bho|bn|bo|br|bs|ca|ceb|co|crs|cs|cy|da|de|dv|dz|ee|el|en|en-orig|eo|es|et|eu|fa|fi|fil|fj|fo|fr|fy|ga|gaa|gd|gl|gn|gu|gv|ha|haw|hi|hmn|hr|ht|hu|hy|id|ig|is|it|iu|iw|ja|jv|ka|kha|kk|kl|km|kn|ko|kri|ku|ky|la|lb|lg|ln|lo|lt|lua|luo|lv|mfe|mg|mi|mk|ml|mn|mr|ms|mt|my|ne|new|nl|no|nso|ny|oc|om|or|os|pa|pam|pl|ps|pt|pt-PT|qu|rn|ro|ru|rw|sa|sd|sg|si|sk|sl|sm|sn|so|sq|sr|ss|st|su|sv|sw|ta|te|tg|th|ti|tk|tn|to|tr|ts|tt|tum|ug|uk|ur|uz|ve|vi|war|wo|xh|yi|yo|zh-Hans|zh-Hant|zu,False,True,8,eligible_for_content_review,caption_tracks=157; professional_source_signal
HuRgUAI0UIg,https://www.youtube.com/watch?v=HuRgUAI0UIg,Advanced Motorcycle Riding - Shoulder Check / Life Saver,Martin Dixon,en,road_position,129,public,True,888,True,0,True,,False,True,5,rejected,no_chapters_or_captions_for_content_evidence
vyzJUx4AJDo,https://www.youtube.com/watch?v=vyzJUx4AJDo,Max Rider - Overtaking Woes,MaxRiderUk,en,overtaking,160,public,True,80,True,0,True,aa|ab|af|ak|am|ar|as|ay|az|ba|be|bg|bho|bn|bo|br|bs|ca|ceb|co|crs|cs|cy|da|de|dv|dz|ee|el|en|en-orig|eo|es|et|eu|fa|fi|fil|fj|fo|fr|fy|ga|gaa|gd|gl|gn|gu|gv|ha|haw|hi|hmn|hr|ht|hu|hy|id|ig|is|it|iu|iw|ja|jv|ka|kha|kk|kl|km|kn|ko|kri|ku|ky|la|lb|lg|ln|lo|lt|lua|luo|lv|mfe|mg|mi|mk|ml|mn|mr|ms|mt|my|ne|new|nl|no|nso|ny|oc|om|or|os|pa|pam|pl|ps|pt|pt-PT|qu|rn|ro|ru|rw|sa|sd|sg|si|sk|sl|sm|sn|so|sq|sr|ss|st|su|sv|sw|ta|te|tg|th|ti|tk|tn|to|tr|ts|tt|tum|ug|uk|ur|uz|ve|vi|war|wo|xh|yi|yo|zh-Hans|zh-Hant|zu,False,False,5,eligible_for_content_review,caption_tracks=157
3DJm0UUyRvc,https://www.youtube.com/watch?v=3DJm0UUyRvc,Downhill Corner Confidence in 15 Minutes,MotoJitsu®,en,road_hills,927,public,True,712,True,0,True,aa|ab|af|ak|am|ar|as|ay|az|ba|be|bg|bho|bn|bo|br|bs|ca|ceb|co|crs|cs|cy|da|de|dv|dz|ee|el|en|en-orig|eo|es|et|eu|fa|fi|fil|fj|fo|fr|fy|ga|gaa|gd|gl|gn|gu|gv|ha|haw|hi|hmn|hr|ht|hu|hy|id|ig|is|it|iu|iw|ja|jv|ka|kha|kk|kl|km|kn|ko|kri|ku|ky|la|lb|lg|ln|lo|lt|lua|luo|lv|mfe|mg|mi|mk|ml|mn|mr|ms|mt|my|ne|new|nl|no|nso|ny|oc|om|or|os|pa|pam|pl|ps|pt|pt-PT|qu|rn|ro|ru|rw|sa|sd|sg|si|sk|sl|sm|sn|so|sq|sr|ss|st|su|sv|sw|ta|te|tg|th|ti|tk|tn|to|tr|ts|tt|tum|ug|uk|ur|uz|ve|vi|war|wo|xh|yi|yo|zh-Hans|zh-Hant|zu,True,True,6,eligible_for_content_review,caption_tracks=157; professional_source_signal; marketing_signal_present
unp3hXfGjts,https://www.youtube.com/watch?v=unp3hXfGjts,How To Perform A Motorcycle Pre-Ride Safety Check | MC GARAGE,Motorcyclist Magazine,en,pre_ride,173,public,True,1266,True,9,True,aa|ab|af|ak|am|ar|as|ay|az|ba|be|bg|bho|bn|bo|br|bs|ca|ceb|co|crs|cs|cy|da|de|dv|dz|ee|el|en|en-orig|eo|es|et|eu|fa|fi|fil|fj|fo|fr|fy|ga|gaa|gd|gl|gn|gu|gv|ha|haw|hi|hmn|hr|ht|hu|hy|id|ig|is|it|iu|iw|ja|jv|ka|kha|kk|kl|km|kn|ko|kri|ku|ky|la|lb|lg|ln|lo|lt|lua|luo|lv|mfe|mg|mi|mk|ml|mn|mr|ms|mt|my|ne|new|nl|no|nso|ny|oc|om|or|os|pa|pam|pl|ps|pt|pt-PT|qu|rn|ro|ru|rw|sa|sd|sg|si|sk|sl|sm|sn|so|sq|sr|ss|st|su|sv|sw|ta|te|tg|th|ti|tk|tn|to|tr|ts|tt|tum|ug|uk|ur|uz|ve|vi|war|wo|xh|yi|yo|zh-Hans|zh-Hant|zu,True,True,8,eligible_for_content_review,youtube_chapters=9; caption_tracks=157; professional_source_signal; marketing_signal_present
6_VlZuPDOSM,https://www.youtube.com/watch?v=6_VlZuPDOSM,How To Ride A Motorcycle For Beginners: Ninja 400,Ninja Nick,en,basics,289,public,True,302,True,3,True,aa|ab|af|ak|am|ar|as|ay|az|ba|be|bg|bho|bn|bo|br|bs|ca|ceb|co|crs|cs|cy|da|de|dv|dz|ee|el|en|en-orig|eo|es|et|eu|fa|fi|fil|fj|fo|fr|fy|ga|gaa|gd|gl|gn|gu|gv|ha|haw|hi|hmn|hr|ht|hu|hy|id|ig|is|it|iu|iw|ja|jv|ka|kha|kk|kl|km|kn|ko|kri|ku|ky|la|lb|lg|ln|lo|lt|lua|luo|lv|mfe|mg|mi|mk|ml|mn|mr|ms|mt|my|ne|new|nl|no|nso|ny|oc|om|or|os|pa|pam|pl|ps|pt|pt-PT|qu|rn|ro|ru|rw|sa|sd|sg|si|sk|sl|sm|sn|so|sq|sr|ss|st|su|sv|sw|ta|te|tg|th|ti|tk|tn|to|tr|ts|tt|tum|ug|uk|ur|uz|ve|vi|war|wo|xh|yi|yo|zh-Hans|zh-Hant|zu,False,False,7,eligible_for_content_review,youtube_chapters=3; caption_tracks=157
mg8s-aNQFts,https://www.youtube.com/watch?v=mg8s-aNQFts,Master Traffic On Your Motorcycle With S.I.P.D.E: Pro Riding Tips!,Prorider Central Texas YouTube,en,urban_hazards,287,public,True,1503,True,3,True,,True,False,3,eligible_for_content_review,youtube_chapters=3; marketing_signal_present
XgPpLKCUlbA,https://www.youtube.com/watch?v=XgPpLKCUlbA,How To Clean & Lube Your Motorcycle Chain at RevZilla.com,RevZilla,en,maintenance,1049,public,True,1425,True,8,True,aa|ab|af|ak|am|ar|as|ay|az|ba|be|bg|bho|bn|bo|br|bs|ca|ceb|co|crs|cs|cy|da|de|dv|dz|ee|el|en|en-orig|eo|es|et|eu|fa|fi|fil|fj|fo|fr|fy|ga|gaa|gd|gl|gn|gu|gv|ha|haw|hi|hmn|hr|ht|hu|hy|id|ig|is|it|iu|iw|ja|jv|ka|kha|kk|kl|km|kn|ko|kri|ku|ky|la|lb|lg|ln|lo|lt|lua|luo|lv|mfe|mg|mi|mk|ml|mn|mr|ms|mt|my|ne|new|nl|no|nso|ny|oc|om|or|os|pa|pam|pl|ps|pt|pt-PT|qu|rn|ro|ru|rw|sa|sd|sg|si|sk|sl|sm|sn|so|sq|sr|ss|st|su|sv|sw|ta|te|tg|th|ti|tk|tn|to|tr|ts|tt|tum|ug|uk|ur|uz|ve|vi|war|wo|xh|yi|yo|zh-Hans|zh-Hant|zu,False,False,8,eligible_for_content_review,youtube_chapters=8; caption_tracks=157
3QNTu2pzRfg,https://www.youtube.com/watch?v=3QNTu2pzRfg,Top 3 Off Road Riding Tips|Dual Sport Enduro ADV,SoCal Off-Road School,en,mud,381,public,True,1838,True,0,True,aa|ab|af|ak|am|ar|as|ay|az|ba|be|bg|bho|bn|bo|br|bs|ca|ceb|co|crs|cs|cy|da|de|dv|dz|ee|el|en|en-orig|eo|es|et|eu|fa|fi|fil|fj|fo|fr|fy|ga|gaa|gd|gl|gn|gu|gv|ha|haw|hi|hmn|hr|ht|hu|hy|id|ig|is|it|iu|iw|ja|jv|ka|kha|kk|kl|km|kn|ko|kri|ku|ky|la|lb|lg|ln|lo|lt|lua|luo|lv|mfe|mg|mi|mk|ml|mn|mr|ms|mt|my|ne|new|nl|no|nso|ny|oc|om|or|os|pa|pam|pl|ps|pt|pt-PT|qu|rn|ro|ru|rw|sa|sd|sg|si|sk|sl|sm|sn|so|sq|sr|ss|st|su|sv|sw|ta|te|tg|th|ti|tk|tn|to|tr|ts|tt|tum|ug|uk|ur|uz|ve|vi|war|wo|xh|yi|yo|zh-Hans|zh-Hant|zu,False,True,8,eligible_for_content_review,caption_tracks=157; professional_source_signal
5CfJENGn07s,https://www.youtube.com/watch?v=5CfJENGn07s,Controlling Adventure Motorcycle Standing Up | Off Road Riding Tip,SoCal Off-Road School,en,offroad_position,505,public,True,939,True,9,True,aa|ab|af|ak|am|ar|as|ay|az|ba|be|bg|bho|bn|bo|br|bs|ca|ceb|co|crs|cs|cy|da|de|dv|dz|ee|el|en|en-orig|eo|es|et|eu|fa|fi|fil|fj|fo|fr|fy|ga|gaa|gd|gl|gn|gu|gv|ha|haw|hi|hmn|hr|ht|hu|hy|id|ig|is|it|iu|iw|ja|jv|ka|kha|kk|kl|km|kn|ko|kri|ku|ky|la|lb|lg|ln|lo|lt|lua|luo|lv|mfe|mg|mi|mk|ml|mn|mr|ms|mt|my|ne|new|nl|no|nso|ny|oc|om|or|os|pa|pam|pl|ps|pt|pt-PT|qu|rn|ro|ru|rw|sa|sd|sg|si|sk|sl|sm|sn|so|sq|sr|ss|st|su|sv|sw|ta|te|tg|th|ti|tk|tn|to|tr|ts|tt|tum|ug|uk|ur|uz|ve|vi|war|wo|xh|yi|yo|zh-Hans|zh-Hant|zu,False,True,10,eligible_for_content_review,youtube_chapters=9; caption_tracks=157; professional_source_signal
9z8wDFrSXP0,https://www.youtube.com/watch?v=9z8wDFrSXP0,How To Ride Water Crossings|Enduro Riding Tip,SoCal Off-Road School,en,water_crossing,132,public,True,1752,True,0,True,aa|ab|af|ak|am|ar|as|ay|az|ba|be|bg|bho|bn|bo|br|bs|ca|ceb|co|crs|cs|cy|da|de|dv|dz|ee|el|en|en-orig|eo|es|et|eu|fa|fi|fil|fj|fo|fr|fy|ga|gaa|gd|gl|gn|gu|gv|ha|haw|hi|hmn|hr|ht|hu|hy|id|ig|is|it|iu|iw|ja|jv|ka|kha|kk|kl|km|kn|ko|kri|ku|ky|la|lb|lg|ln|lo|lt|lua|luo|lv|mfe|mg|mi|mk|ml|mn|mr|ms|mt|my|ne|new|nl|no|nso|ny|oc|om|or|os|pa|pam|pl|ps|pt|pt-PT|qu|rn|ro|ru|rw|sa|sd|sg|si|sk|sl|sm|sn|so|sq|sr|ss|st|su|sv|sw|ta|te|tg|th|ti|tk|tn|to|tr|ts|tt|tum|ug|uk|ur|uz|ve|vi|war|wo|xh|yi|yo|zh-Hans|zh-Hant|zu,False,True,8,eligible_for_content_review,caption_tracks=157; professional_source_signal
sWj02x9PYdw,https://www.youtube.com/watch?v=sWj02x9PYdw,How To Ride Rocks| Enduro Riding Tip,SoCal Off-Road School,en,obstacles,129,public,True,1780,True,3,True,aa|ab|af|ak|am|ar|as|ay|az|ba|be|bg|bho|bn|bo|br|bs|ca|ceb|co|crs|cs|cy|da|de|dv|dz|ee|el|en|en-orig|eo|es|et|eu|fa|fi|fil|fj|fo|fr|fy|ga|gaa|gd|gl|gn|gu|gv|ha|haw|hi|hmn|hr|ht|hu|hy|id|ig|is|it|iu|iw|ja|jv|ka|kha|kk|kl|km|kn|ko|kri|ku|ky|la|lb|lg|ln|lo|lt|lua|luo|lv|mfe|mg|mi|mk|ml|mn|mr|ms|mt|my|ne|new|nl|no|nso|ny|oc|om|or|os|pa|pam|pl|ps|pt|pt-PT|qu|rn|ro|ru|rw|sa|sd|sg|si|sk|sl|sm|sn|so|sq|sr|ss|st|su|sv|sw|ta|te|tg|th|ti|tk|tn|to|tr|ts|tt|tum|ug|uk|ur|uz|ve|vi|war|wo|xh|yi|yo|zh-Hans|zh-Hant|zu,False,True,10,eligible_for_content_review,youtube_chapters=3; caption_tracks=157; professional_source_signal
FgSktPy-orE,https://www.youtube.com/watch?v=FgSktPy-orE,Prorider Swerve To Avoid,Tactical Motor Gear,en,swerving,264,public,True,270,True,0,True,aa|ab|af|ak|am|ar|as|ay|az|ba|be|bg|bho|bn|bo|br|bs|ca|ceb|co|crs|cs|cy|da|de|dv|dz|ee|el|en|en-orig|eo|es|et|eu|fa|fi|fil|fj|fo|fr|fy|ga|gaa|gd|gl|gn|gu|gv|ha|haw|hi|hmn|hr|ht|hu|hy|id|ig|is|it|iu|iw|ja|jv|ka|kha|kk|kl|km|kn|ko|kri|ku|ky|la|lb|lg|ln|lo|lt|lua|luo|lv|mfe|mg|mi|mk|ml|mn|mr|ms|mt|my|ne|new|nl|no|nso|ny|oc|om|or|os|pa|pam|pl|ps|pt|pt-PT|qu|rn|ro|ru|rw|sa|sd|sg|si|sk|sl|sm|sn|so|sq|sr|ss|st|su|sv|sw|ta|te|tg|th|ti|tk|tn|to|tr|ts|tt|tum|ug|uk|ur|uz|ve|vi|war|wo|xh|yi|yo|zh-Hans|zh-Hant|zu,False,True,7,eligible_for_content_review,caption_tracks=157; professional_source_signal
xpc9FiHYMeA,https://www.youtube.com/watch?v=xpc9FiHYMeA,Why I avoid carrying passengers on my bike,Tall Rider,en,passenger,468,public,True,333,True,0,True,aa|ab|af|ak|am|ar|as|ay|az|ba|be|bg|bho|bn|bo|br|bs|ca|ceb|co|crs|cs|cy|da|de|dv|dz|ee|el|en|en-orig|eo|es|et|eu|fa|fi|fil|fj|fo|fr|fy|ga|gaa|gd|gl|gn|gu|gv|ha|haw|hi|hmn|hr|ht|hu|hy|id|ig|is|it|iu|iw|ja|jv|ka|kha|kk|kl|km|kn|ko|kri|ku|ky|la|lb|lg|ln|lo|lt|lua|luo|lv|mfe|mg|mi|mk|ml|mn|mr|ms|mt|my|ne|new|nl|no|nso|ny|oc|om|or|os|pa|pam|pl|ps|pt|pt-PT|qu|rn|ro|ru|rw|sa|sd|sg|si|sk|sl|sm|sn|so|sq|sr|ss|st|su|sv|sw|ta|te|tg|th|ti|tk|tn|to|tr|ts|tt|tum|ug|uk|ur|uz|ve|vi|war|wo|xh|yi|yo|zh-Hans|zh-Hant|zu,False,True,7,eligible_for_content_review,caption_tracks=157; professional_source_signal
GJTbVEFaTqE,https://www.youtube.com/watch?v=GJTbVEFaTqE,Stop Overpacking! The Ultimate Motorcycle Touring Packing Guide You Didn’t Know You Needed,ViaTerra Gear,en,luggage,118,public,True,2885,True,0,True,aa|ab|af|ak|am|ar|as|ay|az|ba|be|bg|bho|bn|bo|br|bs|ca|ceb|co|crs|cs|cy|da|de|dv|dz|ee|el|en|en-orig|eo|es|et|eu|fa|fi|fil|fj|fo|fr|fy|ga|gaa|gd|gl|gn|gu|gv|ha|haw|hi|hmn|hr|ht|hu|hy|id|ig|is|it|iu|iw|ja|jv|ka|kha|kk|kl|km|kn|ko|kri|ku|ky|la|lb|lg|ln|lo|lt|lua|luo|lv|mfe|mg|mi|mk|ml|mn|mr|ms|mt|my|ne|new|nl|no|nso|ny|oc|om|or|os|pa|pam|pl|ps|pt|pt-PT|qu|rn|ro|ru|rw|sa|sd|sg|si|sk|sl|sm|sn|so|sq|sr|ss|st|su|sv|sw|ta|te|tg|th|ti|tk|tn|to|tr|ts|tt|tum|ug|uk|ur|uz|ve|vi|war|wo|xh|yi|yo|zh-Hans|zh-Hant|zu,False,False,5,eligible_for_content_review,caption_tracks=157
FtbWGcyEEwo,https://www.youtube.com/watch?v=FtbWGcyEEwo,This Magic Motorcycle Technique SOLVES your Slow Speed Problem,Yammie Noob,en,slow_control,515,public,True,2438,True,5,True,aa|ab|af|ak|am|ar|as|ay|az|ba|be|bg|bho|bn|bo|br|bs|ca|ceb|co|crs|cs|cy|da|de|dv|dz|ee|el|en|en-orig|eo|es|et|eu|fa|fi|fil|fj|fo|fr|fy|ga|gaa|gd|gl|gn|gu|gv|ha|haw|hi|hmn|hr|ht|hu|hy|id|ig|is|it|iu|iw|ja|jv|ka|kha|kk|kl|km|kn|ko|kri|ku|ky|la|lb|lg|ln|lo|lt|lua|luo|lv|mfe|mg|mi|mk|ml|mn|mr|ms|mt|my|ne|new|nl|no|nso|ny|oc|om|or|os|pa|pam|pl|ps|pt|pt-PT|qu|rn|ro|ru|rw|sa|sd|sg|si|sk|sl|sm|sn|so|sq|sr|ss|st|su|sv|sw|ta|te|tg|th|ti|tk|tn|to|tr|ts|tt|tum|ug|uk|ur|uz|ve|vi|war|wo|xh|yi|yo|zh-Hans|zh-Hant|zu,True,False,6,eligible_for_content_review,youtube_chapters=5; caption_tracks=157; marketing_signal_present
veQvxDuOfRg,https://www.youtube.com/watch?v=veQvxDuOfRg,Motorcycle Gear Worst to Best (2026 Buyer's Guide),Yammie Noob,en,protective_gear,936,public,True,2086,True,7,True,aa|ab|af|ak|am|ar|as|ay|az|ba|be|bg|bho|bn|bo|br|bs|ca|ceb|co|crs|cs|cy|da|de|dv|dz|ee|el|en|en-orig|eo|es|et|eu|fa|fi|fil|fj|fo|fr|fy|ga|gaa|gd|gl|gn|gu|gv|ha|haw|hi|hmn|hr|ht|hu|hy|id|ig|is|it|iu|iw|ja|jv|ka|kha|kk|kl|km|kn|ko|kri|ku|ky|la|lb|lg|ln|lo|lt|lua|luo|lv|mfe|mg|mi|mk|ml|mn|mr|ms|mt|my|ne|new|nl|no|nso|ny|oc|om|or|os|pa|pam|pl|ps|pt|pt-PT|qu|rn|ro|ru|rw|sa|sd|sg|si|sk|sl|sm|sn|so|sq|sr|ss|st|su|sv|sw|ta|te|tg|th|ti|tk|tn|to|tr|ts|tt|tum|ug|uk|ur|uz|ve|vi|war|wo|xh|yi|yo|zh-Hans|zh-Hant|zu,False,False,8,eligible_for_content_review,youtube_chapters=7; caption_tracks=157
rvCArNm_9yg,https://www.youtube.com/watch?v=rvCArNm_9yg,The SECRET To Downhill Confidence,MotoJitsu®,en,road_hills,130,public,True,712,True,0,True,aa|ab|af|ak|am|ar|as|ay|az|ba|be|bg|bho|bn|bo|br|bs|ca|ceb|co|crs|cs|cy|da|de|dv|dz|ee|el|en|en-orig|eo|es|et|eu|fa|fi|fil|fj|fo|fr|fy|ga|gaa|gd|gl|gn|gu|gv|ha|haw|hi|hmn|hr|ht|hu|hy|id|ig|is|it|iu|iw|ja|jv|ka|kha|kk|kl|km|kn|ko|kri|ku|ky|la|lb|lg|ln|lo|lt|lua|luo|lv|mfe|mg|mi|mk|ml|mn|mr|ms|mt|my|ne|new|nl|no|nso|ny|oc|om|or|os|pa|pam|pl|ps|pt|pt-PT|qu|rn|ro|ru|rw|sa|sd|sg|si|sk|sl|sm|sn|so|sq|sr|ss|st|su|sv|sw|ta|te|tg|th|ti|tk|tn|to|tr|ts|tt|tum|ug|uk|ur|uz|ve|vi|war|wo|xh|yi|yo|zh-Hans|zh-Hant|zu,True,True,6,eligible_for_content_review,caption_tracks=157; professional_source_signal; marketing_signal_present
vVBdOqqKt-A,https://www.youtube.com/watch?v=vVBdOqqKt-A,Your First Gravel Ride on an Adventure Bike,Robert Baldinger,en,gravel,1463,public,True,1830,True,7,True,aa|ab|af|ak|am|ar|as|ay|az|ba|be|bg|bho|bn|bo|br|bs|ca|ceb|co|crs|cs|cy|da|de|de-DE|dv|dz|ee|el|en|en-orig|eo|es|es-US|et|eu|fa|fi|fil|fj|fo|fr|fr-FR|fy|ga|gaa|gd|gl|gn|gu|gv|ha|haw|hi|hmn|hr|ht|hu|hy|id|ig|is|it|iu|iw|ja|jv|ka|kha|kk|kl|km|kn|ko|kri|ku|ky|la|lb|lg|ln|lo|lt|lua|luo|lv|mfe|mg|mi|mk|ml|mn|mr|ms|mt|my|ne|new|nl|no|nso|ny|oc|om|or|os|pa|pam|pl|ps|pt|pt-PT|qu|rn|ro|ru|rw|sa|sd|sg|si|sk|sl|sm|sn|so|sq|sr|ss|st|su|sv|sw|ta|te|tg|th|ti|tk|tn|to|tr|ts|tt|tum|ug|uk|ur|uz|ve|vi|war|wo|xh|yi|yo|zh-Hans|zh-Hant|zu,False,False,8,eligible_for_content_review,youtube_chapters=7; caption_tracks=160
DhtzQXjS8kA,https://www.youtube.com/watch?v=DhtzQXjS8kA,Standing Technique Every Beginner Adventure Motorcycle Rider Needs to Know!,The Moto Barista,en,offroad_position,371,public,True,1401,True,0,True,aa|ab|af|ak|am|ar|as|ay|az|ba|be|bg|bho|bn|bo|br|bs|ca|ceb|co|crs|cs|cy|da|de|dv|dz|ee|el|en|en-orig|eo|es|et|eu|fa|fi|fil|fj|fo|fr|fy|ga|gaa|gd|gl|gn|gu|gv|ha|haw|hi|hmn|hr|ht|hu|hy|id|ig|is|it|iu|iw|ja|jv|ka|kha|kk|kl|km|kn|ko|kri|ku|ky|la|lb|lg|ln|lo|lt|lua|luo|lv|mfe|mg|mi|mk|ml|mn|mr|ms|mt|my|ne|new|nl|no|nso|ny|oc|om|or|os|pa|pam|pl|ps|pt|pt-PT|qu|rn|ro|ru|rw|sa|sd|sg|si|sk|sl|sm|sn|so|sq|sr|ss|st|su|sv|sw|ta|te|tg|th|ti|tk|tn|to|tr|ts|tt|tum|ug|uk|ur|uz|ve|vi|war|wo|xh|yi|yo|zh-Hans|zh-Hant|zu,False,False,6,eligible_for_content_review,caption_tracks=157
B84xMAQ5lo0,https://www.youtube.com/watch?v=B84xMAQ5lo0,Wheel Motorcycle Agility Course For Turning and Cornering Practice,ADVMotoSkillZ,en,cornering,97,public,True,2266,True,0,True,,False,False,2,rejected,no_chapters_or_captions_for_content_evidence
3tSkUdUYaA4,https://www.youtube.com/watch?v=3tSkUdUYaA4,5 Steps to Transform Your Off-road Bike's Handling,Adam Riemann,en,suspension,1112,public,True,1313,True,6,True,aa|ab|af|ak|am|ar|as|ay|az|ba|be|bg|bho|bn|bo|br|bs|ca|ceb|co|crs|cs|cy|da|de|dv|dz|ee|el|en|en-orig|eo|es|et|eu|fa|fi|fil|fj|fo|fr|fy|ga|gaa|gd|gl|gn|gu|gv|ha|haw|hi|hmn|hr|ht|hu|hy|id|ig|is|it|iu|iw|ja|jv|ka|kha|kk|kl|km|kn|ko|kri|ku|ky|la|lb|lg|ln|lo|lt|lua|luo|lv|mfe|mg|mi|mk|ml|mn|mr|ms|mt|my|ne|new|nl|no|nso|ny|oc|om|or|os|pa|pam|pl|ps|pt|pt-PT|qu|rn|ro|ru|rw|sa|sd|sg|si|sk|sl|sm|sn|so|sq|sr|ss|st|su|sv|sw|ta|te|tg|th|ti|tk|tn|to|tr|ts|tt|tum|ug|uk|ur|uz|ve|vi|war|wo|xh|yi|yo|zh-Hans|zh-Hant|zu,False,False,8,eligible_for_content_review,youtube_chapters=6; caption_tracks=157
cUmdJyb1gsM,https://www.youtube.com/watch?v=cUmdJyb1gsM,One Trick To Master Counter Steering On A Motorcycle,Andrew Hartsock,en,countersteering,431,public,True,688,True,0,True,aa|ab|af|ak|am|ar|as|ay|az|ba|be|bg|bho|bn|bo|br|bs|ca|ceb|co|crs|cs|cy|da|de|dv|dz|ee|el|en|en-orig|eo|es|et|eu|fa|fi|fil|fj|fo|fr|fy|ga|gaa|gd|gl|gn|gu|gv|ha|haw|hi|hmn|hr|ht|hu|hy|id|ig|is|it|iu|iw|ja|jv|ka|kha|kk|kl|km|kn|ko|kri|ku|ky|la|lb|lg|ln|lo|lt|lua|luo|lv|mfe|mg|mi|mk|ml|mn|mr|ms|mt|my|ne|new|nl|no|nso|ny|oc|om|or|os|pa|pam|pl|ps|pt|pt-PT|qu|rn|ro|ru|rw|sa|sd|sg|si|sk|sl|sm|sn|so|sq|sr|ss|st|su|sv|sw|ta|te|tg|th|ti|tk|tn|to|tr|ts|tt|tum|ug|uk|ur|uz|ve|vi|war|wo|xh|yi|yo|zh-Hans|zh-Hant|zu,False,False,6,eligible_for_content_review,caption_tracks=157
NWHX807Xq9Y,https://www.youtube.com/watch?v=NWHX807Xq9Y,How to go over logs motorcycling,Clinton Smout,en,obstacles,155,public,True,849,True,0,True,aa|ab|af|ak|am|ar|as|ay|az|ba|be|bg|bho|bn|bo|br|bs|ca|ceb|co|crs|cs|cy|da|de|dv|dz|ee|el|en|en-orig|eo|es|et|eu|fa|fi|fil|fj|fo|fr|fy|ga|gaa|gd|gl|gn|gu|gv|ha|haw|hi|hmn|hr|ht|hu|hy|id|ig|is|it|iu|iw|ja|jv|ka|kha|kk|kl|km|kn|ko|kri|ku|ky|la|lb|lg|ln|lo|lt|lua|luo|lv|mfe|mg|mi|mk|ml|mn|mr|ms|mt|my|ne|new|nl|no|nso|ny|oc|om|or|os|pa|pam|pl|ps|pt|pt-PT|qu|rn|ro|ru|rw|sa|sd|sg|si|sk|sl|sm|sn|so|sq|sr|ss|st|su|sv|sw|ta|te|tg|th|ti|tk|tn|to|tr|ts|tt|tum|ug|uk|ur|uz|ve|vi|war|wo|xh|yi|yo|zh-Hans|zh-Hant|zu,False,True,8,eligible_for_content_review,caption_tracks=157; professional_source_signal
wsokPULhmv0,https://www.youtube.com/watch?v=wsokPULhmv0,"MUD, RAIN, & CONTROL: THE SKILLS EVERY RIDER NEEDS",Dirt Bike Academy,en,mud,252,public,True,524,True,0,True,aa|ab|af|ak|am|ar|as|ay|az|ba|be|bg|bho|bn|bo|br|bs|ca|ceb|co|crs|cs|cy|da|de|dv|dz|ee|el|en|en-orig|eo|es|et|eu|fa|fi|fil|fj|fo|fr|fy|ga|gaa|gd|gl|gn|gu|gv|ha|haw|hi|hmn|hr|ht|hu|hy|id|ig|is|it|iu|iw|ja|jv|ka|kha|kk|kl|km|kn|ko|kri|ku|ky|la|lb|lg|ln|lo|lt|lua|luo|lv|mfe|mg|mi|mk|ml|mn|mr|ms|mt|my|ne|new|nl|no|nso|ny|oc|om|or|os|pa|pam|pl|ps|pt|pt-PT|qu|rn|ro|ru|rw|sa|sd|sg|si|sk|sl|sm|sn|so|sq|sr|ss|st|su|sv|sw|ta|te|tg|th|ti|tk|tn|to|tr|ts|tt|tum|ug|uk|ur|uz|ve|vi|war|wo|xh|yi|yo|zh-Hans|zh-Hant|zu,False,True,8,eligible_for_content_review,caption_tracks=157; professional_source_signal
kmH9kgIHQEA,https://www.youtube.com/watch?v=kmH9kgIHQEA,The Weirdest U-Turn Trick No One Ever Taught You,Doodle On A Motorcycle,en,u_turn,503,public,True,1208,True,0,True,aa|ab|af|ak|am|ar|as|ay|az|ba|be|bg|bho|bn|bo|br|bs|ca|ceb|co|crs|cs|cy|da|de|dv|dz|ee|el|en|en-orig|eo|es|et|eu|fa|fi|fil|fj|fo|fr|fy|ga|gaa|gd|gl|gn|gu|gv|ha|haw|hi|hmn|hr|ht|hu|hy|id|ig|is|it|iu|iw|ja|jv|ka|kha|kk|kl|km|kn|ko|kri|ku|ky|la|lb|lg|ln|lo|lt|lua|luo|lv|mfe|mg|mi|mk|ml|mn|mr|ms|mt|my|ne|new|nl|no|nso|ny|oc|om|or|os|pa|pam|pl|ps|pt|pt-PT|qu|rn|ro|ru|rw|sa|sd|sg|si|sk|sl|sm|sn|so|sq|sr|ss|st|su|sv|sw|ta|te|tg|th|ti|tk|tn|to|tr|ts|tt|tum|ug|uk|ur|uz|ve|vi|war|wo|xh|yi|yo|zh-Hans|zh-Hant|zu,True,False,4,eligible_for_content_review,caption_tracks=157; marketing_signal_present
VKCEzq_fUNg,https://www.youtube.com/watch?v=VKCEzq_fUNg,How to do River Crossings - 5 Tips,Expat on Two Wheels,en,water_crossing,607,public,True,370,True,7,True,aa|ab|af|ak|am|ar|as|ay|az|ba|be|bg|bho|bn|bo|br|bs|ca|ceb|co|crs|cs|cy|da|de|dv|dz|ee|el|en|en-orig|eo|es|et|eu|fa|fi|fil|fj|fo|fr|fy|ga|gaa|gd|gl|gn|gu|gv|ha|haw|hi|hmn|hr|ht|hu|hy|id|ig|is|it|iu|iw|ja|jv|ka|kha|kk|kl|km|kn|ko|kri|ku|ky|la|lb|lg|ln|lo|lt|lua|luo|lv|mfe|mg|mi|mk|ml|mn|mr|ms|mt|my|ne|new|nl|no|nso|ny|oc|om|or|os|pa|pam|pl|ps|pt|pt-PT|qu|rn|ro|ru|rw|sa|sd|sg|si|sk|sl|sm|sn|so|sq|sr|ss|st|su|sv|sw|ta|te|tg|th|ti|tk|tn|to|tr|ts|tt|tum|ug|uk|ur|uz|ve|vi|war|wo|xh|yi|yo|zh-Hans|zh-Hant|zh-TW|zu,False,False,7,eligible_for_content_review,youtube_chapters=7; caption_tracks=158
L7W293FrzXo,https://www.youtube.com/watch?v=L7W293FrzXo,Trailer Weight Distribution or Load Balance,Fifth Wheel Street,en,luggage,27,public,True,172,True,0,True,,False,True,3,rejected,too_short_for_release_depth; no_chapters_or_captions_for_content_evidence
J0ijNI0HhFA,https://www.youtube.com/watch?v=J0ijNI0HhFA,How to Avoid Motorcycle Fatigue on Long Distance Rides,Gliding_On_Two's,en,fatigue,853,public,True,1157,True,6,True,aa|ab|af|ak|am|ar|as|ay|az|ba|be|bg|bho|bn|bo|br|bs|ca|ceb|co|crs|cs|cy|da|de|dv|dz|ee|el|en|en-orig|eo|es|et|eu|fa|fi|fil|fj|fo|fr|fy|ga|gaa|gd|gl|gn|gu|gv|ha|haw|hi|hmn|hr|ht|hu|hy|id|ig|is|it|iu|iw|ja|jv|ka|kha|kk|kl|km|kn|ko|kri|ku|ky|la|lb|lg|ln|lo|lt|lua|luo|lv|mfe|mg|mi|mk|ml|mn|mr|ms|mt|my|ne|new|nl|no|nso|ny|oc|om|or|os|pa|pam|pl|ps|pt|pt-PT|qu|rn|ro|ru|rw|sa|sd|sg|si|sk|sl|sm|sn|so|sq|sr|ss|st|su|sv|sw|ta|te|tg|th|ti|tk|tn|to|tr|ts|tt|tum|ug|uk|ur|uz|ve|vi|war|wo|xh|yi|yo|zh-Hans|zh-Hant|zu,False,False,8,eligible_for_content_review,youtube_chapters=6; caption_tracks=157
sP2PNgnNgZQ,https://www.youtube.com/watch?v=sP2PNgnNgZQ,Motorcycle Safety - Carrying a Passenger,JRDAVIS3862,en,passenger,195,public,True,110,True,0,True,aa|ab|af|ak|am|ar|as|ay|az|ba|be|bg|bho|bn|bo|br|bs|ca|ceb|co|crs|cs|cy|da|de|dv|dz|ee|el|en|en-orig|eo|es|et|eu|fa|fi|fil|fj|fo|fr|fy|ga|gaa|gd|gl|gn|gu|gv|ha|haw|hi|hmn|hr|ht|hu|hy|id|ig|is|it|iu|iw|ja|jv|ka|kha|kk|kl|km|kn|ko|kri|ku|ky|la|lb|lg|ln|lo|lt|lua|luo|lv|mfe|mg|mi|mk|ml|mn|mr|ms|mt|my|ne|new|nl|no|nso|ny|oc|om|or|os|pa|pam|pl|ps|pt|pt-PT|qu|rn|ro|ru|rw|sa|sd|sg|si|sk|sl|sm|sn|so|sq|sr|ss|st|su|sv|sw|ta|te|tg|th|ti|tk|tn|to|tr|ts|tt|tum|ug|uk|ur|uz|ve|vi|war|wo|xh|yi|yo|zh-Hans|zh-Hant|zu,False,False,5,eligible_for_content_review,caption_tracks=157
KXVp6uAdg48,https://www.youtube.com/watch?v=KXVp6uAdg48,Motorcycle Emergency Swerve Close Call,JohnMotoTV,en,swerving,20,public,True,998,True,0,True,,False,False,2,rejected,too_short_for_release_depth; no_chapters_or_captions_for_content_evidence
JKCcJzzL7yY,https://www.youtube.com/watch?v=JKCcJzzL7yY,ADV MOTO | *EASY* Flat Tire Inner Tube Repair |  ASMR,Las Vegas Ranger Outdoors,en,puncture,325,public,True,933,True,0,True,,False,False,3,rejected,no_chapters_or_captions_for_content_evidence
WFNb6L6WBko,https://www.youtube.com/watch?v=WFNb6L6WBko,The Most Misunderstood Risk Factor in Motorcycle Crashes,MCrider - Motorcycle Training,en,urban_hazards,477,public,True,1928,True,0,True,aa|ab|af|ak|am|ar|as|ay|az|ba|be|bg|bho|bn|bo|br|bs|ca|ceb|co|crs|cs|cy|da|de|dv|dz|ee|el|en|en-orig|eo|es|et|eu|fa|fi|fil|fj|fo|fr|fy|ga|gaa|gd|gl|gn|gu|gv|ha|haw|hi|hmn|hr|ht|hu|hy|id|ig|is|it|iu|iw|ja|jv|ka|kha|kk|kl|km|kn|ko|kri|ku|ky|la|lb|lg|ln|lo|lt|lua|luo|lv|mfe|mg|mi|mk|ml|mn|mr|ms|mt|my|ne|new|nl|no|nso|ny|oc|om|or|os|pa|pam|pl|ps|pt|pt-PT|qu|rn|ro|ru|rw|sa|sd|sg|si|sk|sl|sm|sn|so|sq|sr|ss|st|su|sv|sw|ta|te|tg|th|ti|tk|tn|to|tr|ts|tt|tum|ug|uk|ur|uz|ve|vi|war|wo|xh|yi|yo|zh-Hans|zh-Hant|zu,True,True,6,eligible_for_content_review,caption_tracks=157; professional_source_signal; marketing_signal_present
o586btpMUfY,https://www.youtube.com/watch?v=o586btpMUfY,Expert's Advice for New ADV Riders / Husqvarna Norden 901,MOTOTREK,en,navigation,253,public,True,805,True,9,True,aa|ab|af|ak|am|ar|as|ay|az|ba|be|bg|bho|bn|bo|br|bs|ca|ceb|co|crs|cs|cy|da|de|dv|dz|ee|el|en|en-orig|eo|es|et|eu|fa|fi|fil|fj|fo|fr|fy|ga|gaa|gd|gl|gn|gu|gv|ha|haw|hi|hmn|hr|ht|hu|hy|id|ig|is|it|iu|iw|ja|jv|ka|kha|kk|kl|km|kn|ko|kri|ku|ky|la|lb|lg|ln|lo|lt|lua|luo|lv|mfe|mg|mi|mk|ml|mn|mr|ms|mt|my|ne|new|nl|no|nso|ny|oc|om|or|os|pa|pam|pl|ps|pt|pt-PT|qu|rn|ro|ru|rw|sa|sd|sg|si|sk|sl|sm|sn|so|sq|sr|ss|st|su|sv|sw|ta|te|tg|th|ti|tk|tn|to|tr|ts|tt|tum|ug|uk|ur|uz|ve|vi|war|wo|xh|yi|yo|zh-Hans|zh-Hant|zu,True,True,8,eligible_for_content_review,youtube_chapters=9; caption_tracks=157; professional_source_signal; marketing_signal_present
k-vjGaWF-Cc,https://www.youtube.com/watch?v=k-vjGaWF-Cc,Beginner's Guide to MX Protection | Dirt Bike Protection Series Episode 1,MXstore,en,protective_gear,160,public,True,1024,True,8,True,aa|ab|af|ak|am|ar|as|ay|az|ba|be|bg|bho|bn|bo|br|bs|ca|ceb|co|crs|cs|cy|da|de|dv|dz|ee|el|en|en-orig|eo|es|et|eu|fa|fi|fil|fj|fo|fr|fy|ga|gaa|gd|gl|gn|gu|gv|ha|haw|hi|hmn|hr|ht|hu|hy|id|ig|is|it|iu|iw|ja|jv|ka|kha|kk|kl|km|kn|ko|kri|ku|ky|la|lb|lg|ln|lo|lt|lua|luo|lv|mfe|mg|mi|mk|ml|mn|mr|ms|mt|my|ne|new|nl|no|nso|ny|oc|om|or|os|pa|pam|pl|ps|pt|pt-PT|qu|rn|ro|ru|rw|sa|sd|sg|si|sk|sl|sm|sn|so|sq|sr|ss|st|su|sv|sw|ta|te|tg|th|ti|tk|tn|to|tr|ts|tt|tum|ug|uk|ur|uz|ve|vi|war|wo|xh|yi|yo|zh-Hans|zh-Hant|zu,True,False,6,eligible_for_content_review,youtube_chapters=8; caption_tracks=157; marketing_signal_present
ZvyjzRZKZCI,https://www.youtube.com/watch?v=ZvyjzRZKZCI,Trail Braking Explained | Braking Mid-Corner,Moto Control,en,trail_braking,800,public,True,646,True,0,True,aa|ab|af|ak|am|ar|as|ay|az|ba|be|bg|bho|bn|bo|br|bs|ca|ceb|co|crs|cs|cy|da|de|dv|dz|ee|el|en|en-orig|eo|es|et|eu|fa|fi|fil|fj|fo|fr|fy|ga|gaa|gd|gl|gn|gu|gv|ha|haw|hi|hmn|hr|ht|hu|hy|id|ig|is|it|iu|iw|ja|jv|ka|kha|kk|kl|km|kn|ko|kri|ku|ky|la|lb|lg|ln|lo|lt|lua|luo|lv|mfe|mg|mi|mk|ml|mn|mr|ms|mt|my|ne|new|nl|no|nso|ny|oc|om|or|os|pa|pam|pl|ps|pt|pt-PT|qu|rn|ro|ru|rw|sa|sd|sg|si|sk|sl|sm|sn|so|sq|sr|ss|st|su|sv|sw|ta|te|tg|th|ti|tk|tn|to|tr|ts|tt|tum|ug|uk|ur|uz|ve|vi|war|wo|xh|yi|yo|zh-Hans|zh-Hant|zu,True,True,6,eligible_for_content_review,caption_tracks=157; professional_source_signal; marketing_signal_present
oEquyKGQ2xQ,https://www.youtube.com/watch?v=oEquyKGQ2xQ,Observations And Road Positions | MOD 2 Tips #2,Moto Ecosse,en,road_position,1635,public,True,914,True,14,True,aa|ab|af|ak|am|ar|as|ay|az|ba|be|bg|bho|bn|bo|br|bs|ca|ceb|co|crs|cs|cy|da|de|dv|dz|ee|el|en|en-orig|eo|es|et|eu|fa|fi|fil|fj|fo|fr|fy|ga|gaa|gd|gl|gn|gu|gv|ha|haw|hi|hmn|hr|ht|hu|hy|id|ig|is|it|iu|iw|ja|jv|ka|kha|kk|kl|km|kn|ko|kri|ku|ky|la|lb|lg|ln|lo|lt|lua|luo|lv|mfe|mg|mi|mk|ml|mn|mr|ms|mt|my|ne|new|nl|no|nso|ny|oc|om|or|os|pa|pam|pl|ps|pt|pt-PT|qu|rn|ro|ru|rw|sa|sd|sg|si|sk|sl|sm|sn|so|sq|sr|ss|st|su|sv|sw|ta|te|tg|th|ti|tk|tn|to|tr|ts|tt|tum|ug|uk|ur|uz|ve|vi|war|wo|xh|yi|yo|zh-Hans|zh-Hant|zu,False,False,8,eligible_for_content_review,youtube_chapters=14; caption_tracks=157
ZPnjRbMZ_pI,https://www.youtube.com/watch?v=ZPnjRbMZ_pI,Learning ADV Riding - My first year getting into adventure riding,MotoRides Australia,en,offroad_basics,694,public,True,570,True,17,True,en,False,False,8,eligible_for_content_review,youtube_chapters=17; caption_tracks=1
C_c_Wi1l3Fg,https://www.youtube.com/watch?v=C_c_Wi1l3Fg,How To Lubricate Your Motorcycle Chain | MC Garage,Motorcyclist Magazine,en,maintenance,185,public,True,4537,True,5,True,aa|ab|af|ak|am|ar|as|ay|az|ba|be|bg|bho|bn|bo|br|bs|ca|ceb|co|crs|cs|cy|da|de|dv|dz|ee|el|en|en-orig|eo|es|et|eu|fa|fi|fil|fj|fo|fr|fy|ga|gaa|gd|gl|gn|gu|gv|ha|haw|hi|hmn|hr|ht|hu|hy|id|ig|is|it|iu|iw|ja|jv|ka|kha|kk|kl|km|kn|ko|kri|ku|ky|la|lb|lg|ln|lo|lt|lua|luo|lv|mfe|mg|mi|mk|ml|mn|mr|ms|mt|my|ne|new|nl|no|nso|ny|oc|om|or|os|pa|pam|pl|ps|pt|pt-PT|qu|rn|ro|ru|rw|sa|sd|sg|si|sk|sl|sm|sn|so|sq|sr|ss|st|su|sv|sw|ta|te|tg|th|ti|tk|tn|to|tr|ts|tt|tum|ug|uk|ur|uz|ve|vi|war|wo|xh|yi|yo|zh-Hans|zh-Hant|zu,True,False,6,eligible_for_content_review,youtube_chapters=5; caption_tracks=157; marketing_signal_present
m3U5gFfSXXs,https://www.youtube.com/watch?v=m3U5gFfSXXs,5 Tips to stay Safe when Riding in the Rain,MyRide,en,rain,256,public,True,787,True,5,True,aa|ab|af|ak|am|ar|as|ay|az|ba|be|bg|bho|bn|bo|br|bs|ca|ceb|co|crs|cs|cy|da|de|dv|dz|ee|el|en|en-orig|eo|es|et|eu|fa|fi|fil|fj|fo|fr|fy|ga|gaa|gd|gl|gn|gu|gv|ha|haw|hi|hmn|hr|ht|hu|hy|id|ig|is|it|iu|iw|ja|jv|ka|kha|kk|kl|km|kn|ko|kri|ku|ky|la|lb|lg|ln|lo|lt|lua|luo|lv|mfe|mg|mi|mk|ml|mn|mr|ms|mt|my|ne|new|nl|no|nso|ny|oc|om|or|os|pa|pam|pl|ps|pt|pt-PT|qu|rn|ro|ru|rw|sa|sd|sg|si|sk|sl|sm|sn|so|sq|sr|ss|st|su|sv|sw|ta|te|tg|th|ti|tk|tn|to|tr|ts|tt|tum|ug|uk|ur|uz|ve|vi|war|wo|xh|yi|yo|zh-Hans|zh-Hant|zu,False,False,8,eligible_for_content_review,youtube_chapters=5; caption_tracks=157
5pUSer1l8jI,https://www.youtube.com/watch?v=5pUSer1l8jI,The best tire pressure! For offroad and adventure bikes,OFFroad-OFFcourse,en,tires,388,public,True,1677,True,0,True,aa|ab|af|ak|am|ar|as|ay|az|ba|be|bg|bho|bn|bo|br|bs|ca|ceb|co|crs|cs|cy|da|de|dv|dz|ee|el|en|en-orig|eo|es|et|eu|fa|fi|fil|fj|fo|fr|fy|ga|gaa|gd|gl|gn|gu|gv|ha|haw|hi|hmn|hr|ht|hu|hy|id|ig|is|it|iu|iw|ja|jv|ka|kha|kk|kl|km|kn|ko|kri|ku|ky|la|lb|lg|ln|lo|lt|lua|luo|lv|mfe|mg|mi|mk|ml|mn|mr|ms|mt|my|ne|new|nl|no|nso|ny|oc|om|or|os|pa|pam|pl|ps|pt|pt-BR|pt-PT|qu|rn|ro|ru|rw|sa|sd|sg|si|sk|sl|sm|sn|so|sq|sr|ss|st|su|sv|sw|ta|te|tg|th|ti|tk|tn|to|tr|ts|tt|tum|ug|uk|ur|uz|ve|vi|war|wo|xh|yi|yo|zh-Hans|zh-Hant|zu,False,True,8,eligible_for_content_review,caption_tracks=158; professional_source_signal
Z4z0mCP8UPk,https://www.youtube.com/watch?v=Z4z0mCP8UPk,Advanced Motorcycling - Overtaking,Peak Rider Services,en,overtaking,267,public,True,1234,True,0,True,aa|ab|af|ak|am|ar|as|ay|az|ba|be|bg|bho|bn|bo|br|bs|ca|ceb|co|crs|cs|cy|da|de|dv|dz|ee|el|en|en-orig|eo|es|et|eu|fa|fi|fil|fj|fo|fr|fy|ga|gaa|gd|gl|gn|gu|gv|ha|haw|hi|hmn|hr|ht|hu|hy|id|ig|is|it|iu|iw|ja|jv|ka|kha|kk|kl|km|kn|ko|kri|ku|ky|la|lb|lg|ln|lo|lt|lua|luo|lv|mfe|mg|mi|mk|ml|mn|mr|ms|mt|my|ne|new|nl|no|nso|ny|oc|om|or|os|pa|pam|pl|ps|pt|pt-PT|qu|rn|ro|ru|rw|sa|sd|sg|si|sk|sl|sm|sn|so|sq|sr|ss|st|su|sv|sw|ta|te|tg|th|ti|tk|tn|to|tr|ts|tt|tum|ug|uk|ur|uz|ve|vi|war|wo|xh|yi|yo|zh-Hans|zh-Hant|zu,False,True,8,eligible_for_content_review,caption_tracks=157; professional_source_signal
XiaMAATj9TE,https://www.youtube.com/watch?v=XiaMAATj9TE,How to Ride a Motorcycle for Beginners (Complete Course) | Motorcycle Mastery Foundations,PetroHead,en,basics,6361,public,True,2252,True,9,True,aa|ab|af|ak|am|ar|as|ay|az|ba|be|bg|bho|bn|bo|br|bs|ca|ceb|co|crs|cs|cy|da|de|dv|dz|ee|el|en|en-orig|eo|es|et|eu|fa|fi|fil|fj|fo|fr|fy|ga|gaa|gd|gl|gn|gu|gv|ha|haw|hi|hmn|hr|ht|hu|hy|id|ig|is|it|iu|iw|ja|jv|ka|kha|kk|kl|km|kn|ko|kri|ku|ky|la|lb|lg|ln|lo|lt|lua|luo|lv|mfe|mg|mi|mk|ml|mn|mr|ms|mt|my|ne|new|nl|no|nso|ny|oc|om|or|os|pa|pam|pl|ps|pt|pt-PT|qu|rn|ro|ru|rw|sa|sd|sg|si|sk|sl|sm|sn|so|sq|sr|ss|st|su|sv|sw|ta|te|tg|th|ti|tk|tn|to|tr|ts|tt|tum|ug|uk|ur|uz|ve|vi|war|wo|xh|yi|yo|zh-Hans|zh-Hant|zu,True,True,7,rejected,too_long_for_focused_guide_entry
DpqhSjSiF6c,https://www.youtube.com/watch?v=DpqhSjSiF6c,Eliminate Wobbling At Stops On Your Motorcycle - Say Goodbye To Bad Stops,Prorider Central Texas YouTube,en,passenger,90,public,True,2139,True,3,True,aa|ab|af|ak|am|ar|as|ay|az|ba|be|bg|bho|bn|bo|br|bs|ca|ceb|co|crs|cs|cy|da|de|dv|dz|ee|el|en|en-orig|eo|es|et|eu|fa|fi|fil|fj|fo|fr|fy|ga|gaa|gd|gl|gn|gu|gv|ha|haw|hi|hmn|hr|ht|hu|hy|id|ig|is|it|iu|iw|ja|jv|ka|kha|kk|kl|km|kn|ko|kri|ku|ky|la|lb|lg|ln|lo|lt|lua|luo|lv|mfe|mg|mi|mk|ml|mn|mr|ms|mt|my|ne|new|nl|no|nso|ny|oc|om|or|os|pa|pam|pl|ps|pt|pt-PT|qu|rn|ro|ru|rw|sa|sd|sg|si|sk|sl|sm|sn|so|sq|sr|ss|st|su|sv|sw|ta|te|tg|th|ti|tk|tn|to|tr|ts|tt|tum|ug|uk|ur|uz|ve|vi|war|wo|xh|yi|yo|zh-Hans|zh-Hant|zu,True,False,5,eligible_for_content_review,youtube_chapters=3; caption_tracks=157; marketing_signal_present
S2scBN4YzsU,https://www.youtube.com/watch?v=S2scBN4YzsU,Slow Speed Motorcycle Skills / 3 Exercises To Improve Your Clutch Control,Prorider Central Texas YouTube,en,slow_control,339,public,True,1821,True,5,True,aa|ab|af|ak|am|ar|as|ay|az|ba|be|bg|bho|bn|bo|br|bs|ca|ceb|co|crs|cs|cy|da|de|dv|dz|ee|el|en|en-orig|eo|es|et|eu|fa|fi|fil|fj|fo|fr|fy|ga|gaa|gd|gl|gn|gu|gv|ha|haw|hi|hmn|hr|ht|hu|hy|id|ig|is|it|iu|iw|ja|jv|ka|kha|kk|kl|km|kn|ko|kri|ku|ky|la|lb|lg|ln|lo|lt|lua|luo|lv|mfe|mg|mi|mk|ml|mn|mr|ms|mt|my|ne|new|nl|no|nso|ny|oc|om|or|os|pa|pam|pl|ps|pt|pt-PT|qu|rn|ro|ru|rw|sa|sd|sg|si|sk|sl|sm|sn|so|sq|sr|ss|st|su|sv|sw|ta|te|tg|th|ti|tk|tn|to|tr|ts|tt|tum|ug|uk|ur|uz|ve|vi|war|wo|xh|yi|yo|zh-Hans|zh-Hant|zu,True,False,6,eligible_for_content_review,youtube_chapters=5; caption_tracks=157; marketing_signal_present
hPH9cuNby2E,https://www.youtube.com/watch?v=hPH9cuNby2E,Free Mods To Dial In Your Street Bike’s Ergonomics | The Shop Manual,RevZilla,en,ergonomics,327,public,True,1279,True,0,True,aa|ab|af|ak|am|ar|as|ay|az|ba|be|bg|bho|bn|bo|br|bs|ca|ceb|co|crs|cs|cy|da|de|dv|dz|ee|el|en|en-orig|eo|es|et|eu|fa|fi|fil|fj|fo|fr|fy|ga|gaa|gd|gl|gn|gu|gv|ha|haw|hi|hmn|hr|ht|hu|hy|id|ig|is|it|iu|iw|ja|jv|ka|kha|kk|kl|km|kn|ko|kri|ku|ky|la|lb|lg|ln|lo|lt|lua|luo|lv|mfe|mg|mi|mk|ml|mn|mr|ms|mt|my|ne|new|nl|no|nso|ny|oc|om|or|os|pa|pam|pl|ps|pt|pt-PT|qu|rn|ro|ru|rw|sa|sd|sg|si|sk|sl|sm|sn|so|sq|sr|ss|st|su|sv|sw|ta|te|tg|th|ti|tk|tn|to|tr|ts|tt|tum|ug|uk|ur|uz|ve|vi|war|wo|xh|yi|yo|zh-Hans|zh-Hant|zu,True,False,4,eligible_for_content_review,caption_tracks=157; marketing_signal_present
i5nJE4RXrEs,https://www.youtube.com/watch?v=i5nJE4RXrEs,"The tricks to riding the ""Big O"" advanced motorcycle training pattern",Ryan Urlacher,en,advanced_training,60,public,True,1164,True,0,True,aa|ab|af|ak|am|ar|as|ay|az|ba|be|bg|bho|bn|bo|br|bs|ca|ceb|co|crs|cs|cy|da|de|dv|dz|ee|el|en|en-orig|eo|es|et|eu|fa|fi|fil|fj|fo|fr|fy|ga|gaa|gd|gl|gn|gu|gv|ha|haw|hi|hmn|hr|ht|hu|hy|id|ig|is|it|iu|iw|ja|jv|ka|kha|kk|kl|km|kn|ko|kri|ku|ky|la|lb|lg|ln|lo|lt|lua|luo|lv|mfe|mg|mi|mk|ml|mn|mr|ms|mt|my|ne|new|nl|no|nso|ny|oc|om|or|os|pa|pam|pl|ps|pt|pt-PT|qu|rn|ro|ru|rw|sa|sd|sg|si|sk|sl|sm|sn|so|sq|sr|ss|st|su|sv|sw|ta|te|tg|th|ti|tk|tn|to|tr|ts|tt|tum|ug|uk|ur|uz|ve|vi|war|wo|xh|yi|yo|zh-Hans|zh-Hant|zu,True,True,5,eligible_for_content_review,caption_tracks=157; professional_source_signal; marketing_signal_present
UILe5YDA4B8,https://www.youtube.com/watch?v=UILe5YDA4B8,Brake and Escape,TOPS Motorcycle Training,en,emergency_braking,162,public,True,1133,True,6,True,aa|ab|af|ak|am|ar|as|ay|az|ba|be|bg|bho|bn|bo|br|bs|ca|ceb|co|crs|cs|cy|da|de|dv|dz|ee|el|en|en-orig|eo|es|et|eu|fa|fi|fil|fj|fo|fr|fy|ga|gaa|gd|gl|gn|gu|gv|ha|haw|hi|hmn|hr|ht|hu|hy|id|ig|is|it|iu|iw|ja|jv|ka|kha|kk|kl|km|kn|ko|kri|ku|ky|la|lb|lg|ln|lo|lt|lua|luo|lv|mfe|mg|mi|mk|ml|mn|mr|ms|mt|my|ne|new|nl|no|nso|ny|oc|om|or|os|pa|pam|pl|ps|pt|pt-PT|qu|rn|ro|ru|rw|sa|sd|sg|si|sk|sl|sm|sn|so|sq|sr|ss|st|su|sv|sw|ta|te|tg|th|ti|tk|tn|to|tr|ts|tt|tum|ug|uk|ur|uz|ve|vi|war|wo|xh|yi|yo|zh-Hans|zh-Hant|zu,False,True,10,eligible_for_content_review,youtube_chapters=6; caption_tracks=157; professional_source_signal
Cu4WzkorWxk,https://www.youtube.com/watch?v=Cu4WzkorWxk,Walking the Honda Africa Twin Adventure Bike out of the sand when stuck,TheDesertsweeper,en,recovery,26,public,True,144,True,0,True,,False,False,1,rejected,too_short_for_release_depth; no_chapters_or_captions_for_content_evidence
_pksFgZ-5wQ,https://www.youtube.com/watch?v=_pksFgZ-5wQ,Don't Ride Until You Check These | Motorcycle Pre-Ride Inspection,Trev Deeley Motorcycles,en,pre_ride,178,public,True,2163,True,0,True,aa|ab|af|ak|am|ar|as|ay|az|ba|be|bg|bho|bn|bo|br|bs|ca|ceb|co|crs|cs|cy|da|de|dv|dz|ee|el|en|en-orig|eo|es|et|eu|fa|fi|fil|fj|fo|fr|fy|ga|gaa|gd|gl|gn|gu|gv|ha|haw|hi|hmn|hr|ht|hu|hy|id|ig|is|it|iu|iw|ja|jv|ka|kha|kk|kl|km|kn|ko|kri|ku|ky|la|lb|lg|ln|lo|lt|lua|luo|lv|mfe|mg|mi|mk|ml|mn|mr|ms|mt|my|ne|new|nl|no|nso|ny|oc|om|or|os|pa|pam|pl|ps|pt|pt-PT|qu|rn|ro|ru|rw|sa|sd|sg|si|sk|sl|sm|sn|so|sq|sr|ss|st|su|sv|sw|ta|te|tg|th|ti|tk|tn|to|tr|ts|tt|tum|ug|uk|ur|uz|ve|vi|war|wo|xh|yi|yo|zh-Hans|zh-Hant|zu,True,True,6,eligible_for_content_review,caption_tracks=157; professional_source_signal; marketing_signal_present
RQBTnhHzthU,https://www.youtube.com/watch?v=RQBTnhHzthU,MXTV Rider Tip - Deep Sand,mxtvshow,en,sand,247,public,True,95,True,0,True,aa|ab|af|ak|am|ar|as|ay|az|ba|be|bg|bho|bn|bo|br|bs|ca|ceb|co|crs|cs|cy|da|de|dv|dz|ee|el|en|en-orig|eo|es|et|eu|fa|fi|fil|fj|fo|fr|fy|ga|gaa|gd|gl|gn|gu|gv|ha|haw|hi|hmn|hr|ht|hu|hy|id|ig|is|it|iu|iw|ja|jv|ka|kha|kk|kl|km|kn|ko|kri|ku|ky|la|lb|lg|ln|lo|lt|lua|luo|lv|mfe|mg|mi|mk|ml|mn|mr|ms|mt|my|ne|new|nl|no|nso|ny|oc|om|or|os|pa|pam|pl|ps|pt|pt-PT|qu|rn|ro|ru|rw|sa|sd|sg|si|sk|sl|sm|sn|so|sq|sr|ss|st|su|sv|sw|ta|te|tg|th|ti|tk|tn|to|tr|ts|tt|tum|ug|uk|ur|uz|ve|vi|war|wo|xh|yi|yo|zh-Hans|zh-Hant|zu,False,False,5,eligible_for_content_review,caption_tracks=157
5uiMlyOgjjg,https://www.youtube.com/watch?v=5uiMlyOgjjg,ADV Offroad Seating Position| Big Bike Riding Tips,SoCal Off-Road School,en,mud,260,public,True,761,True,0,True,aa|ab|af|ak|am|ar|as|ay|az|ba|be|bg|bho|bn|bo|br|bs|ca|ceb|co|crs|cs|cy|da|de|dv|dz|ee|el|en|en-orig|eo|es|et|eu|fa|fi|fil|fj|fo|fr|fy|ga|gaa|gd|gl|gn|gu|gv|ha|haw|hi|hmn|hr|ht|hu|hy|id|ig|is|it|iu|iw|ja|jv|ka|kha|kk|kl|km|kn|ko|kri|ku|ky|la|lb|lg|ln|lo|lt|lua|luo|lv|mfe|mg|mi|mk|ml|mn|mr|ms|mt|my|ne|new|nl|no|nso|ny|oc|om|or|os|pa|pam|pl|ps|pt|pt-PT|qu|rn|ro|ru|rw|sa|sd|sg|si|sk|sl|sm|sn|so|sq|sr|ss|st|su|sv|sw|ta|te|tg|th|ti|tk|tn|to|tr|ts|tt|tum|ug|uk|ur|uz|ve|vi|war|wo|xh|yi|yo|zh-Hans|zh-Hant|zu,False,True,8,eligible_for_content_review,caption_tracks=157; professional_source_signal
ul84p9MNqeM,https://www.youtube.com/watch?v=ul84p9MNqeM,LOFTING & JUMPING ADV Techniques / BMW R1250GS,MOTOTREK,en,obstacles,552,public,True,951,True,9,True,aa|ab|af|ak|am|ar|as|ay|az|ba|be|bg|bho|bn|bo|br|bs|ca|ceb|co|crs|cs|cy|da|de|dv|dz|ee|el|en|en-orig|eo|es|et|eu|fa|fi|fil|fj|fo|fr|fy|ga|gaa|gd|gl|gn|gu|gv|ha|haw|hi|hmn|hr|ht|hu|hy|id|ig|is|it|iu|iw|ja|jv|ka|kha|kk|kl|km|kn|ko|kri|ku|ky|la|lb|lg|ln|lo|lt|lua|luo|lv|mfe|mg|mi|mk|ml|mn|mr|ms|mt|my|ne|new|nl|no|nso|ny|oc|om|or|os|pa|pam|pl|ps|pt|pt-PT|qu|rn|ro|ru|rw|sa|sd|sg|si|sk|sl|sm|sn|so|sq|sr|ss|st|su|sv|sw|ta|te|tg|th|ti|tk|tn|to|tr|ts|tt|tum|ug|uk|ur|uz|ve|vi|war|wo|xh|yi|yo|zh-Hans|zh-Hant|zu,True,True,8,eligible_for_content_review,youtube_chapters=9; caption_tracks=157; professional_source_signal; marketing_signal_present
nBhWbHKCkks,https://www.youtube.com/watch?v=nBhWbHKCkks,GS Exercises: Competition & Off-Road Motorcycle Skills,ADVMotoSkillZ,en,cornering,743,public,True,3648,True,17,True,af|ar|de|el|en-US|es|fil|fr|hi|id|it|ja|ko|pl|pt-BR|pt-PT|ru|th|tr|uk|zh,False,True,10,eligible_for_content_review,youtube_chapters=17; caption_tracks=21; professional_source_signal
SrbjkZgVueo,https://www.youtube.com/watch?v=SrbjkZgVueo,How to fix a flat tyre by yourself,Adam Riemann,en,puncture,926,public,True,863,True,0,True,aa|ab|af|ak|am|ar|as|ay|az|ba|be|bg|bho|bn|bo|br|bs|ca|ceb|co|crs|cs|cy|da|de|dv|dz|ee|el|en|en-orig|eo|es|et|eu|fa|fi|fil|fj|fo|fr|fy|ga|gaa|gd|gl|gn|gu|gv|ha|haw|hi|hmn|hr|ht|hu|hy|id|ig|is|it|iu|iw|ja|jv|ka|kha|kk|kl|km|kn|ko|kri|ku|ky|la|lb|lg|ln|lo|lt|lua|luo|lv|mfe|mg|mi|mk|ml|mn|mr|ms|mt|my|ne|new|nl|no|nso|ny|oc|om|or|os|pa|pam|pl|ps|pt|pt-PT|qu|rn|ro|ru|rw|sa|sd|sg|si|sk|sl|sm|sn|so|sq|sr|ss|st|su|sv|sw|ta|te|tg|th|ti|tk|tn|to|tr|ts|tt|tum|ug|uk|ur|uz|ve|vi|war|wo|xh|yi|yo|zh-Hans|zh-Hant|zu,True,False,4,eligible_for_content_review,caption_tracks=157; marketing_signal_present
iHz2GH6L7AY,https://www.youtube.com/watch?v=iHz2GH6L7AY,Mapping and Route Planning for Adventure Bike Riders - Part 1 of 4,Brent Pearson,en,navigation,2564,public,True,264,True,0,True,aa|ab|af|ak|am|ar|as|ay|az|ba|be|bg|bho|bn|bo|br|bs|ca|ceb|co|crs|cs|cy|da|de|dv|dz|ee|el|en|en-orig|eo|es|et|eu|fa|fi|fil|fj|fo|fr|fy|ga|gaa|gd|gl|gn|gu|gv|ha|haw|hi|hmn|hr|ht|hu|hy|id|ig|is|it|iu|iw|ja|jv|ka|kha|kk|kl|km|kn|ko|kri|ku|ky|la|lb|lg|ln|lo|lt|lua|luo|lv|mfe|mg|mi|mk|ml|mn|mr|ms|mt|my|ne|new|nl|no|nso|ny|oc|om|or|os|pa|pam|pl|ps|pt|pt-PT|qu|rn|ro|ru|rw|sa|sd|sg|si|sk|sl|sm|sn|so|sq|sr|ss|st|su|sv|sw|ta|te|tg|th|ti|tk|tn|to|tr|ts|tt|tum|ug|uk|ur|uz|ve|vi|war|wo|xh|yi|yo|zh-Hans|zh-Hant|zu,False,False,4,eligible_for_content_review,caption_tracks=157
8YLfVt6q0jQ,https://www.youtube.com/watch?v=8YLfVt6q0jQ,Stuck in sand #shorts,Bret Tkacs ADV,en,recovery,49,public,True,71,True,0,True,aa|ab|af|ak|am|ar|as|ay|az|ba|be|bg|bho|bn|bo|br|bs|ca|ceb|co|crs|cs|cy|da|de|dv|dz|ee|el|en|en-orig|eo|es|et|eu|fa|fi|fil|fj|fo|fr|fy|ga|gaa|gd|gl|gn|gu|gv|ha|haw|hi|hmn|hr|ht|hu|hy|id|ig|is|it|iu|iw|ja|jv|ka|kha|kk|kl|km|kn|ko|kri|ku|ky|la|lb|lg|ln|lo|lt|lua|luo|lv|mfe|mg|mi|mk|ml|mn|mr|ms|mt|my|ne|new|nl|no|nso|ny|oc|om|or|os|pa|pam|pl|ps|pt|pt-PT|qu|rn|ro|ru|rw|sa|sd|sg|si|sk|sl|sm|sn|so|sq|sr|ss|st|su|sv|sw|ta|te|tg|th|ti|tk|tn|to|tr|ts|tt|tum|ug|uk|ur|uz|ve|vi|war|wo|xh|yi|yo|zh-Hans|zh-Hant|zu,False,False,4,rejected,too_short_for_release_depth
sfNLSVghgRA,https://www.youtube.com/watch?v=sfNLSVghgRA,How to ride steep downhill descents on a dirt bike︱Cross Training Enduro,Cross Training Enduro,en,descent,313,public,True,3042,True,7,True,aa|ab|af|ak|am|ar|as|ay|az|ba|be|bg|bho|bn|bo|br|bs|ca|ceb|co|crs|cs|cy|da|de|dv|dz|ee|el|en|en-orig|eo|es|et|eu|fa|fi|fil|fj|fo|fr|fy|ga|gaa|gd|gl|gn|gu|gv|ha|haw|hi|hmn|hr|ht|hu|hy|id|ig|is|it|iu|iw|ja|jv|ka|kha|kk|kl|km|kn|ko|kri|ku|ky|la|lb|lg|ln|lo|lt|lua|luo|lv|mfe|mg|mi|mk|ml|mn|mr|ms|mt|my|ne|new|nl|no|nso|ny|oc|om|or|os|pa|pam|pl|ps|pt|pt-PT|qu|rn|ro|ru|rw|sa|sd|sg|si|sk|sl|sm|sn|so|sq|sr|ss|st|su|sv|sw|ta|te|tg|th|ti|tk|tn|to|tr|ts|tt|tum|ug|uk|ur|uz|ve|vi|war|wo|xh|yi|yo|zh-Hans|zh-Hant|zh-TW|zu,False,True,10,eligible_for_content_review,youtube_chapters=7; caption_tracks=158; professional_source_signal
CXMqS_gMOS0,https://www.youtube.com/watch?v=CXMqS_gMOS0,From Zero to Riding: Motorcycle Training for Absolute Beginners,DanDanTheFireman,en,basics,5289,public,True,4527,True,7,True,aa|ab|af|ak|am|ar|as|ay|az|ba|be|bg|bho|bn|bo|br|bs|ca|ceb|co|crs|cs|cy|da|de|dv|dz|ee|el|en|en-orig|eo|es|et|eu|fa|fi|fil|fj|fo|fr|fy|ga|gaa|gd|gl|gn|gu|gv|ha|haw|hi|hmn|hr|ht|hu|hy|id|ig|is|it|iu|iw|ja|jv|ka|kha|kk|kl|km|kn|ko|kri|ku|ky|la|lb|lg|ln|lo|lt|lua|luo|lv|mfe|mg|mi|mk|ml|mn|mr|ms|mt|my|ne|new|nl|no|nso|ny|oc|om|or|os|pa|pam|pl|ps|pt|pt-PT|qu|rn|ro|ru|rw|sa|sd|sg|si|sk|sl|sm|sn|so|sq|sr|ss|st|su|sv|sw|ta|te|tg|th|ti|tk|tn|to|tr|ts|tt|tum|ug|uk|ur|uz|ve|vi|war|wo|xh|yi|yo|zh-Hans|zh-Hant|zu,True,True,7,eligible_for_content_review,youtube_chapters=7; caption_tracks=157; professional_source_signal; marketing_signal_present
eiRMikxU3Z4,https://www.youtube.com/watch?v=eiRMikxU3Z4,HOW TO CLIMB ‘IMPOSSIBLE HILL CLIMBS’,Dirt Bike Academy,en,hill_climb,266,public,True,1752,True,8,True,aa|ab|af|ak|am|ar|as|ay|az|ba|be|bg|bho|bn|bo|br|bs|ca|ceb|co|crs|cs|cy|da|de|dv|dz|ee|el|en|en-orig|eo|es|et|eu|fa|fi|fil|fj|fo|fr|fy|ga|gaa|gd|gl|gn|gu|gv|ha|haw|hi|hmn|hr|ht|hu|hy|id|ig|is|it|iu|iw|ja|jv|ka|kha|kk|kl|km|kn|ko|kri|ku|ky|la|lb|lg|ln|lo|lt|lua|luo|lv|mfe|mg|mi|mk|ml|mn|mr|ms|mt|my|ne|new|nl|no|nso|ny|oc|om|or|os|pa|pam|pl|ps|pt|pt-PT|qu|rn|ro|ru|rw|sa|sd|sg|si|sk|sl|sm|sn|so|sq|sr|ss|st|su|sv|sw|ta|te|tg|th|ti|tk|tn|to|tr|ts|tt|tum|ug|uk|ur|uz|ve|vi|war|wo|xh|yi|yo|zh-Hans|zh-Hant|zu,False,True,10,eligible_for_content_review,youtube_chapters=8; caption_tracks=157; professional_source_signal
6VjSNKBobko,https://www.youtube.com/watch?v=6VjSNKBobko,How to Carry Passengers on a Motorcycle,ExpertVillage Leaf Group,en,passenger,128,public,True,396,True,0,True,aa|ab|af|ak|am|ar|as|ay|az|ba|be|bg|bho|bn|bo|br|bs|ca|ceb|co|crs|cs|cy|da|de|dv|dz|ee|el|en|en-orig|eo|es|et|eu|fa|fi|fil|fj|fo|fr|fy|ga|gaa|gd|gl|gn|gu|gv|ha|haw|hi|hmn|hr|ht|hu|hy|id|ig|is|it|iu|iw|ja|jv|ka|kha|kk|kl|km|kn|ko|kri|ku|ky|la|lb|lg|ln|lo|lt|lua|luo|lv|mfe|mg|mi|mk|ml|mn|mr|ms|mt|my|ne|new|nl|no|nso|ny|oc|om|or|os|pa|pam|pl|ps|pt|pt-PT|qu|rn|ro|ru|rw|sa|sd|sg|si|sk|sl|sm|sn|so|sq|sr|ss|st|su|sv|sw|ta|te|tg|th|ti|tk|tn|to|tr|ts|tt|tum|ug|uk|ur|uz|ve|vi|war|wo|xh|yi|yo|zh-Hans|zh-Hant|zu,False,True,7,eligible_for_content_review,caption_tracks=157; professional_source_signal
n5d2muv5OtE,https://www.youtube.com/watch?v=n5d2muv5OtE,How to Cross Water on Your Motorcycle,FortNine,en,water_crossing,327,public,True,318,True,0,True,aa|ab|af|ak|am|ar|as|ay|az|ba|be|bg|bho|bn|bo|br|bs|ca|ceb|co|crs|cs|cy|da|de|dv|dz|ee|el|en|en-orig|eo|es|et|eu|fa|fi|fil|fj|fo|fr|fy|ga|gaa|gd|gl|gn|gu|gv|ha|haw|hi|hmn|hr|ht|hu|hy|id|ig|is|it|iu|iw|ja|jv|ka|kha|kk|kl|km|kn|ko|kri|ku|ky|la|lb|lg|ln|lo|lt|lua|luo|lv|mfe|mg|mi|mk|ml|mn|mr|ms|mt|my|ne|new|nl|no|nso|ny|oc|om|or|os|pa|pam|pl|ps|pt|pt-PT|qu|rn|ro|ru|rw|sa|sd|sg|si|sk|sl|sm|sn|so|sq|sr|ss|st|su|sv|sw|ta|te|tg|th|ti|tk|tn|to|tr|ts|tt|tum|ug|uk|ur|uz|ve|vi|war|wo|xh|yi|yo|zh-Hans|zh-Hant|zu,False,False,5,eligible_for_content_review,caption_tracks=157
x94PGgYKHQ0,https://www.youtube.com/watch?v=x94PGgYKHQ0,Invisibility Training for Motorcyclists,FortNine,en,night,521,public,True,942,True,6,True,aa|ab|af|ak|am|ar|as|ay|az|ba|be|bg|bho|bn|bo|br|bs|ca|ceb|co|crs|cs|cy|da|de|dv|dz|ee|el|en|en-orig|eo|es|et|eu|fa|fi|fil|fj|fo|fr|fy|ga|gaa|gd|gl|gn|gu|gv|ha|haw|hi|hmn|hr|ht|hu|hy|id|ig|is|it|iu|iw|ja|jv|ka|kha|kk|kl|km|kn|ko|kri|ku|ky|la|lb|lg|ln|lo|lt|lua|luo|lv|mfe|mg|mi|mk|ml|mn|mr|ms|mt|my|ne|new|nl|no|nso|ny|oc|om|or|os|pa|pam|pl|ps|pt|pt-PT|qu|rn|ro|ru|rw|sa|sd|sg|si|sk|sl|sm|sn|so|sq|sr|ss|st|su|sv|sw|ta|te|tg|th|ti|tk|tn|to|tr|ts|tt|tum|ug|uk|ur|uz|ve|vi|war|wo|xh|yi|yo|zh-Hans|zh-Hant|zu,True,False,6,eligible_for_content_review,youtube_chapters=6; caption_tracks=157; marketing_signal_present
-_a3Hk4Jeg8,https://www.youtube.com/watch?v=-_a3Hk4Jeg8,"Countersteering was hard, until I learned this!",Instructor Cory,en,countersteering,363,public,True,355,True,5,True,aa|ab|af|ak|am|ar|as|ay|az|ba|be|bg|bho|bn|bo|br|bs|ca|ceb|co|crs|cs|cy|da|de|dv|dz|ee|el|en|en-orig|eo|es|et|eu|fa|fi|fil|fj|fo|fr|fy|ga|gaa|gd|gl|gn|gu|gv|ha|haw|hi|hmn|hr|ht|hu|hy|id|ig|is|it|iu|iw|ja|jv|ka|kha|kk|kl|km|kn|ko|kri|ku|ky|la|lb|lg|ln|lo|lt|lua|luo|lv|mfe|mg|mi|mk|ml|mn|mr|ms|mt|my|ne|new|nl|no|nso|ny|oc|om|or|os|pa|pam|pl|ps|pt|pt-PT|qu|rn|ro|ru|rw|sa|sd|sg|si|sk|sl|sm|sn|so|sq|sr|ss|st|su|sv|sw|ta|te|tg|th|ti|tk|tn|to|tr|ts|tt|tum|ug|uk|ur|uz|ve|vi|war|wo|xh|yi|yo|zh-Hans|zh-Hant|zu,False,True,9,eligible_for_content_review,youtube_chapters=5; caption_tracks=157; professional_source_signal
gJH1pn4Cq68,https://www.youtube.com/watch?v=gJH1pn4Cq68,CBT Element C - Emergency stop,LET'S RIDE! Motorcycle Training,en,emergency_braking,442,public,True,78,True,3,True,aa|ab|af|ak|am|ar|as|ay|az|ba|be|bg|bho|bn|bo|br|bs|ca|ceb|co|crs|cs|cy|da|de|dv|dz|ee|el|en|en-orig|eo|es|et|eu|fa|fi|fil|fj|fo|fr|fy|ga|gaa|gd|gl|gn|gu|gv|ha|haw|hi|hmn|hr|ht|hu|hy|id|ig|is|it|iu|iw|ja|jv|ka|kha|kk|kl|km|kn|ko|kri|ku|ky|la|lb|lg|ln|lo|lt|lua|luo|lv|mfe|mg|mi|mk|ml|mn|mr|ms|mt|my|ne|new|nl|no|nso|ny|oc|om|or|os|pa|pam|pl|ps|pt|pt-PT|qu|rn|ro|ru|rw|sa|sd|sg|si|sk|sl|sm|sn|so|sq|sr|ss|st|su|sv|sw|ta|te|tg|th|ti|tk|tn|to|tr|ts|tt|tum|ug|uk|ur|uz|ve|vi|war|wo|xh|yi|yo|zh-Hans|zh-Hant|zu,False,True,9,eligible_for_content_review,youtube_chapters=3; caption_tracks=157; professional_source_signal
eTe7_ox-akQ,https://www.youtube.com/watch?v=eTe7_ox-akQ,I analysed 127 crashes… Here’s how to avoid them all,Life at Lean,en,urban_hazards,570,public,True,1726,True,0,True,aa|ab|af|ak|am|ar|as|ay|az|ba|be|bg|bho|bn|bo|br|bs|ca|ceb|co|crs|cs|cy|da|de|dv|dz|ee|el|en|en-orig|eo|es|et|eu|fa|fi|fil|fj|fo|fr|fy|ga|gaa|gd|gl|gn|gu|gv|ha|haw|hi|hmn|hr|ht|hu|hy|id|ig|is|it|iu|iw|ja|jv|ka|kha|kk|kl|km|kn|ko|kri|ku|ky|la|lb|lg|ln|lo|lt|lua|luo|lv|mfe|mg|mi|mk|ml|mn|mr|ms|mt|my|ne|new|nl|no|nso|ny|oc|om|or|os|pa|pam|pl|ps|pt|pt-PT|qu|rn|ro|ru|rw|sa|sd|sg|si|sk|sl|sm|sn|so|sq|sr|ss|st|su|sv|sw|ta|te|tg|th|ti|tk|tn|to|tr|ts|tt|tum|ug|uk|ur|uz|ve|vi|war|wo|xh|yi|yo|zh-Hans|zh-Hant|zu,True,False,4,eligible_for_content_review,caption_tracks=157; marketing_signal_present
9hgXMIY4cbc,https://www.youtube.com/watch?v=9hgXMIY4cbc,How To Comfortably Stand While Riding A Dirt Bike On Trails [Ep20],MXHideout,en,offroad_position,155,public,True,1632,True,0,True,aa|ab|af|ak|am|ar|as|ay|az|ba|be|bg|bho|bn|bo|br|bs|ca|ceb|co|crs|cs|cy|da|de|dv|dz|ee|el|en|en-orig|eo|es|et|eu|fa|fi|fil|fj|fo|fr|fy|ga|gaa|gd|gl|gn|gu|gv|ha|haw|hi|hmn|hr|ht|hu|hy|id|ig|is|it|iu|iw|ja|jv|ka|kha|kk|kl|km|kn|ko|kri|ku|ky|la|lb|lg|ln|lo|lt|lua|luo|lv|mfe|mg|mi|mk|ml|mn|mr|ms|mt|my|ne|new|nl|no|nso|ny|oc|om|or|os|pa|pam|pl|ps|pt|pt-PT|qu|rn|ro|ru|rw|sa|sd|sg|si|sk|sl|sm|sn|so|sq|sr|ss|st|su|sv|sw|ta|te|tg|th|ti|tk|tn|to|tr|ts|tt|tum|ug|uk|ur|uz|ve|vi|war|wo|xh|yi|yo|zh-Hans|zh-Hant|zu,False,True,8,eligible_for_content_review,caption_tracks=157; professional_source_signal
BnOmE_PxAyw,https://www.youtube.com/watch?v=BnOmE_PxAyw,From Racing to Street: Trail Braking in Corners,Moto Control,en,trail_braking,829,public,True,829,True,0,True,aa|ab|af|ak|am|ar|as|ay|az|ba|be|bg|bho|bn|bo|br|bs|ca|ceb|co|crs|cs|cy|da|de|dv|dz|ee|el|en|en-orig|eo|es|et|eu|fa|fi|fil|fj|fo|fr|fy|ga|gaa|gd|gl|gn|gu|gv|ha|haw|hi|hmn|hr|ht|hu|hy|id|ig|is|it|iu|iw|ja|jv|ka|kha|kk|kl|km|kn|ko|kri|ku|ky|la|lb|lg|ln|lo|lt|lua|luo|lv|mfe|mg|mi|mk|ml|mn|mr|ms|mt|my|ne|new|nl|no|nso|ny|oc|om|or|os|pa|pam|pl|ps|pt|pt-PT|qu|rn|ro|ru|rw|sa|sd|sg|si|sk|sl|sm|sn|so|sq|sr|ss|st|su|sv|sw|ta|te|tg|th|ti|tk|tn|to|tr|ts|tt|tum|ug|uk|ur|uz|ve|vi|war|wo|xh|yi|yo|zh-Hans|zh-Hant|zu,True,True,6,eligible_for_content_review,caption_tracks=157; professional_source_signal; marketing_signal_present
6IybZ8hvuDk,https://www.youtube.com/watch?v=6IybZ8hvuDk,Expert Motorcop Advice: Handling Heavy Motorcycles Like A Pro!,MotoJitsu®,en,lifting,79,public,True,712,True,0,True,aa|ab|af|ak|am|ar|as|ay|az|ba|be|bg|bho|bn|bo|br|bs|ca|ceb|co|crs|cs|cy|da|de|dv|dz|ee|el|en|en-orig|eo|es|et|eu|fa|fi|fil|fj|fo|fr|fy|ga|gaa|gd|gl|gn|gu|gv|ha|haw|hi|hmn|hr|ht|hu|hy|id|ig|is|it|iu|iw|ja|jv|ka|kha|kk|kl|km|kn|ko|kri|ku|ky|la|lb|lg|ln|lo|lt|lua|luo|lv|mfe|mg|mi|mk|ml|mn|mr|ms|mt|my|ne|new|nl|no|nso|ny|oc|om|or|os|pa|pam|pl|ps|pt|pt-PT|qu|rn|ro|ru|rw|sa|sd|sg|si|sk|sl|sm|sn|so|sq|sr|ss|st|su|sv|sw|ta|te|tg|th|ti|tk|tn|to|tr|ts|tt|tum|ug|uk|ur|uz|ve|vi|war|wo|xh|yi|yo|zh-Hans|zh-Hant|zu,True,True,5,eligible_for_content_review,caption_tracks=157; professional_source_signal; marketing_signal_present
_O0aEN-fN00,https://www.youtube.com/watch?v=_O0aEN-fN00,Master The Art Of Swerving On A Motorcycle,MotoJitsu®,en,swerving,1103,public,True,712,True,0,True,aa|ab|af|ak|am|ar|as|ay|az|ba|be|bg|bho|bn|bo|br|bs|ca|ceb|co|crs|cs|cy|da|de|dv|dz|ee|el|en|en-orig|eo|es|et|eu|fa|fi|fil|fj|fo|fr|fy|ga|gaa|gd|gl|gn|gu|gv|ha|haw|hi|hmn|hr|ht|hu|hy|id|ig|is|it|iu|iw|ja|jv|ka|kha|kk|kl|km|kn|ko|kri|ku|ky|la|lb|lg|ln|lo|lt|lua|luo|lv|mfe|mg|mi|mk|ml|mn|mr|ms|mt|my|ne|new|nl|no|nso|ny|oc|om|or|os|pa|pam|pl|ps|pt|pt-PT|qu|rn|ro|ru|rw|sa|sd|sg|si|sk|sl|sm|sn|so|sq|sr|ss|st|su|sv|sw|ta|te|tg|th|ti|tk|tn|to|tr|ts|tt|tum|ug|uk|ur|uz|ve|vi|war|wo|xh|yi|yo|zh-Hans|zh-Hant|zu,True,True,6,eligible_for_content_review,caption_tracks=157; professional_source_signal; marketing_signal_present
nM4y8J-5ZCA,https://www.youtube.com/watch?v=nM4y8J-5ZCA,How To Ride Off Road with BMW Off Road Skills - Motorcycle Live 2020,Off Road Skills,en,offroad_basics,1415,public,True,510,True,9,True,aa|ab|af|ak|am|ar|as|ay|az|ba|be|bg|bho|bn|bo|br|bs|ca|ceb|co|crs|cs|cy|da|de|dv|dz|ee|el|en|en-orig|eo|es|et|eu|fa|fi|fil|fj|fo|fr|fy|ga|gaa|gd|gl|gn|gu|gv|ha|haw|hi|hmn|hr|ht|hu|hy|id|ig|is|it|iu|iw|ja|jv|ka|kha|kk|kl|km|kn|ko|kri|ku|ky|la|lb|lg|ln|lo|lt|lua|luo|lv|mfe|mg|mi|mk|ml|mn|mr|ms|mt|my|ne|new|nl|no|nso|ny|oc|om|or|os|pa|pam|pl|ps|pt|pt-PT|qu|rn|ro|ru|rw|sa|sd|sg|si|sk|sl|sm|sn|so|sq|sr|ss|st|su|sv|sw|ta|te|tg|th|ti|tk|tn|to|tr|ts|tt|tum|ug|uk|ur|uz|ve|vi|war|wo|xh|yi|yo|zh-Hans|zh-Hant|zu,False,False,8,eligible_for_content_review,youtube_chapters=9; caption_tracks=157
MwZSi-LHWuw,https://www.youtube.com/watch?v=MwZSi-LHWuw,ProRider - Riding With a Passenger in the Cone Course,ProRider- Advanced Motorcycle Skills Training,en,passenger,227,public,True,2630,True,0,True,aa|ab|af|ak|am|ar|as|ay|az|ba|be|bg|bho|bn|bo|br|bs|ca|ceb|co|crs|cs|cy|da|de|dv|dz|ee|el|en|en-orig|eo|es|et|eu|fa|fi|fil|fj|fo|fr|fy|ga|gaa|gd|gl|gn|gu|gv|ha|haw|hi|hmn|hr|ht|hu|hy|id|ig|is|it|iu|iw|ja|jv|ka|kha|kk|kl|km|kn|ko|kri|ku|ky|la|lb|lg|ln|lo|lt|lua|luo|lv|mfe|mg|mi|mk|ml|mn|mr|ms|mt|my|ne|new|nl|no|nso|ny|oc|om|or|os|pa|pam|pl|ps|pt|pt-PT|qu|rn|ro|ru|rw|sa|sd|sg|si|sk|sl|sm|sn|so|sq|sr|ss|st|su|sv|sw|ta|te|tg|th|ti|tk|tn|to|tr|ts|tt|tum|ug|uk|ur|uz|ve|vi|war|wo|xh|yi|yo|zh-Hans|zh-Hant|zu,False,True,8,eligible_for_content_review,caption_tracks=157; professional_source_signal
SpEl45M02sI,https://www.youtube.com/watch?v=SpEl45M02sI,MOTORCYCLE ROAD POSITIONING MASTERCLASS A LEARNERS GUIDE,RIDER GUIDER,en,road_position,360,public,True,1545,True,0,True,aa|ab|af|ak|am|ar|as|ay|az|ba|be|bg|bho|bn|bo|br|bs|ca|ceb|co|crs|cs|cy|da|de|dv|dz|ee|el|en|en-orig|eo|es|et|eu|fa|fi|fil|fj|fo|fr|fy|ga|gaa|gd|gl|gn|gu|gv|ha|haw|hi|hmn|hr|ht|hu|hy|id|ig|is|it|iu|iw|ja|jv|ka|kha|kk|kl|km|kn|ko|kri|ku|ky|la|lb|lg|ln|lo|lt|lua|luo|lv|mfe|mg|mi|mk|ml|mn|mr|ms|mt|my|ne|new|nl|no|nso|ny|oc|om|or|os|pa|pam|pl|ps|pt|pt-PT|qu|rn|ro|ru|rw|sa|sd|sg|si|sk|sl|sm|sn|so|sq|sr|ss|st|su|sv|sw|ta|te|tg|th|ti|tk|tn|to|tr|ts|tt|tum|ug|uk|ur|uz|ve|vi|war|wo|xh|yi|yo|zh-Hans|zh-Hant|zu,False,True,8,eligible_for_content_review,caption_tracks=157; professional_source_signal
AJ3haxjCRMU,https://www.youtube.com/watch?v=AJ3haxjCRMU,RSA Motorcycle Safety - Overtaking Same Direction,RSA Ireland,en,overtaking,33,public,True,319,True,5,True,aa|ab|af|ak|am|ar|as|ay|az|ba|be|bg|bho|bn|bo|br|bs|ca|ceb|co|crs|cs|cy|da|de|dv|dz|ee|el|en|en-orig|eo|es|et|eu|fa|fi|fil|fj|fo|fr|fy|ga|gaa|gd|gl|gn|gu|gv|ha|haw|hi|hmn|hr|ht|hu|hy|id|ig|is|it|iu|iw|ja|jv|ka|kha|kk|kl|km|kn|ko|kri|ku|ky|la|lb|lg|ln|lo|lt|lua|luo|lv|mfe|mg|mi|mk|ml|mn|mr|ms|mt|my|ne|new|nl|no|nso|ny|oc|om|or|os|pa|pam|pl|ps|pt|pt-PT|qu|rn|ro|ru|rw|sa|sd|sg|si|sk|sl|sm|sn|so|sq|sr|ss|st|su|sv|sw|ta|te|tg|th|ti|tk|tn|to|tr|ts|tt|tum|ug|uk|ur|uz|ve|vi|war|wo|xh|yi|yo|zh-Hans|zh-Hant|zu,False,False,6,rejected,too_short_for_release_depth
GerHAGwhX9k,https://www.youtube.com/watch?v=GerHAGwhX9k,15 Group Riding Tips for Motorcyclist! Motorcycle Safety!,Riding in the Ozarks,en,group_riding,579,public,True,2025,True,16,True,aa|ab|af|ak|am|ar|as|ay|az|ba|be|bg|bho|bn|bo|br|bs|ca|ceb|co|crs|cs|cy|da|de|dv|dz|ee|el|en|en-orig|eo|es|et|eu|fa|fi|fil|fj|fo|fr|fy|ga|gaa|gd|gl|gn|gu|gv|ha|haw|hi|hmn|hr|ht|hu|hy|id|ig|is|it|iu|iw|ja|jv|ka|kha|kk|kl|km|kn|ko|kri|ku|ky|la|lb|lg|ln|lo|lt|lua|luo|lv|mfe|mg|mi|mk|ml|mn|mr|ms|mt|my|ne|new|nl|no|nso|ny|oc|om|or|os|pa|pam|pl|ps|pt|pt-PT|qu|rn|ro|ru|rw|sa|sd|sg|si|sk|sl|sm|sn|so|sq|sr|ss|st|su|sv|sw|ta|te|tg|th|ti|tk|tn|to|tr|ts|tt|tum|ug|uk|ur|uz|ve|vi|war|wo|xh|yi|yo|zh-Hans|zh-Hant|zu,True,True,8,eligible_for_content_review,youtube_chapters=16; caption_tracks=157; professional_source_signal; marketing_signal_present
k6mUJ309W3k,https://www.youtube.com/watch?v=k6mUJ309W3k,Smoother riding with good throttle control: Motorcycle riding tips 2020,Roadcraft Nottingham - Motorcycle Training,en,advanced_training,438,public,True,1636,True,0,True,aa|ab|af|ak|am|ar|as|ay|az|ba|be|bg|bho|bn|bo|br|bs|ca|ceb|co|crs|cs|cy|da|de|dv|dz|ee|el|en|en-orig|eo|es|et|eu|fa|fi|fil|fj|fo|fr|fy|ga|gaa|gd|gl|gn|gu|gv|ha|haw|hi|hmn|hr|ht|hu|hy|id|ig|is|it|iu|iw|ja|jv|ka|kha|kk|kl|km|kn|ko|kri|ku|ky|la|lb|lg|ln|lo|lt|lua|luo|lv|mfe|mg|mi|mk|ml|mn|mr|ms|mt|my|ne|new|nl|no|nso|ny|oc|om|or|os|pa|pam|pl|ps|pt|pt-PT|qu|rn|ro|ru|rw|sa|sd|sg|si|sk|sl|sm|sn|so|sq|sr|ss|st|su|sv|sw|ta|te|tg|th|ti|tk|tn|to|tr|ts|tt|tum|ug|uk|ur|uz|ve|vi|war|wo|xh|yi|yo|zh-Hans|zh-Hant|zu,False,True,8,eligible_for_content_review,caption_tracks=157; professional_source_signal
y1_j_49as9s,https://www.youtube.com/watch?v=y1_j_49as9s,⚡Complete Guide to T-CLOCS Motorcycle Inspection Checklist for Ultimate Safety⚡,SIK Baggers,en,pre_ride,1334,public,True,3522,True,0,True,aa|ab|af|ak|am|ar|as|ay|az|ba|be|bg|bho|bn|bo|br|bs|ca|ceb|co|crs|cs|cy|da|de|dv|dz|ee|el|en|en-orig|eo|es|et|eu|fa|fi|fil|fj|fo|fr|fy|ga|gaa|gd|gl|gn|gu|gv|ha|haw|hi|hmn|hr|ht|hu|hy|id|ig|is|it|iu|iw|ja|jv|ka|kha|kk|kl|km|kn|ko|kri|ku|ky|la|lb|lg|ln|lo|lt|lua|luo|lv|mfe|mg|mi|mk|ml|mn|mr|ms|mt|my|ne|new|nl|no|nso|ny|oc|om|or|os|pa|pam|pl|ps|pt|pt-PT|qu|rn|ro|ru|rw|sa|sd|sg|si|sk|sl|sm|sn|so|sq|sr|ss|st|su|sv|sw|ta|te|tg|th|ti|tk|tn|to|tr|ts|tt|tum|ug|uk|ur|uz|ve|vi|war|wo|xh|yi|yo|zh-Hans|zh-Hant|zu,False,True,8,eligible_for_content_review,caption_tracks=157; professional_source_signal
DW0GVIvub44,https://www.youtube.com/watch?v=DW0GVIvub44,Motorcycle SAG Setup Guide: The Hidden Suspension Setting Every Rider Overlooks,Terra-Moto,en,suspension,713,public,True,1295,True,0,True,aa|ab|af|ak|am|ar|as|ay|az|ba|be|bg|bho|bn|bo|br|bs|ca|ceb|co|crs|cs|cy|da|de|dv|dz|ee|el|en|en-GB|en-US|en-orig|eo|es|et|eu|fa|fi|fil|fj|fo|fr|fy|ga|gaa|gd|gl|gn|gu|gv|ha|haw|hi|hmn|hr|ht|hu|hy|id|ig|is|it|iu|iw|ja|jv|ka|kha|kk|kl|km|kn|ko|kri|ku|ky|la|lb|lg|ln|lo|lt|lua|luo|lv|mfe|mg|mi|mk|ml|mn|mr|ms|mt|my|ne|new|nl|no|nso|ny|oc|om|or|os|pa|pam|pl|ps|pt|pt-PT|qu|rn|ro|ru|rw|sa|sd|sg|si|sk|sl|sm|sn|so|sq|sr|ss|st|su|sv|sw|ta|te|tg|th|ti|tk|tn|to|tr|ts|tt|tum|ug|uk|ur|uz|ve|vi|war|wo|xh|yi|yo|zh-Hans|zh-Hant|zu,False,False,6,eligible_for_content_review,caption_tracks=159
C7m__YaaUlg,https://www.youtube.com/watch?v=C7m__YaaUlg,"When to Oil, Clean, Adjust & Replace Your Motorcycle chain | TwistedThrottle.com",TwistedThrottle.com,en,maintenance,238,public,True,1123,True,4,True,aa|ab|af|ak|am|ar|as|ay|az|ba|be|bg|bho|bn|bo|br|bs|ca|ceb|co|crs|cs|cy|da|de|dv|dz|ee|el|en|en-orig|eo|es|et|eu|fa|fi|fil|fj|fo|fr|fy|ga|gaa|gd|gl|gn|gu|gv|ha|haw|hi|hmn|hr|ht|hu|hy|id|ig|is|it|iu|iw|ja|jv|ka|kha|kk|kl|km|kn|ko|kri|ku|ky|la|lb|lg|ln|lo|lt|lua|luo|lv|mfe|mg|mi|mk|ml|mn|mr|ms|mt|my|ne|new|nl|no|nso|ny|oc|om|or|os|pa|pam|pl|ps|pt|pt-PT|qu|rn|ro|ru|rw|sa|sd|sg|si|sk|sl|sm|sn|so|sq|sr|ss|st|su|sv|sw|ta|te|tg|th|ti|tk|tn|to|tr|ts|tt|tum|ug|uk|ur|uz|ve|vi|war|wo|xh|yi|yo|zh-Hans|zh-Hant|zu,True,False,6,eligible_for_content_review,youtube_chapters=4; caption_tracks=157; marketing_signal_present
ZCCxERsvQdw,https://www.youtube.com/watch?v=ZCCxERsvQdw,12 DEADLY Motorcycle Packing Mistakes You're Making,Two-Wheel Truth,en,luggage,1140,public,True,1260,True,0,True,aa|ab|af|ak|am|ar|as|ay|az|ba|be|bg|bho|bn|bo|br|bs|ca|ceb|co|crs|cs|cy|da|de|dv|dz|ee|el|en|en-orig|eo|es|et|eu|fa|fi|fil|fj|fo|fr|fy|ga|gaa|gd|gl|gn|gu|gv|ha|haw|hi|hmn|hr|ht|hu|hy|id|ig|is|it|iu|iw|ja|jv|ka|kha|kk|kl|km|kn|ko|kri|ku|ky|la|lb|lg|ln|lo|lt|lua|luo|lv|mfe|mg|mi|mk|ml|mn|mr|ms|mt|my|ne|new|nl|no|nso|ny|oc|om|or|os|pa|pam|pl|ps|pt|pt-PT|qu|rn|ro|ru|rw|sa|sd|sg|si|sk|sl|sm|sn|so|sq|sr|ss|st|su|sv|sw|ta|te|tg|th|ti|tk|tn|to|tr|ts|tt|tum|ug|uk|ur|uz|ve|vi|war|wo|xh|yi|yo|zh-Hans|zh-Hant|zu,False,True,8,eligible_for_content_review,caption_tracks=157; professional_source_signal
kZrKbYSTiv0,https://www.youtube.com/watch?v=kZrKbYSTiv0,The TRUTH About Riding Motorcycles in the Rain,Yammie Noob,en,rain,709,public,True,2354,True,10,True,aa|ab|af|ak|am|ar|as|ay|az|ba|be|bg|bho|bn|bo|br|bs|ca|ceb|co|crs|cs|cy|da|de|dv|dz|ee|el|en|en-orig|eo|es|et|eu|fa|fi|fil|fj|fo|fr|fy|ga|gaa|gd|gl|gn|gu|gv|ha|haw|hi|hmn|hr|ht|hu|hy|id|ig|is|it|iu|iw|ja|jv|ka|kha|kk|kl|km|kn|ko|kri|ku|ky|la|lb|lg|ln|lo|lt|lua|luo|lv|mfe|mg|mi|mk|ml|mn|mr|ms|mt|my|ne|new|nl|no|nso|ny|oc|om|or|os|pa|pam|pl|ps|pt|pt-PT|qu|rn|ro|ru|rw|sa|sd|sg|si|sk|sl|sm|sn|so|sq|sr|ss|st|su|sv|sw|ta|te|tg|th|ti|tk|tn|to|tr|ts|tt|tum|ug|uk|ur|uz|ve|vi|war|wo|xh|yi|yo|zh-Hans|zh-Hant|zu,False,False,8,eligible_for_content_review,youtube_chapters=10; caption_tracks=157
ldOUovP0Iyk,https://www.youtube.com/watch?v=ldOUovP0Iyk,Everything You NEED TO KNOW About Motorcycle Pants,Yammie Noob,en,protective_gear,536,public,True,2849,True,4,True,aa|ab|af|ak|am|ar|as|ay|az|ba|be|bg|bho|bn|bo|br|bs|ca|ceb|co|crs|cs|cy|da|de|dv|dz|ee|el|en|en-orig|eo|es|et|eu|fa|fi|fil|fj|fo|fr|fy|ga|gaa|gd|gl|gn|gu|gv|ha|haw|hi|hmn|hr|ht|hu|hy|id|ig|is|it|iu|iw|ja|jv|ka|kha|kk|kl|km|kn|ko|kri|ku|ky|la|lb|lg|ln|lo|lt|lua|luo|lv|mfe|mg|mi|mk|ml|mn|mr|ms|mt|my|ne|new|nl|no|nso|ny|oc|om|or|os|pa|pam|pl|ps|pt|pt-PT|qu|rn|ro|ru|rw|sa|sd|sg|si|sk|sl|sm|sn|so|sq|sr|ss|st|su|sv|sw|ta|te|tg|th|ti|tk|tn|to|tr|ts|tt|tum|ug|uk|ur|uz|ve|vi|war|wo|xh|yi|yo|zh-Hans|zh-Hant|zu,True,False,6,eligible_for_content_review,youtube_chapters=4; caption_tracks=157; marketing_signal_present
wrklB5UMWOU,https://www.youtube.com/watch?v=wrklB5UMWOU,How to pop up the front wheel. The secret to riding confidently offroad.,Adam Riemann,en,mud,691,public,True,1095,True,5,True,aa|ab|af|ak|am|ar|as|ay|az|ba|be|bg|bho|bn|bo|br|bs|ca|ceb|co|crs|cs|cy|da|de|dv|dz|ee|el|en|en-orig|eo|es|et|eu|fa|fi|fil|fj|fo|fr|fy|ga|gaa|gd|gl|gn|gu|gv|ha|haw|hi|hmn|hr|ht|hu|hy|id|ig|is|it|iu|iw|ja|jv|ka|kha|kk|kl|km|kn|ko|kri|ku|ky|la|lb|lg|ln|lo|lt|lua|luo|lv|mfe|mg|mi|mk|ml|mn|mr|ms|mt|my|ne|new|nl|no|nso|ny|oc|om|or|os|pa|pam|pl|ps|pt|pt-PT|qu|rn|ro|ru|rw|sa|sd|sg|si|sk|sl|sm|sn|so|sq|sr|ss|st|su|sv|sw|ta|te|tg|th|ti|tk|tn|to|tr|ts|tt|tum|ug|uk|ur|uz|ve|vi|war|wo|xh|yi|yo|zh-Hans|zh-Hant|zu,True,False,6,eligible_for_content_review,youtube_chapters=5; caption_tracks=157; marketing_signal_present
JgcBkvlE6lo,https://www.youtube.com/watch?v=JgcBkvlE6lo,Should you brake while turning? Motorcycle riding tips,Bennetts BikeSocial,en,passenger,248,public,True,416,True,0,True,aa|ab|af|ak|am|ar|as|ay|az|ba|be|bg|bho|bn|bo|br|bs|ca|ceb|co|crs|cs|cy|da|de|dv|dz|ee|el|en|en-orig|eo|es|et|eu|fa|fi|fil|fj|fo|fr|fy|ga|gaa|gd|gl|gn|gu|gv|ha|haw|hi|hmn|hr|ht|hu|hy|id|ig|is|it|iu|iw|ja|jv|ka|kha|kk|kl|km|kn|ko|kri|ku|ky|la|lb|lg|ln|lo|lt|lua|luo|lv|mfe|mg|mi|mk|ml|mn|mr|ms|mt|my|ne|new|nl|no|nso|ny|oc|om|or|os|pa|pam|pl|ps|pt|pt-PT|qu|rn|ro|ru|rw|sa|sd|sg|si|sk|sl|sm|sn|so|sq|sr|ss|st|su|sv|sw|ta|te|tg|th|ti|tk|tn|to|tr|ts|tt|tum|ug|uk|ur|uz|ve|vi|war|wo|xh|yi|yo|zh-Hans|zh-Hant|zu,False,True,8,eligible_for_content_review,caption_tracks=157; professional_source_signal
3cPj4-gVXD4,https://www.youtube.com/watch?v=3cPj4-gVXD4,Blind Wet Downhill Corners? Here's How to Nail Them,CanyonChasers,en,road_hills,469,public,True,3273,True,0,True,aa|ab|af|ak|am|ar|as|ay|az|ba|be|bg|bho|bn|bo|br|bs|ca|ceb|co|crs|cs|cy|da|de|dv|dz|ee|el|en|en-US|en-orig|eo|es|et|eu|fa|fi|fil|fj|fo|fr|fy|ga|gaa|gd|gl|gn|gu|gv|ha|haw|hi|hmn|hr|ht|hu|hy|id|ig|is|it|iu|iw|ja|jv|ka|kha|kk|kl|km|kn|ko|kri|ku|ky|la|lb|lg|ln|lo|lt|lua|luo|lv|mfe|mg|mi|mk|ml|mn|mr|ms|mt|my|ne|new|nl|no|nso|ny|oc|om|or|os|pa|pam|pl|ps|pt|pt-PT|qu|rn|ro|ru|rw|sa|sd|sg|si|sk|sl|sm|sn|so|sq|sr|ss|st|su|sv|sw|ta|te|tg|th|ti|tk|tn|to|tr|ts|tt|tum|ug|uk|ur|uz|ve|vi|war|wo|xh|yi|yo|zh-Hans|zh-Hant|zu,True,True,6,eligible_for_content_review,caption_tracks=158; professional_source_signal; marketing_signal_present
5S4fHLYnjgM,https://www.youtube.com/watch?v=5S4fHLYnjgM,Hand Position When Sitting And Standing| Adventure Motorcycle Riding Tip,SoCal Off-Road School,en,offroad_position,298,public,True,609,True,0,True,aa|ab|af|ak|am|ar|as|ay|az|ba|be|bg|bho|bn|bo|br|bs|ca|ceb|co|crs|cs|cy|da|de|dv|dz|ee|el|en|en-orig|eo|es|et|eu|fa|fi|fil|fj|fo|fr|fy|ga|gaa|gd|gl|gn|gu|gv|ha|haw|hi|hmn|hr|ht|hu|hy|id|ig|is|it|iu|iw|ja|jv|ka|kha|kk|kl|km|kn|ko|kri|ku|ky|la|lb|lg|ln|lo|lt|lua|luo|lv|mfe|mg|mi|mk|ml|mn|mr|ms|mt|my|ne|new|nl|no|nso|ny|oc|om|or|os|pa|pam|pl|ps|pt|pt-PT|qu|rn|ro|ru|rw|sa|sd|sg|si|sk|sl|sm|sn|so|sq|sr|ss|st|su|sv|sw|ta|te|tg|th|ti|tk|tn|to|tr|ts|tt|tum|ug|uk|ur|uz|ve|vi|war|wo|xh|yi|yo|zh-Hans|zh-Hant|zu,False,True,8,eligible_for_content_review,caption_tracks=157; professional_source_signal
JN8c-OWRPkY,https://www.youtube.com/watch?v=JN8c-OWRPkY,MOD 1 Test – What the Examiner Wants: Hazard Avoidance,1st Gear Motorcycle Training School,en,swerving,268,public,True,478,True,0,True,aa|ab|af|ak|am|ar|as|ay|az|ba|be|bg|bho|bn|bo|br|bs|ca|ceb|co|crs|cs|cy|da|de|dv|dz|ee|el|en|en-orig|eo|es|et|eu|fa|fi|fil|fj|fo|fr|fy|ga|gaa|gd|gl|gn|gu|gv|ha|haw|hi|hmn|hr|ht|hu|hy|id|ig|is|it|iu|iw|ja|jv|ka|kha|kk|kl|km|kn|ko|kri|ku|ky|la|lb|lg|ln|lo|lt|lua|luo|lv|mfe|mg|mi|mk|ml|mn|mr|ms|mt|my|ne|new|nl|no|nso|ny|oc|om|or|os|pa|pam|pl|ps|pt|pt-PT|qu|rn|ro|ru|rw|sa|sd|sg|si|sk|sl|sm|sn|so|sq|sr|ss|st|su|sv|sw|ta|te|tg|th|ti|tk|tn|to|tr|ts|tt|tum|ug|uk|ur|uz|ve|vi|war|wo|xh|yi|yo|zh-Hans|zh-Hant|zu,False,True,8,eligible_for_content_review,caption_tracks=157; professional_source_signal
qwK6pdXY7rw,https://www.youtube.com/watch?v=qwK6pdXY7rw,Adventure Motorcycles: River Crossing with a Wipe-Out,Boundless Backcountry,en,water_crossing,162,public,True,2358,True,0,True,aa|ab|af|ak|am|ar|as|ay|az|ba|be|bg|bho|bn|bo|br|bs|ca|ceb|co|crs|cs|cy|da|de|dv|dz|ee|el|en|en-orig|eo|es|et|eu|fa|fi|fil|fj|fo|fr|fy|ga|gaa|gd|gl|gn|gu|gv|ha|haw|hi|hmn|hr|ht|hu|hy|id|ig|is|it|iu|iw|ja|jv|ka|kha|kk|kl|km|kn|ko|kri|ku|ky|la|lb|lg|ln|lo|lt|lua|luo|lv|mfe|mg|mi|mk|ml|mn|mr|ms|mt|my|ne|new|nl|no|nso|ny|oc|om|or|os|pa|pam|pl|ps|pt|pt-PT|qu|rn|ro|ru|rw|sa|sd|sg|si|sk|sl|sm|sn|so|sq|sr|ss|st|su|sv|sw|ta|te|tg|th|ti|tk|tn|to|tr|ts|tt|tum|ug|uk|ur|uz|ve|vi|war|wo|xh|yi|yo|zh-Hans|zh-Hant|zu,True,True,6,eligible_for_content_review,caption_tracks=157; professional_source_signal; marketing_signal_present
OFWtuGVuA2I,https://www.youtube.com/watch?v=OFWtuGVuA2I,Perfectly set up your adventure bike | MiniTip Monday,Brake Magazine,en,ergonomics,824,public,True,747,True,13,True,aa|ab|af|ak|am|ar|as|ay|az|ba|be|bg|bho|bn|bo|br|bs|ca|ceb|co|crs|cs|cy|da|de|dv|dz|ee|el|en|en-orig|eo|es|et|eu|fa|fi|fil|fj|fo|fr|fy|ga|gaa|gd|gl|gn|gu|gv|ha|haw|hi|hmn|hr|ht|hu|hy|id|ig|is|it|iu|iw|ja|jv|ka|kha|kk|kl|km|kn|ko|kri|ku|ky|la|lb|lg|ln|lo|lt|lua|luo|lv|mfe|mg|mi|mk|ml|mn|mr|ms|mt|my|ne|new|nl|no|nso|ny|oc|om|or|os|pa|pam|pl|ps|pt|pt-PT|qu|rn|ro|ru|rw|sa|sd|sg|si|sk|sl|sm|sn|so|sq|sr|ss|st|su|sv|sw|ta|te|tg|th|ti|tk|tn|to|tr|ts|tt|tum|ug|uk|ur|uz|ve|vi|war|wo|xh|yi|yo|zh-Hans|zh-Hant|zu,True,False,6,eligible_for_content_review,youtube_chapters=13; caption_tracks=157; marketing_signal_present
0Ho6mmYaMeg,https://www.youtube.com/watch?v=0Ho6mmYaMeg,Adventure Motorcycle Off-Road Myths That Are Getting Riders Hurt,Bret Tkacs ADV,en,tires,952,public,True,2360,True,0,True,aa|ab|af|ak|am|ar|as|ay|az|ba|be|bg|bho|bn|bo|br|bs|ca|ceb|co|crs|cs|cy|da|de|dv|dz|ee|el|en|en-orig|eo|es|et|eu|fa|fi|fil|fj|fo|fr|fy|ga|gaa|gd|gl|gn|gu|gv|ha|haw|hi|hmn|hr|ht|hu|hy|id|ig|is|it|iu|iw|ja|jv|ka|kha|kk|kl|km|kn|ko|kri|ku|ky|la|lb|lg|ln|lo|lt|lua|luo|lv|mfe|mg|mi|mk|ml|mn|mr|ms|mt|my|ne|new|nl|no|nso|ny|oc|om|or|os|pa|pam|pl|ps|pt|pt-PT|qu|rn|ro|ru|rw|sa|sd|sg|si|sk|sl|sm|sn|so|sq|sr|ss|st|su|sv|sw|ta|te|tg|th|ti|tk|tn|to|tr|ts|tt|tum|ug|uk|ur|uz|ve|vi|war|wo|xh|yi|yo|zh-Hans|zh-Hant|zu,True,False,4,eligible_for_content_review,caption_tracks=157; marketing_signal_present
w3dEDoxZ-G4,https://www.youtube.com/watch?v=w3dEDoxZ-G4,How to ride ruts training (Drill: grinding),Bret Tkacs ADV,en,ruts,408,public,True,430,True,6,True,aa|ab|af|ak|am|ar|as|ay|az|ba|be|bg|bho|bn|bo|br|bs|ca|ceb|co|crs|cs|cy|da|de|dv|dz|ee|el|en|en-orig|eo|es|et|eu|fa|fi|fil|fj|fo|fr|fy|ga|gaa|gd|gl|gn|gu|gv|ha|haw|hi|hmn|hr|ht|hu|hy|id|ig|is|it|iu|iw|ja|jv|ka|kha|kk|kl|km|kn|ko|kri|ku|ky|la|lb|lg|ln|lo|lt|lua|luo|lv|mfe|mg|mi|mk|ml|mn|mr|ms|mt|my|ne|new|nl|no|nso|ny|oc|om|or|os|pa|pam|pl|ps|pt|pt-PT|qu|rn|ro|ru|rw|sa|sd|sg|si|sk|sl|sm|sn|so|sq|sr|ss|st|su|sv|sw|ta|te|tg|th|ti|tk|tn|to|tr|ts|tt|tum|ug|uk|ur|uz|ve|vi|war|wo|xh|yi|yo|zh-Hans|zh-Hant|zu,True,False,6,eligible_for_content_review,youtube_chapters=6; caption_tracks=157; marketing_signal_present
HlZvuK_3kPQ,https://www.youtube.com/watch?v=HlZvuK_3kPQ,5 Motorcycle Pre-Ride Checks You Need to Do!,DanDanTheFireman,en,pre_ride,231,public,True,4867,True,6,True,aa|ab|af|ak|am|ar|as|ay|az|ba|be|bg|bho|bn|bo|br|bs|ca|ceb|co|crs|cs|cy|da|de|dv|dz|ee|el|en|en-orig|eo|es|et|eu|fa|fi|fil|fj|fo|fr|fy|ga|gaa|gd|gl|gn|gu|gv|ha|haw|hi|hmn|hr|ht|hu|hy|id|ig|is|it|iu|iw|ja|jv|ka|kha|kk|kl|km|kn|ko|kri|ku|ky|la|lb|lg|ln|lo|lt|lua|luo|lv|mfe|mg|mi|mk|ml|mn|mr|ms|mt|my|ne|new|nl|no|nso|ny|oc|om|or|os|pa|pam|pl|ps|pt|pt-PT|qu|rn|ro|ru|rw|sa|sd|sg|si|sk|sl|sm|sn|so|sq|sr|ss|st|su|sv|sw|ta|te|tg|th|ti|tk|tn|to|tr|ts|tt|tum|ug|uk|ur|uz|ve|vi|war|wo|xh|yi|yo|zh-Hans|zh-Hant|zu,True,True,8,eligible_for_content_review,youtube_chapters=6; caption_tracks=157; professional_source_signal; marketing_signal_present
bQws3UL3lSc,https://www.youtube.com/watch?v=bQws3UL3lSc,5 Motorcycle Road Hazards You Need To Watch Out For,DanDanTheFireman,en,road_position,542,public,True,4959,True,7,True,aa|ab|af|ak|am|ar|as|ay|az|ba|be|bg|bho|bn|bo|br|bs|ca|ceb|co|crs|cs|cy|da|de|dv|dz|ee|el|en|en-orig|eo|es|et|eu|fa|fi|fil|fj|fo|fr|fy|ga|gaa|gd|gl|gn|gu|gv|ha|haw|hi|hmn|hr|ht|hu|hy|id|ig|is|it|iu|iw|ja|jv|ka|kha|kk|kl|km|kn|ko|kri|ku|ky|la|lb|lg|live_chat|ln|lo|lt|lua|luo|lv|mfe|mg|mi|mk|ml|mn|mr|ms|mt|my|ne|new|nl|no|nso|ny|oc|om|or|os|pa|pam|pl|ps|pt|pt-PT|qu|rn|ro|ru|rw|sa|sd|sg|si|sk|sl|sm|sn|so|sq|sr|ss|st|su|sv|sw|ta|te|tg|th|ti|tk|tn|to|tr|ts|tt|tum|ug|uk|ur|uz|ve|vi|war|wo|xh|yi|yo|zh-Hans|zh-Hant|zu,True,True,8,eligible_for_content_review,youtube_chapters=7; caption_tracks=158; professional_source_signal; marketing_signal_present
TFInRYIUqsw,https://www.youtube.com/watch?v=TFInRYIUqsw,My Approach to ADV Riding Gear Has COMPLETELY Changed,Dork in the Road,en,protective_gear,867,public,True,4031,True,0,True,aa|ab|af|ak|am|ar|as|ay|az|ba|be|bg|bho|bn|bo|br|bs|ca|ceb|co|crs|cs|cy|da|de|dv|dz|ee|el|en|en-orig|eo|es|et|eu|fa|fi|fil|fj|fo|fr|fy|ga|gaa|gd|gl|gn|gu|gv|ha|haw|hi|hmn|hr|ht|hu|hy|id|ig|is|it|iu|iw|ja|jv|ka|kha|kk|kl|km|kn|ko|kri|ku|ky|la|lb|lg|ln|lo|lt|lua|luo|lv|mfe|mg|mi|mk|ml|mn|mr|ms|mt|my|ne|new|nl|no|nso|ny|oc|om|or|os|pa|pam|pl|ps|pt|pt-PT|qu|rn|ro|ru|rw|sa|sd|sg|si|sk|sl|sm|sn|so|sq|sr|ss|st|su|sv|sw|ta|te|tg|th|ti|tk|tn|to|tr|ts|tt|tum|ug|uk|ur|uz|ve|vi|war|wo|xh|yi|yo|zh-Hans|zh-Hant|zu,True,False,4,eligible_for_content_review,caption_tracks=157; marketing_signal_present
2HTa9iHvI6U,https://www.youtube.com/watch?v=2HTa9iHvI6U,5 TIPS FOR COMFORT ON A LONG MOTORCYCLE TRIP,FTA Adventures,en,fatigue,280,public,True,2095,True,6,True,aa|ab|af|ak|am|ar|as|ay|az|ba|be|bg|bho|bn|bo|br|bs|ca|ceb|co|crs|cs|cy|da|de|dv|dz|ee|el|en|en-orig|eo|es|et|eu|fa|fi|fil|fj|fo|fr|fy|ga|gaa|gd|gl|gn|gu|gv|ha|haw|hi|hmn|hr|ht|hu|hy|id|ig|is|it|iu|iw|ja|jv|ka|kha|kk|kl|km|kn|ko|kri|ku|ky|la|lb|lg|ln|lo|lt|lua|luo|lv|mfe|mg|mi|mk|ml|mn|mr|ms|mt|my|ne|new|nl|no|nso|ny|oc|om|or|os|pa|pam|pl|ps|pt|pt-PT|qu|rn|ro|ru|rw|sa|sd|sg|si|sk|sl|sm|sn|so|sq|sr|ss|st|su|sv|sw|ta|te|tg|th|ti|tk|tn|to|tr|ts|tt|tum|ug|uk|ur|uz|ve|vi|war|wo|xh|yi|yo|zh-Hans|zh-Hant|zu,True,True,8,eligible_for_content_review,youtube_chapters=6; caption_tracks=157; professional_source_signal; marketing_signal_present
AIVWgEEmrds,https://www.youtube.com/watch?v=AIVWgEEmrds,"Rider ""Passenger"" Safe Motorcycle Riding (Web Series)",First Looks,en,passenger,92,public,True,104,True,0,True,aa|ab|af|ak|am|ar|as|ay|az|ba|be|bg|bho|bn|bo|br|bs|ca|ceb|co|crs|cs|cy|da|de|dv|dz|ee|el|en|en-orig|eo|es|et|eu|fa|fi|fil|fj|fo|fr|fy|ga|gaa|gd|gl|gn|gu|gv|ha|haw|hi|hmn|hr|ht|hu|hy|id|ig|is|it|iu|iw|ja|jv|ka|kha|kk|kl|km|kn|ko|kri|ku|ky|la|lb|lg|ln|lo|lt|lua|luo|lv|mfe|mg|mi|mk|ml|mn|mr|ms|mt|my|ne|new|nl|no|nso|ny|oc|om|or|os|pa|pam|pl|ps|pt|pt-PT|qu|rn|ro|ru|rw|sa|sd|sg|si|sk|sl|sm|sn|so|sq|sr|ss|st|su|sv|sw|ta|te|tg|th|ti|tk|tn|to|tr|ts|tt|tum|ug|uk|ur|uz|ve|vi|war|wo|xh|yi|yo|zh-Hans|zh-Hant|zu,False,False,4,eligible_for_content_review,caption_tracks=157
HiOGAYOXN8U,https://www.youtube.com/watch?v=HiOGAYOXN8U,5 Life-Saving Habits for Motorcycle Riders,FortNine,en,night,633,public,True,858,True,3,True,aa|ab|af|ak|am|ar|as|ay|az|ba|be|bg|bho|bn|bo|br|bs|ca|ceb|co|crs|cs|cy|da|de|dv|dz|ee|el|en|en-orig|eo|es|et|eu|fa|fi|fil|fj|fo|fr|fy|ga|gaa|gd|gl|gn|gu|gv|ha|haw|hi|hmn|hr|ht|hu|hy|id|ig|is|it|iu|iw|ja|jv|ka|kha|kk|kl|km|kn|ko|kri|ku|ky|la|lb|lg|ln|lo|lt|lua|luo|lv|mfe|mg|mi|mk|ml|mn|mr|ms|mt|my|ne|new|nl|no|nso|ny|oc|om|or|os|pa|pam|pl|ps|pt|pt-PT|qu|rn|ro|ru|rw|sa|sd|sg|si|sk|sl|sm|sn|so|sq|sr|ss|st|su|sv|sw|ta|te|tg|th|ti|tk|tn|to|tr|ts|tt|tum|ug|uk|ur|uz|ve|vi|war|wo|xh|yi|yo|zh-Hans|zh-Hant|zu,True,True,8,eligible_for_content_review,youtube_chapters=3; caption_tracks=157; professional_source_signal; marketing_signal_present
kInjwfYnVYU,https://www.youtube.com/watch?v=kInjwfYnVYU,Google Maps vs GPX: What Actually Works for Motorcycle Trips?,Great Motorcycle Roads,en,navigation,670,public,True,2976,True,5,True,aa|ab|af|ak|am|ar|as|ay|az|ba|be|bg|bho|bn|bo|br|bs|ca|ceb|co|crs|cs|cy|da|de|dv|dz|ee|el|en|en-orig|eo|es|et|eu|fa|fi|fil|fj|fo|fr|fy|ga|gaa|gd|gl|gn|gu|gv|ha|haw|hi|hmn|hr|ht|hu|hy|id|ig|is|it|iu|iw|ja|jv|ka|kha|kk|kl|km|kn|ko|kri|ku|ky|la|lb|lg|ln|lo|lt|lua|luo|lv|mfe|mg|mi|mk|ml|mn|mr|ms|mt|my|ne|new|nl|no|nso|ny|oc|om|or|os|pa|pam|pl|ps|pt|pt-PT|qu|rn|ro|ru|rw|sa|sd|sg|si|sk|sl|sm|sn|so|sq|sr|ss|st|su|sv|sw|ta|te|tg|th|ti|tk|tn|to|tr|ts|tt|tum|ug|uk|ur|uz|ve|vi|war|wo|xh|yi|yo|zh-Hans|zh-Hant|zu,True,False,6,eligible_for_content_review,youtube_chapters=5; caption_tracks=157; marketing_signal_present
bYhY-nzJnqY,https://www.youtube.com/watch?v=bYhY-nzJnqY,Proper Hard Enduro Downhill Technique. How to Conquer Steep Downhill Descents.,IRC Tire USA Moto,en,descent,244,public,True,65,True,5,True,aa|ab|af|ak|am|ar|as|ay|az|ba|be|bg|bho|bn|bo|br|bs|ca|ceb|co|crs|cs|cy|da|de|dv|dz|ee|el|en|en-orig|eo|es|et|eu|fa|fi|fil|fj|fo|fr|fy|ga|gaa|gd|gl|gn|gu|gv|ha|haw|hi|hmn|hr|ht|hu|hy|id|ig|is|it|iu|iw|ja|jv|ka|kha|kk|kl|km|kn|ko|kri|ku|ky|la|lb|lg|ln|lo|lt|lua|luo|lv|mfe|mg|mi|mk|ml|mn|mr|ms|mt|my|ne|new|nl|no|nso|ny|oc|om|or|os|pa|pam|pl|ps|pt|pt-PT|qu|rn|ro|ru|rw|sa|sd|sg|si|sk|sl|sm|sn|so|sq|sr|ss|st|su|sv|sw|ta|te|tg|th|ti|tk|tn|to|tr|ts|tt|tum|ug|uk|ur|uz|ve|vi|war|wo|xh|yi|yo|zh-Hans|zh-Hant|zu,False,False,7,eligible_for_content_review,youtube_chapters=5; caption_tracks=157
QIqesvakL-A,https://www.youtube.com/watch?v=QIqesvakL-A,The FULL Motorcycle Body Position Guide (in under 8 minutes),Life at Lean,en,cornering,463,public,True,1446,True,6,True,aa|ab|af|ak|am|ar|as|ay|az|ba|be|bg|bho|bn|bo|br|bs|ca|ceb|co|crs|cs|cy|da|de|dv|dz|ee|el|en|en-orig|eo|es|et|eu|fa|fi|fil|fj|fo|fr|fy|ga|gaa|gd|gl|gn|gu|gv|ha|haw|hi|hmn|hr|ht|hu|hy|id|ig|is|it|iu|iw|ja|jv|ka|kha|kk|kl|km|kn|ko|kri|ku|ky|la|lb|lg|ln|lo|lt|lua|luo|lv|mfe|mg|mi|mk|ml|mn|mr|ms|mt|my|ne|new|nl|no|nso|ny|oc|om|or|os|pa|pam|pl|ps|pt|pt-PT|qu|rn|ro|ru|rw|sa|sd|sg|si|sk|sl|sm|sn|so|sq|sr|ss|st|su|sv|sw|ta|te|tg|th|ti|tk|tn|to|tr|ts|tt|tum|ug|uk|ur|uz|ve|vi|war|wo|xh|yi|yo|zh-Hans|zh-Hant|zu,True,False,6,eligible_for_content_review,youtube_chapters=6; caption_tracks=157; marketing_signal_present
2FBtAyobNTE,https://www.youtube.com/watch?v=2FBtAyobNTE,Secrets of better riding | Overtaking | MCN and Bikertek advice,MCN - Motorcyclenews.com,en,overtaking,663,public,True,662,True,0,True,,True,False,1,rejected,no_chapters_or_captions_for_content_evidence
_kli2A2U4c4,https://www.youtube.com/watch?v=_kli2A2U4c4,Riding DOWN Dirt & Gravel Hills is Easy - Quick Lesson / Harley Davidson Pan America,MOTOTREK,en,gravel,407,public,True,636,True,0,True,aa|ab|af|ak|am|ar|as|ay|az|ba|be|bg|bho|bn|bo|br|bs|ca|ceb|co|crs|cs|cy|da|de|dv|dz|ee|el|en|en-orig|eo|es|et|eu|fa|fi|fil|fj|fo|fr|fy|ga|gaa|gd|gl|gn|gu|gv|ha|haw|hi|hmn|hr|ht|hu|hy|id|ig|is|it|iu|iw|ja|jv|ka|kha|kk|kl|km|kn|ko|kri|ku|ky|la|lb|lg|ln|lo|lt|lua|luo|lv|mfe|mg|mi|mk|ml|mn|mr|ms|mt|my|ne|new|nl|no|nso|ny|oc|om|or|os|pa|pam|pl|ps|pt|pt-PT|qu|rn|ro|ru|rw|sa|sd|sg|si|sk|sl|sm|sn|so|sq|sr|ss|st|su|sv|sw|ta|te|tg|th|ti|tk|tn|to|tr|ts|tt|tum|ug|uk|ur|uz|ve|vi|war|wo|xh|yi|yo|zh-Hans|zh-Hant|zu,True,True,6,eligible_for_content_review,caption_tracks=157; professional_source_signal; marketing_signal_present
Yae3zq5RiFA,https://www.youtube.com/watch?v=Yae3zq5RiFA,Motorcycle braking test performed by safety instructor,Marko Rebernik,en,emergency_braking,73,public,True,201,True,0,True,,False,True,3,rejected,no_chapters_or_captions_for_content_evidence
2SFldfHlODg,https://www.youtube.com/watch?v=2SFldfHlODg,"Tight U-Turns are Easy, once you learn this Secret!",Moto Control,en,u_turn,675,public,True,646,True,0,True,aa|ab|af|ak|am|ar|as|ay|az|ba|be|bg|bho|bn|bo|br|bs|ca|ceb|co|crs|cs|cy|da|de|dv|dz|ee|el|en|en-orig|eo|es|et|eu|fa|fi|fil|fj|fo|fr|fy|ga|gaa|gd|gl|gn|gu|gv|ha|haw|hi|hmn|hr|ht|hu|hy|id|ig|is|it|iu|iw|ja|jv|ka|kha|kk|kl|km|kn|ko|kri|ku|ky|la|lb|lg|ln|lo|lt|lua|luo|lv|mfe|mg|mi|mk|ml|mn|mr|ms|mt|my|ne|new|nl|no|nso|ny|oc|om|or|os|pa|pam|pl|ps|pt|pt-PT|qu|rn|ro|ru|rw|sa|sd|sg|si|sk|sl|sm|sn|so|sq|sr|ss|st|su|sv|sw|ta|te|tg|th|ti|tk|tn|to|tr|ts|tt|tum|ug|uk|ur|uz|ve|vi|war|wo|xh|yi|yo|zh-Hans|zh-Hant|zu,True,True,6,eligible_for_content_review,caption_tracks=157; professional_source_signal; marketing_signal_present
RBRrX-PO0Oc,https://www.youtube.com/watch?v=RBRrX-PO0Oc,STOP Crashing Bikes in Corners! // TRAIL Braking & THRESHOLD Braking in a Corner,Moto Control,en,trail_braking,1025,public,True,646,True,0,True,aa|ab|af|ak|am|ar|as|ay|az|ba|be|bg|bho|bn|bo|br|bs|ca|ceb|co|crs|cs|cy|da|de|dv|dz|ee|el|en|en-orig|eo|es|et|eu|fa|fi|fil|fj|fo|fr|fy|ga|gaa|gd|gl|gn|gu|gv|ha|haw|hi|hmn|hr|ht|hu|hy|id|ig|is|it|iu|iw|ja|jv|ka|kha|kk|kl|km|kn|ko|kri|ku|ky|la|lb|lg|ln|lo|lt|lua|luo|lv|mfe|mg|mi|mk|ml|mn|mr|ms|mt|my|ne|new|nl|no|nso|ny|oc|om|or|os|pa|pam|pl|ps|pt|pt-PT|qu|rn|ro|ru|rw|sa|sd|sg|si|sk|sl|sm|sn|so|sq|sr|ss|st|su|sv|sw|ta|te|tg|th|ti|tk|tn|to|tr|ts|tt|tum|ug|uk|ur|uz|ve|vi|war|wo|xh|yi|yo|zh-Hans|zh-Hant|zu,True,True,6,eligible_for_content_review,caption_tracks=157; professional_source_signal; marketing_signal_present
S36MgsVsHsA,https://www.youtube.com/watch?v=S36MgsVsHsA,Mastering the FRICTION ZONE - Slow speed motorcycle clutch control,Moto Control,en,slow_control,404,public,True,646,True,6,True,aa|ab|af|ak|am|ar|as|ay|az|ba|be|bg|bho|bn|bo|br|bs|ca|ceb|co|crs|cs|cy|da|de|dv|dz|ee|el|en|en-orig|eo|es|et|eu|fa|fi|fil|fj|fo|fr|fy|ga|gaa|gd|gl|gn|gu|gv|ha|haw|hi|hmn|hr|ht|hu|hy|id|ig|is|it|iu|iw|ja|jv|ka|kha|kk|kl|km|kn|ko|kri|ku|ky|la|lb|lg|ln|lo|lt|lua|luo|lv|mfe|mg|mi|mk|ml|mn|mr|ms|mt|my|ne|new|nl|no|nso|ny|oc|om|or|os|pa|pam|pl|ps|pt|pt-PT|qu|rn|ro|ru|rw|sa|sd|sg|si|sk|sl|sm|sn|so|sq|sr|ss|st|su|sv|sw|ta|te|tg|th|ti|tk|tn|to|tr|ts|tt|tum|ug|uk|ur|uz|ve|vi|war|wo|xh|yi|yo|zh-Hans|zh-Hant|zu,True,True,8,eligible_for_content_review,youtube_chapters=6; caption_tracks=157; professional_source_signal; marketing_signal_present
uT-staOOo9w,https://www.youtube.com/watch?v=uT-staOOo9w,How to Safely Lift a Fallen Motorcycle,Paul Tannahill,en,lifting,141,public,True,169,True,0,True,aa|ab|af|ak|am|ar|as|ay|az|ba|be|bg|bho|bn|bo|br|bs|ca|ceb|co|crs|cs|cy|da|de|dv|dz|ee|el|en|en-orig|eo|es|et|eu|fa|fi|fil|fj|fo|fr|fy|ga|gaa|gd|gl|gn|gu|gv|ha|haw|hi|hmn|hr|ht|hu|hy|id|ig|is|it|iu|iw|ja|jv|ka|kha|kk|kl|km|kn|ko|kri|ku|ky|la|lb|lg|ln|lo|lt|lua|luo|lv|mfe|mg|mi|mk|ml|mn|mr|ms|mt|my|ne|new|nl|no|nso|ny|oc|om|or|os|pa|pam|pl|ps|pt|pt-PT|qu|rn|ro|ru|rw|sa|sd|sg|si|sk|sl|sm|sn|so|sq|sr|ss|st|su|sv|sw|ta|te|tg|th|ti|tk|tn|to|tr|ts|tt|tum|ug|uk|ur|uz|ve|vi|war|wo|xh|yi|yo|zh-Hans|zh-Hant|zu,False,True,7,eligible_for_content_review,caption_tracks=157; professional_source_signal
mS5glFH2zJg,https://www.youtube.com/watch?v=mS5glFH2zJg,"Countersteering, Pete Schwartz, Cal Poly Physics",Peter Schwartz,en,countersteering,441,public,True,833,True,3,True,aa|ab|af|ak|am|ar|as|ay|az|ba|be|bg|bho|bn|bo|br|bs|ca|ceb|co|crs|cs|cy|da|de|dv|dz|ee|el|en|en-orig|eo|es|et|eu|fa|fi|fil|fj|fo|fr|fy|ga|gaa|gd|gl|gn|gu|gv|ha|haw|hi|hmn|hr|ht|hu|hy|id|ig|is|it|iu|iw|ja|jv|ka|kha|kk|kl|km|kn|ko|kri|ku|ky|la|lb|lg|ln|lo|lt|lua|luo|lv|mfe|mg|mi|mk|ml|mn|mr|ms|mt|my|ne|new|nl|no|nso|ny|oc|om|or|os|pa|pam|pl|ps|pt|pt-PT|qu|rn|ro|ru|rw|sa|sd|sg|si|sk|sl|sm|sn|so|sq|sr|ss|st|su|sv|sw|ta|te|tg|th|ti|tk|tn|to|tr|ts|tt|tum|ug|uk|ur|uz|ve|vi|war|wo|xh|yi|yo|zh-Hans|zh-Hant|zu,False,False,8,eligible_for_content_review,youtube_chapters=3; caption_tracks=157
J2xAlkOf8MI,https://www.youtube.com/watch?v=J2xAlkOf8MI,How To Tell If Your Motorcycle Chain Is Worn Out | The Shop Manual,RevZilla,en,maintenance,253,public,True,882,True,7,True,aa|ab|af|ak|am|ar|as|ay|az|ba|be|bg|bho|bn|bo|br|bs|ca|ceb|co|crs|cs|cy|da|de|dv|dz|ee|el|en|en-orig|eo|es|et|eu|fa|fi|fil|fj|fo|fr|fy|ga|gaa|gd|gl|gn|gu|gv|ha|haw|hi|hmn|hr|ht|hu|hy|id|ig|is|it|iu|iw|ja|jv|ka|kha|kk|kl|km|kn|ko|kri|ku|ky|la|lb|lg|ln|lo|lt|lua|luo|lv|mfe|mg|mi|mk|ml|mn|mr|ms|mt|my|ne|new|nl|no|nso|ny|oc|om|or|os|pa|pam|pl|ps|pt|pt-PT|qu|rn|ro|ru|rw|sa|sd|sg|si|sk|sl|sm|sn|so|sq|sr|ss|st|su|sv|sw|ta|te|tg|th|ti|tk|tn|to|tr|ts|tt|tum|ug|uk|ur|uz|ve|vi|war|wo|xh|yi|yo|zh-Hans|zh-Hant|zu,True,False,6,eligible_for_content_review,youtube_chapters=7; caption_tracks=157; marketing_signal_present
fm88yhrX9bk,https://www.youtube.com/watch?v=fm88yhrX9bk,How Do I Load Luggage For Optimal Motorcycle Weight Distribution? - Ride or Die Motorcycles,Ride or Die Motorcycles,en,luggage,152,public,True,1972,True,0,True,aa|ab|af|ak|am|ar|as|ay|az|ba|be|bg|bho|bn|bo|br|bs|ca|ceb|co|crs|cs|cy|da|de|dv|dz|ee|el|en|en-orig|eo|es|et|eu|fa|fi|fil|fj|fo|fr|fy|ga|gaa|gd|gl|gn|gu|gv|ha|haw|hi|hmn|hr|ht|hu|hy|id|ig|is|it|iu|iw|ja|jv|ka|kha|kk|kl|km|kn|ko|kri|ku|ky|la|lb|lg|ln|lo|lt|lua|luo|lv|mfe|mg|mi|mk|ml|mn|mr|ms|mt|my|ne|new|nl|no|nso|ny|oc|om|or|os|pa|pam|pl|ps|pt|pt-PT|qu|rn|ro|ru|rw|sa|sd|sg|si|sk|sl|sm|sn|so|sq|sr|ss|st|su|sv|sw|ta|te|tg|th|ti|tk|tn|to|tr|ts|tt|tum|ug|uk|ur|uz|ve|vi|war|wo|xh|yi|yo|zh-Hans|zh-Hant|zu,False,True,8,eligible_for_content_review,caption_tracks=157; professional_source_signal
vfOO-xV02vo,https://www.youtube.com/watch?v=vfOO-xV02vo,CHANGE A MOTORCYCLE TIRE WHILE TRAVELLING,Roia Moto,en,puncture,1157,public,True,982,True,0,True,aa|ab|af|ak|am|ar|as|ay|az|ba|be|bg|bho|bn|bo|br|bs|ca|ceb|co|crs|cs|cy|da|de|dv|dz|ee|el|en|en-orig|eo|es|et|eu|fa|fi|fil|fj|fo|fr|fy|ga|gaa|gd|gl|gn|gu|gv|ha|haw|hi|hmn|hr|ht|hu|hy|id|ig|is|it|iu|iw|ja|jv|ka|kha|kk|kl|km|kn|ko|kri|ku|ky|la|lb|lg|ln|lo|lt|lua|luo|lv|mfe|mg|mi|mk|ml|mn|mr|ms|mt|my|ne|new|nl|no|nso|ny|oc|om|or|os|pa|pam|pl|ps|pt|pt-PT|qu|rn|ro|ru|rw|sa|sd|sg|si|sk|sl|sm|sn|so|sq|sr|ss|st|su|sv|sw|ta|te|tg|th|ti|tk|tn|to|tr|ts|tt|tum|ug|uk|ur|uz|ve|vi|war|wo|xh|yi|yo|zh-Hans|zh-Hant|zu,False,False,6,eligible_for_content_review,caption_tracks=157
bYIzeyCubcw,https://www.youtube.com/watch?v=bYIzeyCubcw,Motorcycle Safety Tips: How to Be Visible | How To Manage Intersections P2,TEAM Arizona Motorcyclist Training Centers,en,urban_hazards,124,public,True,1943,True,5,True,aa|ab|af|ak|am|ar|as|ay|az|ba|be|bg|bho|bn|bo|br|bs|ca|ceb|co|crs|cs|cy|da|de|dv|dz|ee|el|en|en-orig|eo|es|et|eu|fa|fi|fil|fj|fo|fr|fy|ga|gaa|gd|gl|gn|gu|gv|ha|haw|hi|hmn|hr|ht|hu|hy|id|ig|is|it|iu|iw|ja|jv|ka|kha|kk|kl|km|kn|ko|kri|ku|ky|la|lb|lg|ln|lo|lt|lua|luo|lv|mfe|mg|mi|mk|ml|mn|mr|ms|mt|my|ne|new|nl|no|nso|ny|oc|om|or|os|pa|pam|pl|ps|pt|pt-PT|qu|rn|ro|ru|rw|sa|sd|sg|si|sk|sl|sm|sn|so|sq|sr|ss|st|su|sv|sw|ta|te|tg|th|ti|tk|tn|to|tr|ts|tt|tum|ug|uk|ur|uz|ve|vi|war|wo|xh|yi|yo|zh-Hans|zh-Hant|zu,False,True,10,eligible_for_content_review,youtube_chapters=5; caption_tracks=157; professional_source_signal
LvmXbZlf6M8,https://www.youtube.com/watch?v=LvmXbZlf6M8,Motorcycle Riding Tips To Ride Like A Pro!,Taylor Mackenzie,en,advanced_training,1368,public,True,711,True,10,True,aa|ab|af|ak|am|ar|as|ay|az|ba|be|bg|bho|bn|bo|br|bs|ca|ceb|co|crs|cs|cy|da|de|dv|dz|ee|el|en|en-orig|eo|es|et|eu|fa|fi|fil|fj|fo|fr|fy|ga|gaa|gd|gl|gn|gu|gv|ha|haw|hi|hmn|hr|ht|hu|hy|id|ig|is|it|iu|iw|ja|jv|ka|kha|kk|kl|km|kn|ko|kri|ku|ky|la|lb|lg|ln|lo|lt|lua|luo|lv|mfe|mg|mi|mk|ml|mn|mr|ms|mt|my|ne|new|nl|no|nso|ny|oc|om|or|os|pa|pam|pl|ps|pt|pt-PT|qu|rn|ro|ru|rw|sa|sd|sg|si|sk|sl|sm|sn|so|sq|sr|ss|st|su|sv|sw|ta|te|tg|th|ti|tk|tn|to|tr|ts|tt|tum|ug|uk|ur|uz|ve|vi|war|wo|xh|yi|yo|zh-Hans|zh-Hant|zu,True,True,8,eligible_for_content_review,youtube_chapters=10; caption_tracks=157; professional_source_signal; marketing_signal_present
TmFOfBT2UA4,https://www.youtube.com/watch?v=TmFOfBT2UA4,Adventure Motorcycle Line Selection with Pinwheel Agility Course,ADVMotoSkillZ,en,cornering,147,public,True,2556,True,0,True,,False,False,3,rejected,no_chapters_or_captions_for_content_evidence
UbemLevjCHw,https://www.youtube.com/watch?v=UbemLevjCHw,How to survive ruts Husqvarna TE300,Adam Riemann,en,ruts,555,public,True,979,True,5,True,aa|ab|af|ak|am|ar|as|ay|az|ba|be|bg|bho|bn|bo|br|bs|ca|ceb|co|crs|cs|cy|da|de|dv|dz|ee|el|en|en-orig|eo|es|et|eu|fa|fi|fil|fj|fo|fr|fy|ga|gaa|gd|gl|gn|gu|gv|ha|haw|hi|hmn|hr|ht|hu|hy|id|ig|is|it|iu|iw|ja|jv|ka|kha|kk|kl|km|kn|ko|kri|ku|ky|la|lb|lg|ln|lo|lt|lua|luo|lv|mfe|mg|mi|mk|ml|mn|mr|ms|mt|my|ne|new|nl|no|nso|ny|oc|om|or|os|pa|pam|pl|ps|pt|pt-PT|qu|rn|ro|ru|rw|sa|sd|sg|si|sk|sl|sm|sn|so|sq|sr|ss|st|su|sv|sw|ta|te|tg|th|ti|tk|tn|to|tr|ts|tt|tum|ug|uk|ur|uz|ve|vi|war|wo|xh|yi|yo|zh-Hans|zh-Hant|zu,False,False,8,eligible_for_content_review,youtube_chapters=5; caption_tracks=157
Wvrgn5akOm4,https://www.youtube.com/watch?v=Wvrgn5akOm4,ChampTalk: Trail Braking,ChampSchool,,trail_braking,333,public,True,397,True,0,True,aa|ab|af|ak|am|ar|as|ay|az|ba|be|bg|bho|bn|bo|br|bs|ca|ceb|co|crs|cs|cy|da|de|dv|dz|ee|el|en|eo|es|et|eu|fa|fi|fil|fj|fo|fr|fy|ga|gaa|gd|gl|gn|gu|gv|ha|haw|hi|hmn|hr|ht|hu|hy|id|ig|is|it|iu|iw|ja|jv|ka|kha|kk|kl|km|kn|ko|kri|ku|ky|la|lb|lg|ln|lo|lt|lua|luo|lv|mfe|mg|mi|mk|ml|mn|mr|ms|mt|my|ne|new|nl|no|nso|ny|oc|om|or|os|pa|pam|pl|ps|pt|pt-PT|pt-orig|qu|rn|ro|ru|rw|sa|sd|sg|si|sk|sl|sm|sn|so|sq|sr|ss|st|su|sv|sw|ta|te|tg|th|ti|tk|tn|to|tr|ts|tt|tum|ug|uk|ur|uz|ve|vi|war|wo|xh|yi|yo|zh-Hans|zh-Hant|zu,False,True,7,rejected,unsupported_declared_language=pt
FCTnaF_aZP0,https://www.youtube.com/watch?v=FCTnaF_aZP0,How To Turn ANY Motorcycle At A Slow Speed (Tight Turn From A Stop),DanDanTheFireman,en,basics,514,public,True,3325,True,0,True,aa|ab|af|ak|am|ar|as|ay|az|ba|be|bg|bho|bn|bo|br|bs|ca|ceb|co|crs|cs|cy|da|de|dv|dz|ee|el|en|en-orig|eo|es|et|eu|fa|fi|fil|fj|fo|fr|fy|ga|gaa|gd|gl|gn|gu|gv|ha|haw|hi|hmn|hr|ht|hu|hy|id|ig|is|it|iu|iw|ja|jv|ka|kha|kk|kl|km|kn|ko|kri|ku|ky|la|lb|lg|ln|lo|lt|lua|luo|lv|mfe|mg|mi|mk|ml|mn|mr|ms|mt|my|ne|new|nl|no|nso|ny|oc|om|or|os|pa|pam|pl|ps|pt|pt-PT|qu|rn|ro|ru|rw|sa|sd|sg|si|sk|sl|sm|sn|so|sq|sr|ss|st|su|sv|sw|ta|te|tg|th|ti|tk|tn|to|tr|ts|tt|tum|ug|uk|ur|uz|ve|vi|war|wo|xh|yi|yo|zh-Hans|zh-Hant|zu,True,True,6,eligible_for_content_review,caption_tracks=157; professional_source_signal; marketing_signal_present
vQo1kb3kL60,https://www.youtube.com/watch?v=vQo1kb3kL60,How to Ride a Motorcycle on Gravel Roads: Five Gravel Riding Tips for Beginners,Dork in the Road,en,gravel,625,public,True,4898,True,7,True,aa|ab|af|ak|am|ar|as|ay|az|ba|be|bg|bho|bn|bo|br|bs|ca|ceb|co|crs|cs|cy|da|de|dv|dz|ee|el|en|en-orig|eo|es|et|eu|fa|fi|fil|fj|fo|fr|fy|ga|gaa|gd|gl|gn|gu|gv|ha|haw|hi|hmn|hr|ht|hu|hy|id|ig|is|it|iu|iw|ja|jv|ka|kha|kk|kl|km|kn|ko|kri|ku|ky|la|lb|lg|ln|lo|lt|lua|luo|lv|mfe|mg|mi|mk|ml|mn|mr|ms|mt|my|ne|new|nl|no|nso|ny|oc|om|or|os|pa|pam|pl|ps|pt|pt-PT|qu|rn|ro|ru|rw|sa|sd|sg|si|sk|sl|sm|sn|so|sq|sr|ss|st|su|sv|sw|ta|te|tg|th|ti|tk|tn|to|tr|ts|tt|tum|ug|uk|ur|uz|ve|vi|war|wo|xh|yi|yo|zh-Hans|zh-Hant|zu,True,False,6,eligible_for_content_review,youtube_chapters=7; caption_tracks=157; marketing_signal_present
lP5bF5zMaR4,https://www.youtube.com/watch?v=lP5bF5zMaR4,Motorcycle Lessons Joondalup test route how to pass roadcraft Elite motorcycle training,Elite Motorcycle & Driver Training,en,road_position,290,public,True,917,True,0,True,,False,True,5,rejected,no_chapters_or_captions_for_content_evidence
gn17lwwS3aI,https://www.youtube.com/watch?v=gn17lwwS3aI,How to change your rear tire on the road – even a very difficult one!,For The Love Of Wheels,en,puncture,2838,public,True,1130,True,21,True,aa|ab|af|ak|am|ar|as|ay|az|ba|be|bg|bho|bn|bo|br|bs|ca|ceb|co|crs|cs|cy|da|de|dv|dz|ee|el|en|en-orig|eo|es|et|eu|fa|fi|fil|fj|fo|fr|fy|ga|gaa|gd|gl|gn|gu|gv|ha|haw|hi|hmn|hr|ht|hu|hy|id|ig|is|it|iu|iw|ja|jv|ka|kha|kk|kl|km|kn|ko|kri|ku|ky|la|lb|lg|ln|lo|lt|lua|luo|lv|mfe|mg|mi|mk|ml|mn|mr|ms|mt|my|ne|new|nl|no|nso|ny|oc|om|or|os|pa|pam|pl|ps|pt|pt-PT|qu|rn|ro|ru|rw|sa|sd|sg|si|sk|sl|sm|sn|so|sq|sr|ss|st|su|sv|sw|ta|te|tg|th|ti|tk|tn|to|tr|ts|tt|tum|ug|uk|ur|uz|ve|vi|war|wo|xh|yi|yo|zh-Hans|zh-Hant|zu,True,False,5,eligible_for_content_review,youtube_chapters=21; caption_tracks=157; marketing_signal_present
AWd4shge0qc,https://www.youtube.com/watch?v=AWd4shge0qc,Ventilation vs Safety – How to Choose Smarter Summer Motorcycle Gear,FortNine,en,protective_gear,421,public,True,756,True,3,True,aa|ab|af|ak|am|ar|as|ay|az|ba|be|bg|bho|bn|bo|br|bs|ca|ceb|co|crs|cs|cy|da|de|dv|dz|ee|el|en|en-orig|eo|es|et|eu|fa|fi|fil|fj|fo|fr|fy|ga|gaa|gd|gl|gn|gu|gv|ha|haw|hi|hmn|hr|ht|hu|hy|id|ig|is|it|iu|iw|ja|jv|ka|kha|kk|kl|km|kn|ko|kri|ku|ky|la|lb|lg|ln|lo|lt|lua|luo|lv|mfe|mg|mi|mk|ml|mn|mr|ms|mt|my|ne|new|nl|no|nso|ny|oc|om|or|os|pa|pam|pl|ps|pt|pt-PT|qu|rn|ro|ru|rw|sa|sd|sg|si|sk|sl|sm|sn|so|sq|sr|ss|st|su|sv|sw|ta|te|tg|th|ti|tk|tn|to|tr|ts|tt|tum|ug|uk|ur|uz|ve|vi|war|wo|xh|yi|yo|zh-Hans|zh-Hant|zu,True,False,6,eligible_for_content_review,youtube_chapters=3; caption_tracks=157; marketing_signal_present
Kt3mVmoityo,https://www.youtube.com/watch?v=Kt3mVmoityo,🚨 Motorcycle Pack Riding Positions in a Group | Learn Where to Ride and Why 🚨,Gray Beard Biker,en,group_riding,434,public,True,3784,True,3,True,aa|ab|af|ak|am|ar|as|ay|az|ba|be|bg|bho|bn|bo|br|bs|ca|ceb|co|crs|cs|cy|da|de|dv|dz|ee|el|en|en-orig|eo|es|et|eu|fa|fi|fil|fj|fo|fr|fy|ga|gaa|gd|gl|gn|gu|gv|ha|haw|hi|hmn|hr|ht|hu|hy|id|ig|is|it|iu|iw|ja|jv|ka|kha|kk|kl|km|kn|ko|kri|ku|ky|la|lb|lg|ln|lo|lt|lua|luo|lv|mfe|mg|mi|mk|ml|mn|mr|ms|mt|my|ne|new|nl|no|nso|ny|oc|om|or|os|pa|pam|pl|ps|pt|pt-PT|qu|rn|ro|ru|rw|sa|sd|sg|si|sk|sl|sm|sn|so|sq|sr|ss|st|su|sv|sw|ta|te|tg|th|ti|tk|tn|to|tr|ts|tt|tum|ug|uk|ur|uz|ve|vi|war|wo|xh|yi|yo|zh-Hans|zh-Hant|zu,True,False,6,eligible_for_content_review,youtube_chapters=3; caption_tracks=157; marketing_signal_present
mCIxtcnmeYQ,https://www.youtube.com/watch?v=mCIxtcnmeYQ,The Secret to Hillclimbs!,IRC Tire USA Moto,en,hill_climb,759,public,True,108,True,0,True,aa|ab|af|ak|am|ar|as|ay|az|ba|be|bg|bho|bn|bo|br|bs|ca|ceb|co|crs|cs|cy|da|de|dv|dz|ee|el|en|en-orig|eo|es|et|eu|fa|fi|fil|fj|fo|fr|fy|ga|gaa|gd|gl|gn|gu|gv|ha|haw|hi|hmn|hr|ht|hu|hy|id|ig|is|it|iu|iw|ja|jv|ka|kha|kk|kl|km|kn|ko|kri|ku|ky|la|lb|lg|ln|lo|lt|lua|luo|lv|mfe|mg|mi|mk|ml|mn|mr|ms|mt|my|ne|new|nl|no|nso|ny|oc|om|or|os|pa|pam|pl|ps|pt|pt-PT|qu|rn|ro|ru|rw|sa|sd|sg|si|sk|sl|sm|sn|so|sq|sr|ss|st|su|sv|sw|ta|te|tg|th|ti|tk|tn|to|tr|ts|tt|tum|ug|uk|ur|uz|ve|vi|war|wo|xh|yi|yo|zh-Hans|zh-Hant|zu,False,False,5,eligible_for_content_review,caption_tracks=157
lr23aprBKd0,https://www.youtube.com/watch?v=lr23aprBKd0,Motorcycle Countersteering Made Simple: 9 Minute Tutorial,Instructor Cory,en,countersteering,539,public,True,1479,True,0,True,aa|ab|af|ak|am|ar|as|ay|az|ba|be|bg|bho|bn|bo|br|bs|ca|ceb|co|crs|cs|cy|da|de|dv|dz|ee|el|en|en-orig|eo|es|et|eu|fa|fi|fil|fj|fo|fr|fy|ga|gaa|gd|gl|gn|gu|gv|ha|haw|hi|hmn|hr|ht|hu|hy|id|ig|is|it|iu|iw|ja|jv|ka|kha|kk|kl|km|kn|ko|kri|ku|ky|la|lb|lg|ln|lo|lt|lua|luo|lv|mfe|mg|mi|mk|ml|mn|mr|ms|mt|my|ne|new|nl|no|nso|ny|oc|om|or|os|pa|pam|pl|ps|pt|pt-PT|qu|rn|ro|ru|rw|sa|sd|sg|si|sk|sl|sm|sn|so|sq|sr|ss|st|su|sv|sw|ta|te|tg|th|ti|tk|tn|to|tr|ts|tt|tum|ug|uk|ur|uz|ve|vi|war|wo|xh|yi|yo|zh-Hans|zh-Hant|zu,True,True,6,eligible_for_content_review,caption_tracks=157; professional_source_signal; marketing_signal_present
n13PAgtjaz0,https://www.youtube.com/watch?v=n13PAgtjaz0,CBT Element C - U-turn,LET'S RIDE! Motorcycle Training,en,u_turn,173,public,True,92,True,4,True,aa|ab|af|ak|am|ar|as|ay|az|ba|be|bg|bho|bn|bo|br|bs|ca|ceb|co|crs|cs|cy|da|de|dv|dz|ee|el|en|en-orig|eo|es|et|eu|fa|fi|fil|fj|fo|fr|fy|ga|gaa|gd|gl|gn|gu|gv|ha|haw|hi|hmn|hr|ht|hu|hy|id|ig|is|it|iu|iw|ja|jv|ka|kha|kk|kl|km|kn|ko|kri|ku|ky|la|lb|lg|ln|lo|lt|lua|luo|lv|mfe|mg|mi|mk|ml|mn|mr|ms|mt|my|ne|new|nl|no|nso|ny|oc|om|or|os|pa|pam|pl|ps|pt|pt-PT|qu|rn|ro|ru|rw|sa|sd|sg|si|sk|sl|sm|sn|so|sq|sr|ss|st|su|sv|sw|ta|te|tg|th|ti|tk|tn|to|tr|ts|tt|tum|ug|uk|ur|uz|ve|vi|war|wo|xh|yi|yo|zh-Hans|zh-Hant|zu,False,True,9,eligible_for_content_review,youtube_chapters=4; caption_tracks=157; professional_source_signal
WzkINWfxUZs,https://www.youtube.com/watch?v=WzkINWfxUZs,How to clean and lube your motorcycle chain,MCN - Motorcyclenews.com,en,maintenance,112,public,True,1062,True,6,True,,False,False,4,eligible_for_content_review,youtube_chapters=6
ifuG-DSWmoY,https://www.youtube.com/watch?v=ifuG-DSWmoY,BODY POSITION BASICS - How You Stand on the Bike Matters - Learn the Right Way / BMW R1250GSA,MOTOTREK,en,offroad_position,556,public,True,832,True,7,True,aa|ab|af|ak|am|ar|as|ay|az|ba|be|bg|bho|bn|bo|br|bs|ca|ceb|co|crs|cs|cy|da|de|dv|dz|ee|el|en|en-orig|eo|es|et|eu|fa|fi|fil|fj|fo|fr|fy|ga|gaa|gd|gl|gn|gu|gv|ha|haw|hi|hmn|hr|ht|hu|hy|id|ig|is|it|iu|iw|ja|jv|ka|kha|kk|kl|km|kn|ko|kri|ku|ky|la|lb|lg|ln|lo|lt|lua|luo|lv|mfe|mg|mi|mk|ml|mn|mr|ms|mt|my|ne|new|nl|no|nso|ny|oc|om|or|os|pa|pam|pl|ps|pt|pt-PT|qu|rn|ro|ru|rw|sa|sd|sg|si|sk|sl|sm|sn|so|sq|sr|ss|st|su|sv|sw|ta|te|tg|th|ti|tk|tn|to|tr|ts|tt|tum|ug|uk|ur|uz|ve|vi|war|wo|xh|yi|yo|zh-Hans|zh-Hant|zu,True,True,8,eligible_for_content_review,youtube_chapters=7; caption_tracks=157; professional_source_signal; marketing_signal_present
x10WJdhm0wU,https://www.youtube.com/watch?v=x10WJdhm0wU,Riding Gnarly Rocks Obstacles,Megs Braap,en,obstacles,350,public,True,167,True,0,True,aa|ab|af|ak|am|ar|as|ay|az|ba|be|bg|bho|bn|bo|br|bs|ca|ceb|co|crs|cs|cy|da|de|dv|dz|ee|el|en|en-orig|eo|es|et|eu|fa|fi|fil|fj|fo|fr|fy|ga|gaa|gd|gl|gn|gu|gv|ha|haw|hi|hmn|hr|ht|hu|hy|id|ig|is|it|iu|iw|ja|jv|ka|kha|kk|kl|km|kn|ko|kri|ku|ky|la|lb|lg|ln|lo|lt|lua|luo|lv|mfe|mg|mi|mk|ml|mn|mr|ms|mt|my|ne|new|nl|no|nso|ny|oc|om|or|os|pa|pam|pl|ps|pt|pt-PT|qu|rn|ro|ru|rw|sa|sd|sg|si|sk|sl|sm|sn|so|sq|sr|ss|st|su|sv|sw|ta|te|tg|th|ti|tk|tn|to|tr|ts|tt|tum|ug|uk|ur|uz|ve|vi|war|wo|xh|yi|yo|zh-Hans|zh-Hant|zu,False,True,7,eligible_for_content_review,caption_tracks=157; professional_source_signal
ADPuIU6-5PM,https://www.youtube.com/watch?v=ADPuIU6-5PM,Advanced Training - Overtaking,Mick Jones,en,overtaking,34,public,True,632,True,0,True,,False,True,4,rejected,too_short_for_release_depth; no_chapters_or_captions_for_content_evidence
7RA3NSoOfto,https://www.youtube.com/watch?v=7RA3NSoOfto,Your Best Friend: THE BRAKES,MotoJitsu®,en,road_hills,1565,public,True,712,True,6,True,aa|ab|af|ak|am|ar|as|ay|az|ba|be|bg|bho|bn|bo|br|bs|ca|ceb|co|crs|cs|cy|da|de|dv|dz|ee|el|en|en-orig|eo|es|et|eu|fa|fi|fil|fj|fo|fr|fy|ga|gaa|gd|gl|gn|gu|gv|ha|haw|hi|hmn|hr|ht|hu|hy|id|ig|is|it|iu|iw|ja|jv|ka|kha|kk|kl|km|kn|ko|kri|ku|ky|la|lb|lg|ln|lo|lt|lua|luo|lv|mfe|mg|mi|mk|ml|mn|mr|ms|mt|my|ne|new|nl|no|nso|ny|oc|om|or|os|pa|pam|pl|ps|pt|pt-PT|qu|rn|ro|ru|rw|sa|sd|sg|si|sk|sl|sm|sn|so|sq|sr|ss|st|su|sv|sw|ta|te|tg|th|ti|tk|tn|to|tr|ts|tt|tum|ug|uk|ur|uz|ve|vi|war|wo|xh|yi|yo|zh-Hans|zh-Hant|zu,True,True,8,eligible_for_content_review,youtube_chapters=6; caption_tracks=157; professional_source_signal; marketing_signal_present
66WzpmFXuLg,https://www.youtube.com/watch?v=66WzpmFXuLg,Motorcycle Riding Habits That Make Riding Dangerous,Motorcycle Adventures,en,fatigue,558,public,True,2624,True,0,True,aa|ab|af|ak|am|ar|as|ay|az|ba|be|bg|bho|bn|bo|br|bs|ca|ceb|co|crs|cs|cy|da|de|dv|dz|ee|el|en|en-orig|eo|es|et|eu|fa|fi|fil|fj|fo|fr|fy|ga|gaa|gd|gl|gn|gu|gv|ha|haw|hi|hmn|hr|ht|hu|hy|id|ig|is|it|iu|iw|ja|jv|ka|kha|kk|kl|km|kn|ko|kri|ku|ky|la|lb|lg|ln|lo|lt|lua|luo|lv|mfe|mg|mi|mk|ml|mn|mr|ms|mt|my|ne|new|nl|no|nso|ny|oc|om|or|os|pa|pam|pl|ps|pt|pt-PT|qu|rn|ro|ru|rw|sa|sd|sg|si|sk|sl|sm|sn|so|sq|sr|ss|st|su|sv|sw|ta|te|tg|th|ti|tk|tn|to|tr|ts|tt|tum|ug|uk|ur|uz|ve|vi|war|wo|xh|yi|yo|zh-Hans|zh-Hant|zu,True,False,4,eligible_for_content_review,caption_tracks=157; marketing_signal_present
FNLUBBMypmI,https://www.youtube.com/watch?v=FNLUBBMypmI,Motorcycling in the RAIN & DARK [safety tips],Motorcycle Lessons UK,en,rain,672,public,True,686,True,0,True,aa|ab|af|ak|am|ar|as|ay|az|ba|be|bg|bho|bn|bo|br|bs|ca|ceb|co|crs|cs|cy|da|de|dv|dz|ee|el|en|en-orig|eo|es|et|eu|fa|fi|fil|fj|fo|fr|fy|ga|gaa|gd|gl|gn|gu|gv|ha|haw|hi|hmn|hr|ht|hu|hy|id|ig|is|it|iu|iw|ja|jv|ka|kha|kk|kl|km|kn|ko|kri|ku|ky|la|lb|lg|ln|lo|lt|lua|luo|lv|mfe|mg|mi|mk|ml|mn|mr|ms|mt|my|ne|new|nl|no|nso|ny|oc|om|or|os|pa|pam|pl|ps|pt|pt-PT|qu|rn|ro|ru|rw|sa|sd|sg|si|sk|sl|sm|sn|so|sq|sr|ss|st|su|sv|sw|ta|te|tg|th|ti|tk|tn|to|tr|ts|tt|tum|ug|uk|ur|uz|ve|vi|war|wo|xh|yi|yo|zh-Hans|zh-Hant|zu,False,True,8,eligible_for_content_review,caption_tracks=157; professional_source_signal
XOnqgB0AkAI,https://www.youtube.com/watch?v=XOnqgB0AkAI,Master The Motorcycle Skills Test With These Easy Obstacle Swerve Tips,Prorider Central Texas YouTube,en,swerving,158,public,True,1644,True,6,True,aa|ab|af|ak|am|ar|as|ay|az|ba|be|bg|bho|bn|bo|br|bs|ca|ceb|co|crs|cs|cy|da|de|dv|dz|ee|el|en|en-orig|eo|es|et|eu|fa|fi|fil|fj|fo|fr|fy|ga|gaa|gd|gl|gn|gu|gv|ha|haw|hi|hmn|hr|ht|hu|hy|id|ig|is|it|iu|iw|ja|jv|ka|kha|kk|kl|km|kn|ko|kri|ku|ky|la|lb|lg|ln|lo|lt|lua|luo|lv|mfe|mg|mi|mk|ml|mn|mr|ms|mt|my|ne|new|nl|no|nso|ny|oc|om|or|os|pa|pam|pl|ps|pt|pt-PT|qu|rn|ro|ru|rw|sa|sd|sg|si|sk|sl|sm|sn|so|sq|sr|ss|st|su|sv|sw|ta|te|tg|th|ti|tk|tn|to|tr|ts|tt|tum|ug|uk|ur|uz|ve|vi|war|wo|xh|yi|yo|zh-Hans|zh-Hant|zu,True,False,6,eligible_for_content_review,youtube_chapters=6; caption_tracks=157; marketing_signal_present
6j2j8mV0Bjc,https://www.youtube.com/watch?v=6j2j8mV0Bjc,ADV 1 Training Course with RIDE Adventures,RIDE Adventures,en,offroad_basics,394,public,True,912,True,0,True,aa|ab|af|ak|am|ar|as|ay|az|ba|be|bg|bho|bn|bo|br|bs|ca|ceb|co|crs|cs|cy|da|de|dv|dz|ee|el|en|en-orig|eo|es|et|eu|fa|fi|fil|fj|fo|fr|fy|ga|gaa|gd|gl|gn|gu|gv|ha|haw|hi|hmn|hr|ht|hu|hy|id|ig|is|it|iu|iw|ja|jv|ka|kha|kk|kl|km|kn|ko|kri|ku|ky|la|lb|lg|ln|lo|lt|lua|luo|lv|mfe|mg|mi|mk|ml|mn|mr|ms|mt|my|ne|new|nl|no|nso|ny|oc|om|or|os|pa|pam|pl|ps|pt|pt-PT|qu|rn|ro|ru|rw|sa|sd|sg|si|sk|sl|sm|sn|so|sq|sr|ss|st|su|sv|sw|ta|te|tg|th|ti|tk|tn|to|tr|ts|tt|tum|ug|uk|ur|uz|ve|vi|war|wo|xh|yi|yo|zh-Hans|zh-Hant|zu,True,True,6,eligible_for_content_review,caption_tracks=157; professional_source_signal; marketing_signal_present
jkkKIyAJH_k,https://www.youtube.com/watch?v=jkkKIyAJH_k,How to Navigate a Ride in REVER,ReverMoto,en,navigation,110,public,True,519,True,0,True,aa|ab|af|ak|am|ar|as|ay|az|ba|be|bg|bho|bn|bo|br|bs|ca|ceb|co|crs|cs|cy|da|de|dv|dz|ee|el|en|en-orig|eo|es|et|eu|fa|fi|fil|fj|fo|fr|fy|ga|gaa|gd|gl|gn|gu|gv|ha|haw|hi|hmn|hr|ht|hu|hy|id|ig|is|it|iu|iw|ja|jv|ka|kha|kk|kl|km|kn|ko|kri|ku|ky|la|lb|lg|ln|lo|lt|lua|luo|lv|mfe|mg|mi|mk|ml|mn|mr|ms|mt|my|ne|new|nl|no|nso|ny|oc|om|or|os|pa|pam|pl|ps|pt|pt-PT|qu|rn|ro|ru|rw|sa|sd|sg|si|sk|sl|sm|sn|so|sq|sr|ss|st|su|sv|sw|ta|te|tg|th|ti|tk|tn|to|tr|ts|tt|tum|ug|uk|ur|uz|ve|vi|war|wo|xh|yi|yo|zh-Hans|zh-Hant|zu,False,False,5,eligible_for_content_review,caption_tracks=157
ZQ8F2O4zJ7c,https://www.youtube.com/watch?v=ZQ8F2O4zJ7c,how to not get stuck in sand.,Ride Your Adventure,en,recovery,17,public,True,232,True,0,True,,False,False,1,rejected,too_short_for_release_depth; no_chapters_or_captions_for_content_evidence
Tu1OgaJdE9g,https://www.youtube.com/watch?v=Tu1OgaJdE9g,CEMO 801 - Emergency Braking on a Curve - Instructor Explanation and Demonstration,Sri7Yoga,en,emergency_braking,128,public,True,252,True,0,True,,False,True,4,rejected,no_chapters_or_captions_for_content_evidence
vFRDMa7gwIU,https://www.youtube.com/watch?v=vFRDMa7gwIU,Mastering the Pre-Ride Inspection: Ensuring safety before every journey,Suzuki2Wheelers,en,pre_ride,232,public,True,557,True,0,True,aa|ab|af|ak|am|ar|as|ay|az|ba|be|bg|bho|bn|bo|br|bs|ca|ceb|co|crs|cs|cy|da|de|dv|dz|ee|el|en|en-orig|eo|es|et|eu|fa|fi|fil|fj|fo|fr|fy|ga|gaa|gd|gl|gn|gu|gv|ha|haw|hi|hmn|hr|ht|hu|hy|id|ig|is|it|iu|iw|ja|jv|ka|kha|kk|kl|km|kn|ko|kri|ku|ky|la|lb|lg|ln|lo|lt|lua|luo|lv|mfe|mg|mi|mk|ml|mn|mr|ms|mt|my|ne|new|nl|no|nso|ny|oc|om|or|os|pa|pam|pl|ps|pt|pt-PT|qu|rn|ro|ru|rw|sa|sd|sg|si|sk|sl|sm|sn|so|sq|sr|ss|st|su|sv|sw|ta|te|tg|th|ti|tk|tn|to|tr|ts|tt|tum|ug|uk|ur|uz|ve|vi|war|wo|xh|yi|yo|zh-Hans|zh-Hant|zu,False,True,8,eligible_for_content_review,caption_tracks=157; professional_source_signal
6yE85BVYNKY,https://www.youtube.com/watch?v=6yE85BVYNKY,What Every Motorcycle Passenger Needs to Know: Dawn's Diaries,Two Wheel Buckeyes,en,passenger,401,public,True,532,True,12,True,aa|ab|af|ak|am|ar|as|ay|az|ba|be|bg|bho|bn|bo|br|bs|ca|ceb|co|crs|cs|cy|da|de|dv|dz|ee|el|en|en-orig|eo|es|et|eu|fa|fi|fil|fj|fo|fr|fy|ga|gaa|gd|gl|gn|gu|gv|ha|haw|hi|hmn|hr|ht|hu|hy|id|ig|is|it|iu|iw|ja|jv|ka|kha|kk|kl|km|kn|ko|kri|ku|ky|la|lb|lg|ln|lo|lt|lua|luo|lv|mfe|mg|mi|mk|ml|mn|mr|ms|mt|my|ne|new|nl|no|nso|ny|oc|om|or|os|pa|pam|pl|ps|pt|pt-PT|qu|rn|ro|ru|rw|sa|sd|sg|si|sk|sl|sm|sn|so|sq|sr|ss|st|su|sv|sw|ta|te|tg|th|ti|tk|tn|to|tr|ts|tt|tum|ug|uk|ur|uz|ve|vi|war|wo|xh|yi|yo|zh-Hans|zh-Hant|zu,False,True,10,eligible_for_content_review,youtube_chapters=12; caption_tracks=157; professional_source_signal
2m7GLGg0JXw,https://www.youtube.com/watch?v=2m7GLGg0JXw,STOP Setting Your Motorcycle Tire Pressure to 36 PSI – You're Destroying Your Bike!,Two Wheel Tips,en,tires,620,public,True,2216,True,0,True,aa|ab|af|ak|am|ar|as|ay|az|ba|be|bg|bho|bn|bo|br|bs|ca|ceb|co|crs|cs|cy|da|de|dv|dz|ee|el|en|en-orig|eo|es|et|eu|fa|fi|fil|fj|fo|fr|fy|ga|gaa|gd|gl|gn|gu|gv|ha|haw|hi|hmn|hr|ht|hu|hy|id|ig|is|it|iu|iw|ja|jv|ka|kha|kk|kl|km|kn|ko|kri|ku|ky|la|lb|lg|ln|lo|lt|lua|luo|lv|mfe|mg|mi|mk|ml|mn|mr|ms|mt|my|ne|new|nl|no|nso|ny|oc|om|or|os|pa|pam|pl|ps|pt|pt-PT|qu|rn|ro|ru|rw|sa|sd|sg|si|sk|sl|sm|sn|so|sq|sr|ss|st|su|sv|sw|ta|te|tg|th|ti|tk|tn|to|tr|ts|tt|tum|ug|uk|ur|uz|ve|vi|war|wo|xh|yi|yo|zh-Hans|zh-Hant|zu,False,True,8,eligible_for_content_review,caption_tracks=157; professional_source_signal
yrVjS4BhQZI,https://www.youtube.com/watch?v=yrVjS4BhQZI,How A Weight Distribution Hitch Works,Weigh Safe,en,luggage,232,public,True,905,True,0,True,aa|ab|af|ak|am|ar|as|ay|az|ba|be|bg|bho|bn|bo|br|bs|ca|ceb|co|crs|cs|cy|da|de|dv|dz|ee|el|en|en-orig|eo|es|et|eu|fa|fi|fil|fj|fo|fr|fy|ga|gaa|gd|gl|gn|gu|gv|ha|haw|hi|hmn|hr|ht|hu|hy|id|ig|is|it|iu|iw|ja|jv|ka|kha|kk|kl|km|kn|ko|kri|ku|ky|la|lb|lg|ln|lo|lt|lua|luo|lv|mfe|mg|mi|mk|ml|mn|mr|ms|mt|my|ne|new|nl|no|nso|ny|oc|om|or|os|pa|pam|pl|ps|pt|pt-PT|qu|rn|ro|ru|rw|sa|sd|sg|si|sk|sl|sm|sn|so|sq|sr|ss|st|su|sv|sw|ta|te|tg|th|ti|tk|tn|to|tr|ts|tt|tum|ug|uk|ur|uz|ve|vi|war|wo|xh|yi|yo|zh-Hans|zh-Hant|zu,False,True,8,eligible_for_content_review,caption_tracks=157; professional_source_signal
i9DSLkLXjMs,https://www.youtube.com/watch?v=i9DSLkLXjMs,7 ESSENTIAL Tips for Motorcycle Safety,Yammie Noob,en,night,705,public,True,2054,True,11,True,aa|ab|af|ak|am|ar|as|ay|az|ba|be|bg|bho|bn|bo|br|bs|ca|ceb|co|crs|cs|cy|da|de|dv|dz|ee|el|en|en-orig|eo|es|et|eu|fa|fi|fil|fj|fo|fr|fy|ga|gaa|gd|gl|gn|gu|gv|ha|haw|hi|hmn|hr|ht|hu|hy|id|ig|is|it|iu|iw|ja|jv|ka|kha|kk|kl|km|kn|ko|kri|ku|ky|la|lb|lg|ln|lo|lt|lua|luo|lv|mfe|mg|mi|mk|ml|mn|mr|ms|mt|my|ne|new|nl|no|nso|ny|oc|om|or|os|pa|pam|pl|ps|pt|pt-PT|qu|rn|ro|ru|rw|sa|sd|sg|si|sk|sl|sm|sn|so|sq|sr|ss|st|su|sv|sw|ta|te|tg|th|ti|tk|tn|to|tr|ts|tt|tum|ug|uk|ur|uz|ve|vi|war|wo|xh|yi|yo|zh-Hans|zh-Hant|zu,True,False,6,eligible_for_content_review,youtube_chapters=11; caption_tracks=157; marketing_signal_present
-4MAlj_S52Q,https://www.youtube.com/watch?v=-4MAlj_S52Q,How Your Vision Can Keep You On Line In ADV Motorcycle Riding - Motorcycle Agility Course Training,ADVMotoSkillZ,en,cornering,433,public,True,3322,True,0,True,af|ar|de|el|en|es|fil|fr|hi|id|it|ja|ko|pl|pt-BR|pt-PT|ru|th|tr|uk|zh,False,True,8,eligible_for_content_review,caption_tracks=21; professional_source_signal
dWkoJmTyrtI,https://www.youtube.com/watch?v=dWkoJmTyrtI,Tenere 700 Rear Tire/Tube Repair,AdventurePiggy,en,puncture,1294,public,True,737,True,8,True,aa|ab|af|ak|am|ar|as|ay|az|ba|be|bg|bho|bn|bo|br|bs|ca|ceb|co|crs|cs|cy|da|de|dv|dz|ee|el|en|en-orig|eo|es|et|eu|fa|fi|fil|fj|fo|fr|fy|ga|gaa|gd|gl|gn|gu|gv|ha|haw|hi|hmn|hr|ht|hu|hy|id|ig|is|it|iu|iw|ja|jv|ka|kha|kk|kl|km|kn|ko|kri|ku|ky|la|lb|lg|ln|lo|lt|lua|luo|lv|mfe|mg|mi|mk|ml|mn|mr|ms|mt|my|ne|new|nl|no|nso|ny|oc|om|or|os|pa|pam|pl|ps|pt|pt-PT|qu|rn|ro|ru|rw|sa|sd|sg|si|sk|sl|sm|sn|so|sq|sr|ss|st|su|sv|sw|ta|te|tg|th|ti|tk|tn|to|tr|ts|tt|tum|ug|uk|ur|uz|ve|vi|war|wo|xh|yi|yo|zh-Hans|zh-Hant|zu,False,False,8,eligible_for_content_review,youtube_chapters=8; caption_tracks=157
tr1goMG9iXg,https://www.youtube.com/watch?v=tr1goMG9iXg,"How to do u-turns and tight turns with a motorcycle: the no-hand exercise, doing U-turn and 360s :)",AntiPiloteDeLigneDroite - Maniabilité à Moto,en,u_turn,141,public,True,557,True,0,True,,False,True,5,rejected,no_chapters_or_captions_for_content_evidence
46iiFjZUEUA,https://www.youtube.com/watch?v=46iiFjZUEUA,This One Trick Fixes Your Slow-Speed Struggles.,Autozium,en,slow_control,1055,public,True,1643,True,10,True,aa|ab|af|ak|am|ar|as|ay|az|ba|be|bg|bho|bn|bo|br|bs|ca|ceb|co|crs|cs|cy|da|de|dv|dz|ee|el|en|en-orig|eo|es|et|eu|fa|fi|fil|fj|fo|fr|fy|ga|gaa|gd|gl|gn|gu|gv|ha|haw|hi|hmn|hr|ht|hu|hy|id|ig|is|it|iu|iw|ja|jv|ka|kha|kk|kl|km|kn|ko|kri|ku|ky|la|lb|lg|ln|lo|lt|lua|luo|lv|mfe|mg|mi|mk|ml|mn|mr|ms|mt|my|ne|new|nl|no|nso|ny|oc|om|or|os|pa|pam|pl|ps|pt|pt-PT|qu|rn|ro|ru|rw|sa|sd|sg|si|sk|sl|sm|sn|so|sq|sr|ss|st|su|sv|sw|ta|te|tg|th|ti|tk|tn|to|tr|ts|tt|tum|ug|uk|ur|uz|ve|vi|war|wo|xh|yi|yo|zh-Hans|zh-Hant|zu,False,False,8,eligible_for_content_review,youtube_chapters=10; caption_tracks=157
eqcDXVEtW9Q,https://www.youtube.com/watch?v=eqcDXVEtW9Q,Advanced Off-Road Standing Position & Technique - MiniTip Monday,Brake Magazine,en,offroad_position,454,public,True,815,True,6,True,aa|ab|af|ak|am|ar|as|ay|az|ba|be|bg|bho|bn|bo|br|bs|ca|ceb|co|crs|cs|cy|da|de|dv|dz|ee|el|en|en-orig|eo|es|et|eu|fa|fi|fil|fj|fo|fr|fy|ga|gaa|gd|gl|gn|gu|gv|ha|haw|hi|hmn|hr|ht|hu|hy|id|ig|is|it|iu|iw|ja|jv|ka|kha|kk|kl|km|kn|ko|kri|ku|ky|la|lb|lg|ln|lo|lt|lua|luo|lv|mfe|mg|mi|mk|ml|mn|mr|ms|mt|my|ne|new|nl|no|nso|ny|oc|om|or|os|pa|pam|pl|ps|pt|pt-PT|qu|rn|ro|ru|rw|sa|sd|sg|si|sk|sl|sm|sn|so|sq|sr|ss|st|su|sv|sw|ta|te|tg|th|ti|tk|tn|to|tr|ts|tt|tum|ug|uk|ur|uz|ve|vi|war|wo|xh|yi|yo|zh-Hans|zh-Hant|zu,True,False,6,eligible_for_content_review,youtube_chapters=6; caption_tracks=157; marketing_signal_present
VKdxtlSfWTk,https://www.youtube.com/watch?v=VKdxtlSfWTk,Selecting the correct tire pressure; How airing down motorcycle tires affects contact patch,Bret Tkacs ADV,en,tires,1088,public,True,206,True,0,True,aa|ab|af|ak|am|ar|as|ay|az|ba|be|bg|bho|bn|bo|br|bs|ca|ceb|co|crs|cs|cy|da|de|dv|dz|ee|el|en|en-orig|eo|es|et|eu|fa|fi|fil|fj|fo|fr|fy|ga|gaa|gd|gl|gn|gu|gv|ha|haw|hi|hmn|hr|ht|hu|hy|id|ig|is|it|iu|iw|ja|jv|ka|kha|kk|kl|km|kn|ko|kri|ku|ky|la|lb|lg|ln|lo|lt|lua|luo|lv|mfe|mg|mi|mk|ml|mn|mr|ms|mt|my|ne|new|nl|no|nso|ny|oc|om|or|os|pa|pam|pl|ps|pt|pt-PT|qu|rn|ro|ru|rw|sa|sd|sg|si|sk|sl|sm|sn|so|sq|sr|ss|st|su|sv|sw|ta|te|tg|th|ti|tk|tn|to|tr|ts|tt|tum|ug|uk|ur|uz|ve|vi|war|wo|xh|yi|yo|zh-Hans|zh-Hant|zu,True,False,3,eligible_for_content_review,caption_tracks=157; marketing_signal_present
BZibd_sKi0s,https://www.youtube.com/watch?v=BZibd_sKi0s,Trail Braking Control,ChampSchool,en,trail_braking,28,public,True,79,True,0,True,aa|ab|af|ak|am|ar|as|ay|az|ba|be|bg|bho|bn|bo|br|bs|ca|ceb|co|crs|cs|cy|da|de|dv|dz|ee|el|en|en-orig|eo|es|et|eu|fa|fi|fil|fj|fo|fr|fy|ga|gaa|gd|gl|gn|gu|gv|ha|haw|hi|hmn|hr|ht|hu|hy|id|ig|is|it|iu|iw|ja|jv|ka|kha|kk|kl|km|kn|ko|kri|ku|ky|la|lb|lg|ln|lo|lt|lua|luo|lv|mfe|mg|mi|mk|ml|mn|mr|ms|mt|my|ne|new|nl|no|nso|ny|oc|om|or|os|pa|pam|pl|ps|pt|pt-PT|qu|rn|ro|ru|rw|sa|sd|sg|si|sk|sl|sm|sn|so|sq|sr|ss|st|su|sv|sw|ta|te|tg|th|ti|tk|tn|to|tr|ts|tt|tum|ug|uk|ur|uz|ve|vi|war|wo|xh|yi|yo|zh-Hans|zh-Hant|zu,False,True,6,rejected,too_short_for_release_depth
hDX4TBsPKLU,https://www.youtube.com/watch?v=hDX4TBsPKLU,Free motorbike GPS options!︱Cross Training Adventure,Cross Training Adventure,en,navigation,290,public,True,4660,True,5,True,de|en|es|fr|it|ja,False,True,10,eligible_for_content_review,youtube_chapters=5; caption_tracks=6; professional_source_signal
