youtube_video_id,start_seconds,end_seconds,title_original,decision,decision_reason_he
UsOGqaTH3d0,0,63,Intro,remove_generic,כותרת ניווט כללית שאינה מתארת תוכן לימודי.
UsOGqaTH3d0,63,150,When to stand,keep_verified,פרק YouTube אמיתי שמתאר נושא לימודי ספציפי; הזמנים נשמרו ללא שינוי.
UsOGqaTH3d0,150,210,Lowering center of gravity,keep_verified,פרק YouTube אמיתי שמתאר נושא לימודי ספציפי; הזמנים נשמרו ללא שינוי.
UsOGqaTH3d0,210,233,Positioning,keep_verified,פרק YouTube אמיתי שמתאר נושא לימודי ספציפי; הזמנים נשמרו ללא שינוי.
UsOGqaTH3d0,233,289,Weight on handlebars,keep_verified,פרק YouTube אמיתי שמתאר נושא לימודי ספציפי; הזמנים נשמרו ללא שינוי.
UsOGqaTH3d0,289,360,Point of contact,keep_verified,פרק YouTube אמיתי שמתאר נושא לימודי ספציפי; הזמנים נשמרו ללא שינוי.
UsOGqaTH3d0,360,392,Hip position,keep_verified,פרק YouTube אמיתי שמתאר נושא לימודי ספציפי; הזמנים נשמרו ללא שינוי.
UsOGqaTH3d0,392,441,Sitting and standing,keep_verified,פרק YouTube אמיתי שמתאר נושא לימודי ספציפי; הזמנים נשמרו ללא שינוי.
UsOGqaTH3d0,441,478,Risers,keep_verified,פרק YouTube אמיתי שמתאר נושא לימודי ספציפי; הזמנים נשמרו ללא שינוי.
UsOGqaTH3d0,478,626,Sitting posture,keep_verified,פרק YouTube אמיתי שמתאר נושא לימודי ספציפי; הזמנים נשמרו ללא שינוי.
UsOGqaTH3d0,626,773,News,remove_generic,כותרת ניווט כללית שאינה מתארת תוכן לימודי.
q58g03DSHIs,20,123,properly fit your bike adventure bikes,keep_verified,פרק YouTube אמיתי שמתאר נושא לימודי ספציפי; הזמנים נשמרו ללא שינוי.
q58g03DSHIs,123,190,find adjustments for the rear brake,keep_verified,פרק YouTube אמיתי שמתאר נושא לימודי ספציפי; הזמנים נשמרו ללא שינוי.
q58g03DSHIs,190,219,rotate the handlebars,keep_verified,פרק YouTube אמיתי שמתאר נושא לימודי ספציפי; הזמנים נשמרו ללא שינוי.
q58g03DSHIs,219,288,getting the levers at the right angle in an ideal situation,keep_verified,פרק YouTube אמיתי שמתאר נושא לימודי ספציפי; הזמנים נשמרו ללא שינוי.
q58g03DSHIs,288,292,disengage the clutch,keep_verified,פרק YouTube אמיתי שמתאר נושא לימודי ספציפי; הזמנים נשמרו ללא שינוי.
q58g03DSHIs,292,309,pinches up against the two fingers around the handlebars,keep_verified,פרק YouTube אמיתי שמתאר נושא לימודי ספציפי; הזמנים נשמרו ללא שינוי.
q58g03DSHIs,309,334,start to ease that clutch into the engagement area,keep_verified,פרק YouTube אמיתי שמתאר נושא לימודי ספציפי; הזמנים נשמרו ללא שינוי.
q58g03DSHIs,334,343,use full brakes with just two fingers,keep_verified,פרק YouTube אמיתי שמתאר נושא לימודי ספציפי; הזמנים נשמרו ללא שינוי.
q58g03DSHIs,343,374,put roughly ten to fifteen millimeters of free play,keep_verified,פרק YouTube אמיתי שמתאר נושא לימודי ספציפי; הזמנים נשמרו ללא שינוי.
q58g03DSHIs,374,434,turn the handlebars all the way left and all the way,keep_verified,פרק YouTube אמיתי שמתאר נושא לימודי ספציפי; הזמנים נשמרו ללא שינוי.
q58g03DSHIs,434,483,drop the preload on both sides,keep_verified,פרק YouTube אמיתי שמתאר נושא לימודי ספציפי; הזמנים נשמרו ללא שינוי.
GqfRGMw8gvQ,0,23,Intro,remove_generic,כותרת ניווט כללית שאינה מתארת תוכן לימודי.
GqfRGMw8gvQ,23,51,Relax,keep_verified,פרק YouTube אמיתי שמתאר נושא לימודי ספציפי; הזמנים נשמרו ללא שינוי.
GqfRGMw8gvQ,51,100,Cornering,keep_verified,פרק YouTube אמיתי שמתאר נושא לימודי ספציפי; הזמנים נשמרו ללא שינוי.
GqfRGMw8gvQ,100,134,Stay to the Right,keep_verified,פרק YouTube אמיתי שמתאר נושא לימודי ספציפי; הזמנים נשמרו ללא שינוי.
GqfRGMw8gvQ,134,166,Limit yourself,keep_verified,פרק YouTube אמיתי שמתאר נושא לימודי ספציפי; הזמנים נשמרו ללא שינוי.
GqfRGMw8gvQ,166,243,Keep Your Eyes Up,keep_verified,פרק YouTube אמיתי שמתאר נושא לימודי ספציפי; הזמנים נשמרו ללא שינוי.
-XhyYOfp7zg,0,25,Intro,remove_generic,כותרת ניווט כללית שאינה מתארת תוכן לימודי.
-XhyYOfp7zg,25,149,Gravel,keep_verified,פרק YouTube אמיתי שמתאר נושא לימודי ספציפי; הזמנים נשמרו ללא שינוי.
-XhyYOfp7zg,149,232,Speed,keep_verified,פרק YouTube אמיתי שמתאר נושא לימודי ספציפי; הזמנים נשמרו ללא שינוי.
-XhyYOfp7zg,232,351,Braking,keep_verified,פרק YouTube אמיתי שמתאר נושא לימודי ספציפי; הזמנים נשמרו ללא שינוי.
-XhyYOfp7zg,351,375,Attitude,keep_verified,פרק YouTube אמיתי שמתאר נושא לימודי ספציפי; הזמנים נשמרו ללא שינוי.
-XhyYOfp7zg,375,486,Tire Pressure,keep_verified,פרק YouTube אמיתי שמתאר נושא לימודי ספציפי; הזמנים נשמרו ללא שינוי.
-XhyYOfp7zg,486,504,Subscribe,remove_generic,כותרת ניווט כללית שאינה מתארת תוכן לימודי.
-XhyYOfp7zg,504,853,Sitting,keep_verified,פרק YouTube אמיתי שמתאר נושא לימודי ספציפי; הזמנים נשמרו ללא שינוי.
-XhyYOfp7zg,853,883,Equipment,keep_verified,פרק YouTube אמיתי שמתאר נושא לימודי ספציפי; הזמנים נשמרו ללא שינוי.
-XhyYOfp7zg,883,993,Boots,keep_verified,פרק YouTube אמיתי שמתאר נושא לימודי ספציפי; הזמנים נשמרו ללא שינוי.
-XhyYOfp7zg,993,1047,Outro,remove_generic,כותרת ניווט כללית שאינה מתארת תוכן לימודי.
Ykxd14ynecQ,0,30,Intro,remove_generic,כותרת ניווט כללית שאינה מתארת תוכן לימודי.
Ykxd14ynecQ,30,160,Balance Exercises,keep_verified,פרק YouTube אמיתי שמתאר נושא לימודי ספציפי; הזמנים נשמרו ללא שינוי.
Ykxd14ynecQ,160,253,Balance Point,keep_verified,פרק YouTube אמיתי שמתאר נושא לימודי ספציפי; הזמנים נשמרו ללא שינוי.
Ykxd14ynecQ,253,494,Warm Up,keep_verified,פרק YouTube אמיתי שמתאר נושא לימודי ספציפי; הזמנים נשמרו ללא שינוי.
EJNSrWDQYUY,0,28,Borrego Springs Scenic Intro,keep_verified,פרק YouTube אמיתי שמתאר נושא לימודי ספציפי; הזמנים נשמרו ללא שינוי.
EJNSrWDQYUY,28,45,Welcome to MOTOTREK,remove_generic,כותרת ניווט כללית שאינה מתארת תוכן לימודי.
EJNSrWDQYUY,45,105,Front and Rear Brake Exercises,keep_verified,פרק YouTube אמיתי שמתאר נושא לימודי ספציפי; הזמנים נשמרו ללא שינוי.
EJNSrWDQYUY,105,220,Smooth Clutch Control,keep_verified,פרק YouTube אמיתי שמתאר נושא לימודי ספציפי; הזמנים נשמרו ללא שינוי.
EJNSrWDQYUY,220,289,Smooth Clutch and Throttle Control,keep_verified,פרק YouTube אמיתי שמתאר נושא לימודי ספציפי; הזמנים נשמרו ללא שינוי.
EJNSrWDQYUY,289,350,Body Stabilization - Balance Exercise,keep_verified,פרק YouTube אמיתי שמתאר נושא לימודי ספציפי; הזמנים נשמרו ללא שינוי.
EJNSrWDQYUY,350,405,Clutch Friction Zone Circle Exercise,keep_verified,פרק YouTube אמיתי שמתאר נושא לימודי ספציפי; הזמנים נשמרו ללא שינוי.
EJNSrWDQYUY,405,486,Wrap-up,remove_generic,כותרת סיכום כללית שאינה מסייעת לניווט מקצועי.
hN0vylh__lo,0,35,Colorado Scenic Intro,keep_verified,פרק YouTube אמיתי שמתאר נושא לימודי ספציפי; הזמנים נשמרו ללא שינוי.
hN0vylh__lo,35,75,Braking Anxiety,keep_verified,פרק YouTube אמיתי שמתאר נושא לימודי ספציפי; הזמנים נשמרו ללא שינוי.
hN0vylh__lo,75,105,Body Position for Front Braking,keep_verified,פרק YouTube אמיתי שמתאר נושא לימודי ספציפי; הזמנים נשמרו ללא שינוי.
hN0vylh__lo,105,112,Pull the Clutch In,keep_verified,פרק YouTube אמיתי שמתאר נושא לימודי ספציפי; הזמנים נשמרו ללא שינוי.
hN0vylh__lo,112,146,Apply the Front Brake Gently,keep_verified,פרק YouTube אמיתי שמתאר נושא לימודי ספציפי; הזמנים נשמרו ללא שינוי.
hN0vylh__lo,146,193,Practice on Different Traction,keep_verified,פרק YouTube אמיתי שמתאר נושא לימודי ספציפי; הזמנים נשמרו ללא שינוי.
hN0vylh__lo,193,225,Front vs Rear Brakes,keep_verified,פרק YouTube אמיתי שמתאר נושא לימודי ספציפי; הזמנים נשמרו ללא שינוי.
hN0vylh__lo,225,249,ABS Front Braking,keep_verified,פרק YouTube אמיתי שמתאר נושא לימודי ספציפי; הזמנים נשמרו ללא שינוי.
hN0vylh__lo,249,289,Wrap -up Recommendations,keep_verified,פרק YouTube אמיתי שמתאר נושא לימודי ספציפי; הזמנים נשמרו ללא שינוי.
7b5FPbTxfs8,0,80,Street Riders,keep_verified,פרק YouTube אמיתי שמתאר נושא לימודי ספציפי; הזמנים נשמרו ללא שינוי.
7b5FPbTxfs8,80,186,Stand on the Pegs,keep_verified,פרק YouTube אמיתי שמתאר נושא לימודי ספציפי; הזמנים נשמרו ללא שינוי.
7b5FPbTxfs8,186,258,Relax,keep_verified,פרק YouTube אמיתי שמתאר נושא לימודי ספציפי; הזמנים נשמרו ללא שינוי.
7b5FPbTxfs8,258,344,Counterbalance,keep_verified,פרק YouTube אמיתי שמתאר נושא לימודי ספציפי; הזמנים נשמרו ללא שינוי.
7b5FPbTxfs8,344,378,Trail Drumming Outro,keep_verified,פרק YouTube אמיתי שמתאר נושא לימודי ספציפי; הזמנים נשמרו ללא שינוי.
HevLOY3Bzdg,125,174,apply rear brake,keep_verified,פרק YouTube אמיתי שמתאר נושא לימודי ספציפי; הזמנים נשמרו ללא שינוי.
HevLOY3Bzdg,174,223,apply just enough pressure that the brake pads are rubbing,keep_verified,פרק YouTube אמיתי שמתאר נושא לימודי ספציפי; הזמנים נשמרו ללא שינוי.
HevLOY3Bzdg,223,274,resting on the brake lever,keep_verified,פרק YouTube אמיתי שמתאר נושא לימודי ספציפי; הזמנים נשמרו ללא שינוי.
HevLOY3Bzdg,274,347,grab the brakes we tuck the front end,keep_verified,פרק YouTube אמיתי שמתאר נושא לימודי ספציפי; הזמנים נשמרו ללא שינוי.
HevLOY3Bzdg,347,387,keep a nice light grip to the handlebars,keep_verified,פרק YouTube אמיתי שמתאר נושא לימודי ספציפי; הזמנים נשמרו ללא שינוי.
sqWbMOZ4DOA,72,323,walk the hill,keep_verified,פרק YouTube אמיתי שמתאר נושא לימודי ספציפי; הזמנים נשמרו ללא שינוי.
sqWbMOZ4DOA,323,375,putting on a peg of the motorcycle,keep_verified,פרק YouTube אמיתי שמתאר נושא לימודי ספציפי; הזמנים נשמרו ללא שינוי.
sqWbMOZ4DOA,375,460,start with releasing the front brake,keep_verified,פרק YouTube אמיתי שמתאר נושא לימודי ספציפי; הזמנים נשמרו ללא שינוי.
sqWbMOZ4DOA,460,713,entering the rut,keep_verified,פרק YouTube אמיתי שמתאר נושא לימודי ספציפי; הזמנים נשמרו ללא שינוי.
vWdFiGoTOBA,0,50,Intro,remove_generic,כותרת ניווט כללית שאינה מתארת תוכן לימודי.
vWdFiGoTOBA,50,98,Vision,keep_verified,פרק YouTube אמיתי שמתאר נושא לימודי ספציפי; הזמנים נשמרו ללא שינוי.
vWdFiGoTOBA,98,181,Balance,keep_verified,פרק YouTube אמיתי שמתאר נושא לימודי ספציפי; הזמנים נשמרו ללא שינוי.
vWdFiGoTOBA,181,236,Foot Position,keep_verified,פרק YouTube אמיתי שמתאר נושא לימודי ספציפי; הזמנים נשמרו ללא שינוי.
vWdFiGoTOBA,236,260,Zero Grip,keep_verified,פרק YouTube אמיתי שמתאר נושא לימודי ספציפי; הזמנים נשמרו ללא שינוי.
vWdFiGoTOBA,260,293,Follow the Terrain,keep_verified,פרק YouTube אמיתי שמתאר נושא לימודי ספציפי; הזמנים נשמרו ללא שינוי.
vWdFiGoTOBA,293,409,Tires,keep_verified,פרק YouTube אמיתי שמתאר נושא לימודי ספציפי; הזמנים נשמרו ללא שינוי.
rlcGpTJl16U,120,152,stay perpendicular to the planting,keep_verified,פרק YouTube אמיתי שמתאר נושא לימודי ספציפי; הזמנים נשמרו ללא שינוי.
rlcGpTJl16U,152,164,stay up on the foot pegs of the bike,keep_verified,פרק YouTube אמיתי שמתאר נושא לימודי ספציפי; הזמנים נשמרו ללא שינוי.
rlcGpTJl16U,164,255,stay perpendicular to the planet,keep_verified,פרק YouTube אמיתי שמתאר נושא לימודי ספציפי; הזמנים נשמרו ללא שינוי.
TDCajc6HYRE,16,30,First Bike Setup,keep_verified,פרק YouTube אמיתי שמתאר נושא לימודי ספציפי; הזמנים נשמרו ללא שינוי.
TDCajc6HYRE,30,85,Tire Pressure,keep_verified,פרק YouTube אמיתי שמתאר נושא לימודי ספציפי; הזמנים נשמרו ללא שינוי.
TDCajc6HYRE,85,129,Riding Technique for Soft Sand,keep_verified,פרק YouTube אמיתי שמתאר נושא לימודי ספציפי; הזמנים נשמרו ללא שינוי.
TDCajc6HYRE,129,243,Body Position,keep_verified,פרק YouTube אמיתי שמתאר נושא לימודי ספציפי; הזמנים נשמרו ללא שינוי.
TDCajc6HYRE,243,275,Cornering,keep_verified,פרק YouTube אמיתי שמתאר נושא לימודי ספציפי; הזמנים נשמרו ללא שינוי.
TDCajc6HYRE,275,309,Braking,keep_verified,פרק YouTube אמיתי שמתאר נושא לימודי ספציפי; הזמנים נשמרו ללא שינוי.
TDCajc6HYRE,309,365,Look Ahead,keep_verified,פרק YouTube אמיתי שמתאר נושא לימודי ספציפי; הזמנים נשמרו ללא שינוי.
h4hw5mEBxIE,0,35,Intro,remove_generic,כותרת ניווט כללית שאינה מתארת תוכן לימודי.
h4hw5mEBxIE,35,76,How we learn,keep_verified,פרק YouTube אמיתי שמתאר נושא לימודי ספציפי; הזמנים נשמרו ללא שינוי.
h4hw5mEBxIE,76,127,Exercises,keep_verified,פרק YouTube אמיתי שמתאר נושא לימודי ספציפי; הזמנים נשמרו ללא שינוי.
h4hw5mEBxIE,127,229,Step by step,keep_verified,פרק YouTube אמיתי שמתאר נושא לימודי ספציפי; הזמנים נשמרו ללא שינוי.
h4hw5mEBxIE,229,316,Correcting mistakes,keep_verified,פרק YouTube אמיתי שמתאר נושא לימודי ספציפי; הזמנים נשמרו ללא שינוי.
h4hw5mEBxIE,316,412,Practice,keep_verified,פרק YouTube אמיתי שמתאר נושא לימודי ספציפי; הזמנים נשמרו ללא שינוי.
Emksn0vHd6k,0,84,פתיח,remove_generic,כותרת ניווט כללית שאינה מתארת תוכן לימודי.
Emksn0vHd6k,84,205,מה הולכים לעשות היום?,keep_verified,פרק YouTube אמיתי שמתאר נושא לימודי ספציפי; הזמנים נשמרו ללא שינוי.
Emksn0vHd6k,205,297,יוצאים לדרך,keep_verified,פרק YouTube אמיתי שמתאר נושא לימודי ספציפי; הזמנים נשמרו ללא שינוי.
Emksn0vHd6k,297,458,תחנה 1: תרגול מבט ותכנון קדימה,keep_verified,פרק YouTube אמיתי שמתאר נושא לימודי ספציפי; הזמנים נשמרו ללא שינוי.
Emksn0vHd6k,458,544,תחנה 2: יציבה נכונה ושיפוע צד,keep_verified,פרק YouTube אמיתי שמתאר נושא לימודי ספציפי; הזמנים נשמרו ללא שינוי.
Emksn0vHd6k,544,691,הפסקת קפה לצהריים,keep_verified,פרק YouTube אמיתי שמתאר נושא לימודי ספציפי; הזמנים נשמרו ללא שינוי.
Emksn0vHd6k,691,1220,עצירה וזינוק בעליה,keep_verified,פרק YouTube אמיתי שמתאר נושא לימודי ספציפי; הזמנים נשמרו ללא שינוי.
Emksn0vHd6k,1220,1426,סיכום ופידבק של הרוכבים,remove_generic,כותרת ניווט כללית שאינה מתארת תוכן לימודי.
NVW3lk0_SKY,0,20,Intro,remove_generic,כותרת ניווט כללית שאינה מתארת תוכן לימודי.
NVW3lk0_SKY,20,90,Lane Positioning,keep_verified,פרק YouTube אמיתי שמתאר נושא לימודי ספציפי; הזמנים נשמרו ללא שינוי.
NVW3lk0_SKY,90,161,Speed,keep_verified,פרק YouTube אמיתי שמתאר נושא לימודי ספציפי; הזמנים נשמרו ללא שינוי.
NVW3lk0_SKY,161,274,Target fixation,keep_verified,פרק YouTube אמיתי שמתאר נושא לימודי ספציפי; הזמנים נשמרו ללא שינוי.
NVW3lk0_SKY,274,395,Stop in the distance,keep_verified,פרק YouTube אמיתי שמתאר נושא לימודי ספציפי; הזמנים נשמרו ללא שינוי.
18eqTsDfzDU,0,20,Intro,remove_generic,כותרת ניווט כללית שאינה מתארת תוכן לימודי.
18eqTsDfzDU,20,69,Threshold Braking,keep_verified,פרק YouTube אמיתי שמתאר נושא לימודי ספציפי; הזמנים נשמרו ללא שינוי.
18eqTsDfzDU,69,155,ABS,keep_verified,פרק YouTube אמיתי שמתאר נושא לימודי ספציפי; הזמנים נשמרו ללא שינוי.
18eqTsDfzDU,155,260,Average Rider,keep_verified,פרק YouTube אמיתי שמתאר נושא לימודי ספציפי; הזמנים נשמרו ללא שינוי.
18eqTsDfzDU,260,331,Baseline,keep_verified,פרק YouTube אמיתי שמתאר נושא לימודי ספציפי; הזמנים נשמרו ללא שינוי.
18eqTsDfzDU,331,449,Bosch,keep_verified,פרק YouTube אמיתי שמתאר נושא לימודי ספציפי; הזמנים נשמרו ללא שינוי.
18eqTsDfzDU,449,469,Jay,keep_verified,פרק YouTube אמיתי שמתאר נושא לימודי ספציפי; הזמנים נשמרו ללא שינוי.
18eqTsDfzDU,469,980,Introduction,remove_generic,כותרת ניווט כללית שאינה מתארת תוכן לימודי.
18eqTsDfzDU,980,1016,Expert Opinion,keep_verified,פרק YouTube אמיתי שמתאר נושא לימודי ספציפי; הזמנים נשמרו ללא שינוי.
18eqTsDfzDU,1016,1301,Expert Interview,keep_verified,פרק YouTube אמיתי שמתאר נושא לימודי ספציפי; הזמנים נשמרו ללא שינוי.
18eqTsDfzDU,1301,1372,ABS vs Threshold Braking,keep_verified,פרק YouTube אמיתי שמתאר נושא לימודי ספציפי; הזמנים נשמרו ללא שינוי.
18eqTsDfzDU,1372,1456,Is Threshold Braking Necessary,keep_verified,פרק YouTube אמיתי שמתאר נושא לימודי ספציפי; הזמנים נשמרו ללא שינוי.
18eqTsDfzDU,1456,1617,How Many Riders Have Good Braking Skills,keep_verified,פרק YouTube אמיתי שמתאר נושא לימודי ספציפי; הזמנים נשמרו ללא שינוי.
18eqTsDfzDU,1617,1966,A Close Call,keep_verified,פרק YouTube אמיתי שמתאר נושא לימודי ספציפי; הזמנים נשמרו ללא שינוי.
jHhRZLHA-cA,104,143,keeps the tires from locking up and skidding,keep_verified,פרק YouTube אמיתי שמתאר נושא לימודי ספציפי; הזמנים נשמרו ללא שינוי.
jHhRZLHA-cA,143,245,use these braking systems as a backup,keep_verified,פרק YouTube אמיתי שמתאר נושא לימודי ספציפי; הזמנים נשמרו ללא שינוי.
jHhRZLHA-cA,245,277,initiate every stop with the front and the rear,keep_verified,פרק YouTube אמיתי שמתאר נושא לימודי ספציפי; הזמנים נשמרו ללא שינוי.
jHhRZLHA-cA,277,291,initiate braking with both brakes,keep_verified,פרק YouTube אמיתי שמתאר נושא לימודי ספציפי; הזמנים נשמרו ללא שינוי.
jHhRZLHA-cA,291,323,finish the stop using the rear brake,keep_verified,פרק YouTube אמיתי שמתאר נושא לימודי ספציפי; הזמנים נשמרו ללא שינוי.
jHhRZLHA-cA,323,364,finish the stop maintaining the rear brake,keep_verified,פרק YouTube אמיתי שמתאר נושא לימודי ספציפי; הזמנים נשמרו ללא שינוי.
jHhRZLHA-cA,364,385,apply that braking power to the front brake,keep_verified,פרק YouTube אמיתי שמתאר נושא לימודי ספציפי; הזמנים נשמרו ללא שינוי.
jHhRZLHA-cA,385,411,get the motorcycle to a stop,keep_verified,פרק YouTube אמיתי שמתאר נושא לימודי ספציפי; הזמנים נשמרו ללא שינוי.
jHhRZLHA-cA,411,466,continue applying pressure to that front brake,keep_verified,פרק YouTube אמיתי שמתאר נושא לימודי ספציפי; הזמנים נשמרו ללא שינוי.
jHhRZLHA-cA,466,501,use the rear brake for slow speed control,keep_verified,פרק YouTube אמיתי שמתאר נושא לימודי ספציפי; הזמנים נשמרו ללא שינוי.
jHhRZLHA-cA,501,612,apply the front brake with the handlebars turned,keep_verified,פרק YouTube אמיתי שמתאר נושא לימודי ספציפי; הזמנים נשמרו ללא שינוי.
7Ix1B9MjKOQ,0,60,Intro,remove_generic,כותרת ניווט כללית שאינה מתארת תוכן לימודי.
7Ix1B9MjKOQ,60,103,Welcome,remove_generic,כותרת ניווט כללית שאינה מתארת תוכן לימודי.
7Ix1B9MjKOQ,103,160,Overview,keep_verified,פרק YouTube אמיתי שמתאר נושא לימודי ספציפי; הזמנים נשמרו ללא שינוי.
7Ix1B9MjKOQ,160,381,Technique,keep_verified,פרק YouTube אמיתי שמתאר נושא לימודי ספציפי; הזמנים נשמרו ללא שינוי.
7Ix1B9MjKOQ,381,429,Outro,remove_generic,כותרת ניווט כללית שאינה מתארת תוכן לימודי.
824lwgKbv-M,136,222,wheels are turning your feet should be up on the pegs,keep_verified,פרק YouTube אמיתי שמתאר נושא לימודי ספציפי; הזמנים נשמרו ללא שינוי.
824lwgKbv-M,222,278,relax your upper body on the motorcycle,keep_verified,פרק YouTube אמיתי שמתאר נושא לימודי ספציפי; הזמנים נשמרו ללא שינוי.
824lwgKbv-M,278,391,controlling the speed of the motorcycle with the clutch,keep_verified,פרק YouTube אמיתי שמתאר נושא לימודי ספציפי; הזמנים נשמרו ללא שינוי.
824lwgKbv-M,391,403,add a slight pause without putting your feet,keep_verified,פרק YouTube אמיתי שמתאר נושא לימודי ספציפי; הזמנים נשמרו ללא שינוי.
824lwgKbv-M,403,473,get the motorcycle to a complete stop,keep_verified,פרק YouTube אמיתי שמתאר נושא לימודי ספציפי; הזמנים נשמרו ללא שינוי.
doVLIwQbnWs,0,141,Move Your Eyes Faster,keep_verified,פרק YouTube אמיתי שמתאר נושא לימודי ספציפי; הזמנים נשמרו ללא שינוי.
doVLIwQbnWs,141,268,Start On The Outside,keep_verified,פרק YouTube אמיתי שמתאר נושא לימודי ספציפי; הזמנים נשמרו ללא שינוי.
doVLIwQbnWs,268,547,Counter Steer,keep_verified,פרק YouTube אמיתי שמתאר נושא לימודי ספציפי; הזמנים נשמרו ללא שינוי.
doVLIwQbnWs,547,828,Acceleration,keep_verified,פרק YouTube אמיתי שמתאר נושא לימודי ספציפי; הזמנים נשמרו ללא שינוי.
M5ljhx0qTAM,0,75,Why Over-Slowing Happens,keep_verified,פרק YouTube אמיתי שמתאר נושא לימודי ספציפי; הזמנים נשמרו ללא שינוי.
M5ljhx0qTAM,75,228,Fast Eyes = Smooth Lines,keep_verified,פרק YouTube אמיתי שמתאר נושא לימודי ספציפי; הזמנים נשמרו ללא שינוי.
M5ljhx0qTAM,228,385,"Braking: Earlier, Lighter, Longer",keep_verified,פרק YouTube אמיתי שמתאר נושא לימודי ספציפי; הזמנים נשמרו ללא שינוי.
M5ljhx0qTAM,385,431,Why Downshifting Might Be Making Things Worse,keep_verified,פרק YouTube אמיתי שמתאר נושא לימודי ספציפי; הזמנים נשמרו ללא שינוי.
yBjN7N_n_Ww,214,256,Motorcycles Change Direction by Leaning,keep_verified,פרק YouTube אמיתי שמתאר נושא לימודי ספציפי; הזמנים נשמרו ללא שינוי.
yBjN7N_n_Ww,256,338,Counter Steering,keep_verified,פרק YouTube אמיתי שמתאר נושא לימודי ספציפי; הזמנים נשמרו ללא שינוי.
yBjN7N_n_Ww,338,544,Grip Comes from Weight,keep_verified,פרק YouTube אמיתי שמתאר נושא לימודי ספציפי; הזמנים נשמרו ללא שינוי.
yBjN7N_n_Ww,544,809,Trail Braking,keep_verified,פרק YouTube אמיתי שמתאר נושא לימודי ספציפי; הזמנים נשמרו ללא שינוי.
y5vUZouBNgE,120,147,FOLLOW MY BACK WITH YOUR CHEST,keep_verified,פרק YouTube אמיתי שמתאר נושא לימודי ספציפי; הזמנים נשמרו ללא שינוי.
y5vUZouBNgE,147,203,TIGHT HANDS ARE A SIGN OF FEAR FEAR,keep_verified,פרק YouTube אמיתי שמתאר נושא לימודי ספציפי; הזמנים נשמרו ללא שינוי.
y5vUZouBNgE,203,240,HANDS LOOSE KNEES TIGHT LET THE BIKE BLOW AND COUNTERSTEER ACCORDING,keep_verified,פרק YouTube אמיתי שמתאר נושא לימודי ספציפי; הזמנים נשמרו ללא שינוי.
KmCPtVARyS0,0,45,Intro,remove_generic,כותרת ניווט כללית שאינה מתארת תוכן לימודי.
KmCPtVARyS0,45,188,Footpeg Pressure,keep_verified,פרק YouTube אמיתי שמתאר נושא לימודי ספציפי; הזמנים נשמרו ללא שינוי.
KmCPtVARyS0,188,306,Front Wheel Float,keep_verified,פרק YouTube אמיתי שמתאר נושא לימודי ספציפי; הזמנים נשמרו ללא שינוי.
KmCPtVARyS0,306,445,Slipping Clutch,keep_verified,פרק YouTube אמיתי שמתאר נושא לימודי ספציפי; הזמנים נשמרו ללא שינוי.
KmCPtVARyS0,445,547,Rear Wheel Steering,keep_verified,פרק YouTube אמיתי שמתאר נושא לימודי ספציפי; הזמנים נשמרו ללא שינוי.
KmCPtVARyS0,547,616,Looking Where You Go,keep_verified,פרק YouTube אמיתי שמתאר נושא לימודי ספציפי; הזמנים נשמרו ללא שינוי.
KmCPtVARyS0,616,767,Emergency Braking,keep_verified,פרק YouTube אמיתי שמתאר נושא לימודי ספציפי; הזמנים נשמרו ללא שינוי.
yE7N9ft_hMI,0,74,Intro,remove_generic,כותרת ניווט כללית שאינה מתארת תוכן לימודי.
yE7N9ft_hMI,74,97,Stay within your comfort zone,keep_verified,פרק YouTube אמיתי שמתאר נושא לימודי ספציפי; הזמנים נשמרו ללא שינוי.
yE7N9ft_hMI,97,161,Keep it well maintained,keep_verified,פרק YouTube אמיתי שמתאר נושא לימודי ספציפי; הזמנים נשמרו ללא שינוי.
yE7N9ft_hMI,161,371,Protective gear,keep_verified,פרק YouTube אמיתי שמתאר נושא לימודי ספציפי; הזמנים נשמרו ללא שינוי.
2XP_qr9NNcc,84,194,Danger Zones,keep_verified,פרק YouTube אמיתי שמתאר נושא לימודי ספציפי; הזמנים נשמרו ללא שינוי.
2XP_qr9NNcc,194,326,Stretches,keep_verified,פרק YouTube אמיתי שמתאר נושא לימודי ספציפי; הזמנים נשמרו ללא שינוי.
2XP_qr9NNcc,326,444,Highway Hypnosis,keep_verified,פרק YouTube אמיתי שמתאר נושא לימודי ספציפי; הזמנים נשמרו ללא שינוי.
FQp-0v2ddQ0,0,53,Borrego Springs Scenic Demo,keep_verified,פרק YouTube אמיתי שמתאר נושא לימודי ספציפי; הזמנים נשמרו ללא שינוי.
FQp-0v2ddQ0,53,110,Welcome to MOTOTREK,remove_generic,כותרת ניווט כללית שאינה מתארת תוכן לימודי.
FQp-0v2ddQ0,110,210,Left Side Fall Recovery,keep_verified,פרק YouTube אמיתי שמתאר נושא לימודי ספציפי; הזמנים נשמרו ללא שינוי.
FQp-0v2ddQ0,210,285,Right Side Fall Recovery,keep_verified,פרק YouTube אמיתי שמתאר נושא לימודי ספציפי; הזמנים נשמרו ללא שינוי.
FQp-0v2ddQ0,285,362,Hill Stall Recovery,keep_verified,פרק YouTube אמיתי שמתאר נושא לימודי ספציפי; הזמנים נשמרו ללא שינוי.
FQp-0v2ddQ0,362,412,Wrap-up,remove_generic,כותרת סיכום כללית שאינה מסייעת לניווט מקצועי.
_fddOX-CZXI,0,44,Welcome,remove_generic,כותרת ניווט כללית שאינה מתארת תוכן לימודי.
_fddOX-CZXI,44,105,Technique #1,keep_verified,פרק YouTube אמיתי שמתאר נושא לימודי ספציפי; הזמנים נשמרו ללא שינוי.
_fddOX-CZXI,105,162,Technique #2,keep_verified,פרק YouTube אמיתי שמתאר נושא לימודי ספציפי; הזמנים נשמרו ללא שינוי.
_fddOX-CZXI,162,273,Technique #3,keep_verified,פרק YouTube אמיתי שמתאר נושא לימודי ספציפי; הזמנים נשמרו ללא שינוי.
dRvofOL3eaI,10,73,Start Smart: Introduction to Motorcycle Lift Techniques,keep_verified,פרק YouTube אמיתי שמתאר נושא לימודי ספציפי; הזמנים נשמרו ללא שינוי.
dRvofOL3eaI,73,120,Technique #1: Back Squat Lift for Heavy Bikes,keep_verified,פרק YouTube אמיתי שמתאר נושא לימודי ספציפי; הזמנים נשמרו ללא שינוי.
dRvofOL3eaI,120,181,Technique #2: Front Squat Pick-Up for Tricky Terrain,keep_verified,פרק YouTube אמיתי שמתאר נושא לימודי ספציפי; הזמנים נשמרו ללא שינוי.
dRvofOL3eaI,181,211,Technique #3: Bar Lift for Limited Mobility,keep_verified,פרק YouTube אמיתי שמתאר נושא לימודי ספציפי; הזמנים נשמרו ללא שינוי.
dRvofOL3eaI,211,291,Technique #4: Ask a Friend for Quick Help,keep_verified,פרק YouTube אמיתי שמתאר נושא לימודי ספציפי; הזמנים נשמרו ללא שינוי.
Dv8cfbJ09Uw,0,24,A Rocky Hill,keep_verified,פרק YouTube אמיתי שמתאר נושא לימודי ספציפי; הזמנים נשמרו ללא שינוי.
Dv8cfbJ09Uw,24,70,Vision,keep_verified,פרק YouTube אמיתי שמתאר נושא לימודי ספציפי; הזמנים נשמרו ללא שינוי.
Dv8cfbJ09Uw,70,215,Momentum Uphill,keep_verified,פרק YouTube אמיתי שמתאר נושא לימודי ספציפי; הזמנים נשמרו ללא שינוי.
Dv8cfbJ09Uw,215,265,Body Position Uphill,keep_verified,פרק YouTube אמיתי שמתאר נושא לימודי ספציפי; הזמנים נשמרו ללא שינוי.
Dv8cfbJ09Uw,265,360,Steering Uphill,keep_verified,פרק YouTube אמיתי שמתאר נושא לימודי ספציפי; הזמנים נשמרו ללא שינוי.
Dv8cfbJ09Uw,360,450,Downhill Braking,keep_verified,פרק YouTube אמיתי שמתאר נושא לימודי ספציפי; הזמנים נשמרו ללא שינוי.
Dv8cfbJ09Uw,450,510,Engine Off,keep_verified,פרק YouTube אמיתי שמתאר נושא לימודי ספציפי; הזמנים נשמרו ללא שינוי.
Dv8cfbJ09Uw,510,526,Momentum Downhill,keep_verified,פרק YouTube אמיתי שמתאר נושא לימודי ספציפי; הזמנים נשמרו ללא שינוי.
Dv8cfbJ09Uw,526,580,Body Position Downhill,keep_verified,פרק YouTube אמיתי שמתאר נושא לימודי ספציפי; הזמנים נשמרו ללא שינוי.
Dv8cfbJ09Uw,580,613,Practice!,keep_verified,פרק YouTube אמיתי שמתאר נושא לימודי ספציפי; הזמנים נשמרו ללא שינוי.
WkeMWUDkqgc,25,99,Preparing your bike & toolkit,keep_verified,פרק YouTube אמיתי שמתאר נושא לימודי ספציפי; הזמנים נשמרו ללא שינוי.
WkeMWUDkqgc,99,171,Develop your riding technique,keep_verified,פרק YouTube אמיתי שמתאר נושא לימודי ספציפי; הזמנים נשמרו ללא שינוי.
WkeMWUDkqgc,171,369,Water crossing technique,keep_verified,פרק YouTube אמיתי שמתאר נושא לימודי ספציפי; הזמנים נשמרו ללא שינוי.
WkeMWUDkqgc,369,587,Fixing a drowned bike,keep_verified,פרק YouTube אמיתי שמתאר נושא לימודי ספציפי; הזמנים נשמרו ללא שינוי.
OrPiMSJWZ5o,0,79,Overview of tips,keep_verified,פרק YouTube אמיתי שמתאר נושא לימודי ספציפי; הזמנים נשמרו ללא שינוי.
OrPiMSJWZ5o,79,142,Tip 1 Momentum,keep_verified,פרק YouTube אמיתי שמתאר נושא לימודי ספציפי; הזמנים נשמרו ללא שינוי.
OrPiMSJWZ5o,142,220,Tip 2 Reading Sand,keep_verified,פרק YouTube אמיתי שמתאר נושא לימודי ספציפי; הזמנים נשמרו ללא שינוי.
OrPiMSJWZ5o,220,268,Tip 3 Vision,keep_verified,פרק YouTube אמיתי שמתאר נושא לימודי ספציפי; הזמנים נשמרו ללא שינוי.
OrPiMSJWZ5o,268,323,Tip 4 Body Position,keep_verified,פרק YouTube אמיתי שמתאר נושא לימודי ספציפי; הזמנים נשמרו ללא שינוי.
OrPiMSJWZ5o,323,367,Tip 5 2nd Gear,keep_verified,פרק YouTube אמיתי שמתאר נושא לימודי ספציפי; הזמנים נשמרו ללא שינוי.
OrPiMSJWZ5o,367,406,Tip 6 Stopping,keep_verified,פרק YouTube אמיתי שמתאר נושא לימודי ספציפי; הזמנים נשמרו ללא שינוי.
OrPiMSJWZ5o,406,485,Tip 7 Tire Pressure,keep_verified,פרק YouTube אמיתי שמתאר נושא לימודי ספציפי; הזמנים נשמרו ללא שינוי.
OrPiMSJWZ5o,485,506,Tip 8 Walk the Bike,keep_verified,פרק YouTube אמיתי שמתאר נושא לימודי ספציפי; הזמנים נשמרו ללא שינוי.
OrPiMSJWZ5o,506,548,Conclusion & Bloopers,remove_generic,כותרת ניווט כללית שאינה מתארת תוכן לימודי.
CD8zbN_lpHQ,132,261,Approach,keep_verified,פרק YouTube אמיתי שמתאר נושא לימודי ספציפי; הזמנים נשמרו ללא שינוי.
CD8zbN_lpHQ,261,323,Exit,keep_verified,פרק YouTube אמיתי שמתאר נושא לימודי ספציפי; הזמנים נשמרו ללא שינוי.
CD8zbN_lpHQ,323,493,Technique,keep_verified,פרק YouTube אמיתי שמתאר נושא לימודי ספציפי; הזמנים נשמרו ללא שינוי.
CD8zbN_lpHQ,493,555,Review,keep_verified,פרק YouTube אמיתי שמתאר נושא לימודי ספציפי; הזמנים נשמרו ללא שינוי.
py2_NwJCzN0,0,60,Ruts Intro,keep_verified,פרק YouTube אמיתי שמתאר נושא לימודי ספציפי; הזמנים נשמרו ללא שינוי.
py2_NwJCzN0,60,120,Make the Rut Your Road,keep_verified,פרק YouTube אמיתי שמתאר נושא לימודי ספציפי; הזמנים נשמרו ללא שינוי.
py2_NwJCzN0,120,160,Sitting,keep_verified,פרק YouTube אמיתי שמתאר נושא לימודי ספציפי; הזמנים נשמרו ללא שינוי.
py2_NwJCzN0,160,230,Standing,keep_verified,פרק YouTube אמיתי שמתאר נושא לימודי ספציפי; הזמנים נשמרו ללא שינוי.
py2_NwJCzN0,230,285,Vision,keep_verified,פרק YouTube אמיתי שמתאר נושא לימודי ספציפי; הזמנים נשמרו ללא שינוי.
py2_NwJCzN0,285,350,Traction,keep_verified,פרק YouTube אמיתי שמתאר נושא לימודי ספציפי; הזמנים נשמרו ללא שינוי.
py2_NwJCzN0,350,440,Hills,keep_verified,פרק YouTube אמיתי שמתאר נושא לימודי ספציפי; הזמנים נשמרו ללא שינוי.
py2_NwJCzN0,440,576,Crossing,keep_verified,פרק YouTube אמיתי שמתאר נושא לימודי ספציפי; הזמנים נשמרו ללא שינוי.
py2_NwJCzN0,576,624,Summary,remove_generic,כותרת ניווט כללית שאינה מתארת תוכן לימודי.
Z4G8NxyI4I8,0,33,Intro,remove_generic,כותרת ניווט כללית שאינה מתארת תוכן לימודי.
Z4G8NxyI4I8,33,120,Obstacles,keep_verified,פרק YouTube אמיתי שמתאר נושא לימודי ספציפי; הזמנים נשמרו ללא שינוי.
Z4G8NxyI4I8,120,342,Approach,keep_verified,פרק YouTube אמיתי שמתאר נושא לימודי ספציפי; הזמנים נשמרו ללא שינוי.
Z4G8NxyI4I8,342,430,Kicker,keep_verified,פרק YouTube אמיתי שמתאר נושא לימודי ספציפי; הזמנים נשמרו ללא שינוי.
Z4G8NxyI4I8,430,507,Wheelie,keep_verified,פרק YouTube אמיתי שמתאר נושא לימודי ספציפי; הזמנים נשמרו ללא שינוי.
Z4G8NxyI4I8,507,745,Log,keep_verified,פרק YouTube אמיתי שמתאר נושא לימודי ספציפי; הזמנים נשמרו ללא שינוי.
9og820RWDao,36,110,1. Not looking where you’re going...,keep_verified,פרק YouTube אמיתי שמתאר נושא לימודי ספציפי; הזמנים נשמרו ללא שינוי.
9og820RWDao,110,176,2. Waiting too long to stand...,keep_verified,פרק YouTube אמיתי שמתאר נושא לימודי ספציפי; הזמנים נשמרו ללא שינוי.
9og820RWDao,176,237,3. Not taking the time to sit and go slow...,keep_verified,פרק YouTube אמיתי שמתאר נושא לימודי ספציפי; הזמנים נשמרו ללא שינוי.
9og820RWDao,237,295,4. Too much tension and freezing up,keep_verified,פרק YouTube אמיתי שמתאר נושא לימודי ספציפי; הזמנים נשמרו ללא שינוי.
9og820RWDao,295,339,5. Micromanaging the bike,keep_verified,פרק YouTube אמיתי שמתאר נושא לימודי ספציפי; הזמנים נשמרו ללא שינוי.
9og820RWDao,339,415,6. Incorrect bike set-up,keep_verified,פרק YouTube אמיתי שמתאר נושא לימודי ספציפי; הזמנים נשמרו ללא שינוי.
9og820RWDao,415,469,7. Using the brakes too much,keep_verified,פרק YouTube אמיתי שמתאר נושא לימודי ספציפי; הזמנים נשמרו ללא שינוי.
9og820RWDao,469,520,8. Not buffering the clutch to stabilize the bike,keep_verified,פרק YouTube אמיתי שמתאר נושא לימודי ספציפי; הזמנים נשמרו ללא שינוי.
9og820RWDao,520,590,9. Shifting your weight too far back,keep_verified,פרק YouTube אמיתי שמתאר נושא לימודי ספציפי; הזמנים נשמרו ללא שינוי.
9og820RWDao,590,686,10. Accelerating instead of maintaining momentum,keep_verified,פרק YouTube אמיתי שמתאר נושא לימודי ספציפי; הזמנים נשמרו ללא שינוי.
9og820RWDao,686,758,11. Chopping the throttle,keep_verified,פרק YouTube אמיתי שמתאר נושא לימודי ספציפי; הזמנים נשמרו ללא שינוי.
9og820RWDao,758,822,12. Not dabbing to fix body position,keep_verified,פרק YouTube אמיתי שמתאר נושא לימודי ספציפי; הזמנים נשמרו ללא שינוי.
9og820RWDao,822,961,13. Blaming the bike or tires,keep_verified,פרק YouTube אמיתי שמתאר נושא לימודי ספציפי; הזמנים נשמרו ללא שינוי.
9og820RWDao,961,1114,14. Not practicing until you enjoy it,keep_verified,פרק YouTube אמיתי שמתאר נושא לימודי ספציפי; הזמנים נשמרו ללא שינוי.
T-NlEZr1-ws,0,76,Intro,remove_generic,כותרת ניווט כללית שאינה מתארת תוכן לימודי.
T-NlEZr1-ws,76,232,Riding Downhill,keep_verified,פרק YouTube אמיתי שמתאר נושא לימודי ספציפי; הזמנים נשמרו ללא שינוי.
T-NlEZr1-ws,232,385,Braking,keep_verified,פרק YouTube אמיתי שמתאר נושא לימודי ספציפי; הזמנים נשמרו ללא שינוי.
T-NlEZr1-ws,385,587,Rain Rods,keep_verified,פרק YouTube אמיתי שמתאר נושא לימודי ספציפי; הזמנים נשמרו ללא שינוי.
Fo75lHpLBOM,0,69,Intro,remove_generic,כותרת ניווט כללית שאינה מתארת תוכן לימודי.
Fo75lHpLBOM,69,156,Basics,keep_verified,פרק YouTube אמיתי שמתאר נושא לימודי ספציפי; הזמנים נשמרו ללא שינוי.
Fo75lHpLBOM,156,363,Rake Trail,keep_verified,פרק YouTube אמיתי שמתאר נושא לימודי ספציפי; הזמנים נשמרו ללא שינוי.
Fo75lHpLBOM,363,494,Attitude,keep_verified,פרק YouTube אמיתי שמתאר נושא לימודי ספציפי; הזמנים נשמרו ללא שינוי.
AVbt7M2xHQ4,49,77,How To Use Your Brakes,keep_verified,פרק YouTube אמיתי שמתאר נושא לימודי ספציפי; הזמנים נשמרו ללא שינוי.
AVbt7M2xHQ4,77,160,Learning To Brake Well,keep_verified,פרק YouTube אמיתי שמתאר נושא לימודי ספציפי; הזמנים נשמרו ללא שינוי.
AVbt7M2xHQ4,160,171,Body Position,keep_verified,פרק YouTube אמיתי שמתאר נושא לימודי ספציפי; הזמנים נשמרו ללא שינוי.
AVbt7M2xHQ4,171,193,Body Position To Adapt,keep_verified,פרק YouTube אמיתי שמתאר נושא לימודי ספציפי; הזמנים נשמרו ללא שינוי.
AVbt7M2xHQ4,193,346,Understanding the Tools,keep_verified,פרק YouTube אמיתי שמתאר נושא לימודי ספציפי; הזמנים נשמרו ללא שינוי.
SXJZ_kYGLRY,0,30,Intro,remove_generic,כותרת ניווט כללית שאינה מתארת תוכן לימודי.
SXJZ_kYGLRY,30,111,Read the Terrain,keep_verified,פרק YouTube אמיתי שמתאר נושא לימודי ספציפי; הזמנים נשמרו ללא שינוי.
SXJZ_kYGLRY,111,166,Get the Bike Across,keep_verified,פרק YouTube אמיתי שמתאר נושא לימודי ספציפי; הזמנים נשמרו ללא שינוי.
SXJZ_kYGLRY,166,240,Take Your Time,keep_verified,פרק YouTube אמיתי שמתאר נושא לימודי ספציפי; הזמנים נשמרו ללא שינוי.
SXJZ_kYGLRY,240,272,Physical Strength,keep_verified,פרק YouTube אמיתי שמתאר נושא לימודי ספציפי; הזמנים נשמרו ללא שינוי.
SXJZ_kYGLRY,272,347,Not Losing Sight,keep_verified,פרק YouTube אמיתי שמתאר נושא לימודי ספציפי; הזמנים נשמרו ללא שינוי.
SXJZ_kYGLRY,347,384,Outro,remove_generic,כותרת ניווט כללית שאינה מתארת תוכן לימודי.
yRY9-sKUUZ4,0,129,Introduction,remove_generic,כותרת ניווט כללית שאינה מתארת תוכן לימודי.
yRY9-sKUUZ4,129,155,GET TO KNOW YOUR BIKE,keep_verified,פרק YouTube אמיתי שמתאר נושא לימודי ספציפי; הזמנים נשמרו ללא שינוי.
yRY9-sKUUZ4,155,201,CAN THE BIKE HANDLE IT?,keep_verified,פרק YouTube אמיתי שמתאר נושא לימודי ספציפי; הזמנים נשמרו ללא שינוי.
yRY9-sKUUZ4,201,257,GET UP TO GET OVER,keep_verified,פרק YouTube אמיתי שמתאר נושא לימודי ספציפי; הזמנים נשמרו ללא שינוי.
yRY9-sKUUZ4,257,305,IS YOUR TRACTION CONTROL OFF?,keep_verified,פרק YouTube אמיתי שמתאר נושא לימודי ספציפי; הזמנים נשמרו ללא שינוי.
yRY9-sKUUZ4,305,340,PRACTICE YOUR TIMING,keep_verified,פרק YouTube אמיתי שמתאר נושא לימודי ספציפי; הזמנים נשמרו ללא שינוי.
yRY9-sKUUZ4,340,370,HOW SOFT IS THE TERRAIN?,keep_verified,פרק YouTube אמיתי שמתאר נושא לימודי ספציפי; הזמנים נשמרו ללא שינוי.
yRY9-sKUUZ4,370,455,GRIP WITH YOUR LEGS,keep_verified,פרק YouTube אמיתי שמתאר נושא לימודי ספציפי; הזמנים נשמרו ללא שינוי.
yRY9-sKUUZ4,455,480,POWER THROUGH,keep_verified,פרק YouTube אמיתי שמתאר נושא לימודי ספציפי; הזמנים נשמרו ללא שינוי.
yRY9-sKUUZ4,480,499,WHAT'S BEYOND THE OBSTACLE?,keep_verified,פרק YouTube אמיתי שמתאר נושא לימודי ספציפי; הזמנים נשמרו ללא שינוי.
yRY9-sKUUZ4,499,574,PRACTICE SOMEWHERE FAMILIAR,keep_verified,פרק YouTube אמיתי שמתאר נושא לימודי ספציפי; הזמנים נשמרו ללא שינוי.
oOD9NnTevH0,0,18,Welcome to Borrego Springs California,remove_generic,כותרת ניווט כללית שאינה מתארת תוכן לימודי.
oOD9NnTevH0,18,58,Meet Cassie Maier - Pro Moto Instructor,keep_verified,פרק YouTube אמיתי שמתאר נושא לימודי ספציפי; הזמנים נשמרו ללא שינוי.
oOD9NnTevH0,58,165,Standard Motorcycle Mounting Technique,keep_verified,פרק YouTube אמיתי שמתאר נושא לימודי ספציפי; הזמנים נשמרו ללא שינוי.
oOD9NnTevH0,165,220,Cowboy Motorcycle Mounting Technique,keep_verified,פרק YouTube אמיתי שמתאר נושא לימודי ספציפי; הזמנים נשמרו ללא שינוי.
oOD9NnTevH0,220,360,Balanced Motorcycle Mounting Technique,keep_verified,פרק YouTube אמיתי שמתאר נושא לימודי ספציפי; הזמנים נשמרו ללא שינוי.
oOD9NnTevH0,360,460,Rolling Motorcycle Mounting Technique,keep_verified,פרק YouTube אמיתי שמתאר נושא לימודי ספציפי; הזמנים נשמרו ללא שינוי.
oOD9NnTevH0,460,581,Rolling Motorcycle Dismounting Technique,keep_verified,פרק YouTube אמיתי שמתאר נושא לימודי ספציפי; הזמנים נשמרו ללא שינוי.
fPBC3-rB994,135,160,controls throttle and clutch,keep_verified,פרק YouTube אמיתי שמתאר נושא לימודי ספציפי; הזמנים נשמרו ללא שינוי.
fPBC3-rB994,160,204,trailing off the throttle,keep_verified,פרק YouTube אמיתי שמתאר נושא לימודי ספציפי; הזמנים נשמרו ללא שינוי.
fPBC3-rB994,204,271,trailing both front and rear brake,keep_verified,פרק YouTube אמיתי שמתאר נושא לימודי ספציפי; הזמנים נשמרו ללא שינוי.
CI6h7XtyINY,0,94,Intro,remove_generic,כותרת ניווט כללית שאינה מתארת תוכן לימודי.
CI6h7XtyINY,94,150,Preload,remove_with_record,הפרק הוסר יחד עם רשומה שהוחלפה לשיפור כיסוי החיפוש; לא נטען שהוא גנרי.
CI6h7XtyINY,150,211,Compression,remove_with_record,הפרק הוסר יחד עם רשומה שהוחלפה לשיפור כיסוי החיפוש; לא נטען שהוא גנרי.
CI6h7XtyINY,211,324,Rebound,remove_with_record,הפרק הוסר יחד עם רשומה שהוחלפה לשיפור כיסוי החיפוש; לא נטען שהוא גנרי.
iLqs-fA7RRk,0,83,Intro,remove_generic,כותרת ניווט כללית שאינה מתארת תוכן לימודי.
iLqs-fA7RRk,83,335,Approach,keep_verified,פרק YouTube אמיתי שמתאר נושא לימודי ספציפי; הזמנים נשמרו ללא שינוי.
iLqs-fA7RRk,335,443,Failure,keep_verified,פרק YouTube אמיתי שמתאר נושא לימודי ספציפי; הזמנים נשמרו ללא שינוי.
iLqs-fA7RRk,443,715,Stuck,keep_verified,פרק YouTube אמיתי שמתאר נושא לימודי ספציפי; הזמנים נשמרו ללא שינוי.
187PCpqGp74,0,53,Intro,remove_generic,כותרת ניווט כללית שאינה מתארת תוכן לימודי.
187PCpqGp74,53,131,Traction,keep_verified,פרק YouTube אמיתי שמתאר נושא לימודי ספציפי; הזמנים נשמרו ללא שינוי.
187PCpqGp74,131,250,Braking,keep_verified,פרק YouTube אמיתי שמתאר נושא לימודי ספציפי; הזמנים נשמרו ללא שינוי.
187PCpqGp74,250,343,Weight Transfer,keep_verified,פרק YouTube אמיתי שמתאר נושא לימודי ספציפי; הזמנים נשמרו ללא שינוי.
187PCpqGp74,343,368,Example,keep_verified,פרק YouTube אמיתי שמתאר נושא לימודי ספציפי; הזמנים נשמרו ללא שינוי.
187PCpqGp74,368,405,Summary,remove_generic,כותרת ניווט כללית שאינה מתארת תוכן לימודי.
gOsYp0-dBuc,0,45,Intro,remove_generic,כותרת ניווט כללית שאינה מתארת תוכן לימודי.
gOsYp0-dBuc,45,317,Climbing,keep_verified,פרק YouTube אמיתי שמתאר נושא לימודי ספציפי; הזמנים נשמרו ללא שינוי.
gOsYp0-dBuc,317,548,Hill Climb,keep_verified,פרק YouTube אמיתי שמתאר נושא לימודי ספציפי; הזמנים נשמרו ללא שינוי.
gOsYp0-dBuc,548,662,Outro,remove_generic,כותרת ניווט כללית שאינה מתארת תוכן לימודי.
fzzstihkRXI,0,93,Intro,remove_generic,כותרת ניווט כללית שאינה מתארת תוכן לימודי.
fzzstihkRXI,93,373,The technique,keep_verified,פרק YouTube אמיתי שמתאר נושא לימודי ספציפי; הזמנים נשמרו ללא שינוי.
fzzstihkRXI,373,672,On the trail,keep_verified,פרק YouTube אמיתי שמתאר נושא לימודי ספציפי; הזמנים נשמרו ללא שינוי.
ZGS_MoW7yps,251,446,put some material underneath,keep_verified,פרק YouTube אמיתי שמתאר נושא לימודי ספציפי; הזמנים נשמרו ללא שינוי.
ZGS_MoW7yps,446,515,take a trench out into the back wheel,keep_verified,פרק YouTube אמיתי שמתאר נושא לימודי ספציפי; הזמנים נשמרו ללא שינוי.
ZGS_MoW7yps,515,612,keep the bike from moving,keep_verified,פרק YouTube אמיתי שמתאר נושא לימודי ספציפי; הזמנים נשמרו ללא שינוי.
ZGS_MoW7yps,612,634,let off the clutch in the brake,keep_verified,פרק YouTube אמיתי שמתאר נושא לימודי ספציפי; הזמנים נשמרו ללא שינוי.
ZGS_MoW7yps,634,768,pivot on the side stand,keep_verified,פרק YouTube אמיתי שמתאר נושא לימודי ספציפי; הזמנים נשמרו ללא שינוי.
qrPj0Tr1r74,98,160,BODY POSITIONING,keep_verified,פרק YouTube אמיתי שמתאר נושא לימודי ספציפי; הזמנים נשמרו ללא שינוי.
qrPj0Tr1r74,160,197,Smooth throttle & clutch,keep_verified,פרק YouTube אמיתי שמתאר נושא לימודי ספציפי; הזמנים נשמרו ללא שינוי.
qrPj0Tr1r74,197,320,Find the best speed,keep_verified,פרק YouTube אמיתי שמתאר נושא לימודי ספציפי; הזמנים נשמרו ללא שינוי.
qrPj0Tr1r74,320,350,"Stuck? Pivots for front wheel, rocking for the rear wheel",keep_verified,פרק YouTube אמיתי שמתאר נושא לימודי ספציפי; הזמנים נשמרו ללא שינוי.
qrPj0Tr1r74,350,366,CHALLENGE YOURSELF,keep_verified,פרק YouTube אמיתי שמתאר נושא לימודי ספציפי; הזמנים נשמרו ללא שינוי.
qrPj0Tr1r74,366,412,Look for wet slippery rocks,keep_verified,פרק YouTube אמיתי שמתאר נושא לימודי ספציפי; הזמנים נשמרו ללא שינוי.
60isWQSlMg0,0,36,Introduction,remove_generic,כותרת ניווט כללית שאינה מתארת תוכן לימודי.
60isWQSlMg0,36,227,Lesson,keep_verified,פרק YouTube אמיתי שמתאר נושא לימודי ספציפי; הזמנים נשמרו ללא שינוי.
60isWQSlMg0,227,578,Tips,keep_verified,פרק YouTube אמיתי שמתאר נושא לימודי ספציפי; הזמנים נשמרו ללא שינוי.
_ZH6lgTmpCs,0,45,Positioning behind large vehicles,keep_verified,פרק YouTube אמיתי שמתאר נושא לימודי ספציפי; הזמנים נשמרו ללא שינוי.
_ZH6lgTmpCs,45,63,Positioning behind normal sized vehicles (cars),keep_verified,פרק YouTube אמיתי שמתאר נושא לימודי ספציפי; הזמנים נשמרו ללא שינוי.
_ZH6lgTmpCs,63,111,Positioning in multi-lane traffic,keep_verified,פרק YouTube אמיתי שמתאר נושא לימודי ספציפי; הזמנים נשמרו ללא שינוי.
_ZH6lgTmpCs,111,160,Speed control. We later identified quite a significant difference in speedo readings),keep_verified,פרק YouTube אמיתי שמתאר נושא לימודי ספציפי; הזמנים נשמרו ללא שינוי.
_ZH6lgTmpCs,160,227,Roundabouts & dual carriageways,keep_verified,פרק YouTube אמיתי שמתאר נושא לימודי ספציפי; הזמנים נשמרו ללא שינוי.
_ZH6lgTmpCs,227,246,Position for oncoming traffic,keep_verified,פרק YouTube אמיתי שמתאר נושא לימודי ספציפי; הזמנים נשמרו ללא שינוי.
_ZH6lgTmpCs,246,265,Position for turning left,keep_verified,פרק YouTube אמיתי שמתאר נושא לימודי ספציפי; הזמנים נשמרו ללא שינוי.
_ZH6lgTmpCs,265,273,Timing of acceleration for changes of speed limit,keep_verified,פרק YouTube אמיתי שמתאר נושא לימודי ספציפי; הזמנים נשמרו ללא שינוי.
_ZH6lgTmpCs,273,339,Positioning for bends,keep_verified,פרק YouTube אמיתי שמתאר נושא לימודי ספציפי; הזמנים נשמרו ללא שינוי.
_ZH6lgTmpCs,339,368,Position 2 or 3 as the 'normal riding position' at advanced level?,keep_verified,פרק YouTube אמיתי שמתאר נושא לימודי ספציפי; הזמנים נשמרו ללא שינוי.
_ZH6lgTmpCs,368,424,Observations for moving position,keep_verified,פרק YouTube אמיתי שמתאר נושא לימודי ספציפי; הזמנים נשמרו ללא שינוי.
_ZH6lgTmpCs,424,433,"Watching wheels, covering horn, move position for nearside hazard",keep_verified,פרק YouTube אמיתי שמתאר נושא לימודי ספציפי; הזמנים נשמרו ללא שינוי.
_ZH6lgTmpCs,433,464,Positioning for bends,keep_verified,פרק YouTube אמיתי שמתאר נושא לימודי ספציפי; הזמנים נשמרו ללא שינוי.
_ZH6lgTmpCs,464,478,Using hedge lines to plan ahead,keep_verified,פרק YouTube אמיתי שמתאר נושא לימודי ספציפי; הזמנים נשמרו ללא שינוי.
_ZH6lgTmpCs,478,523,Using limit points to plan for bends,keep_verified,פרק YouTube אמיתי שמתאר נושא לימודי ספציפי; הזמנים נשמרו ללא שינוי.
_ZH6lgTmpCs,523,533,Consider unseen hazards,keep_verified,פרק YouTube אמיתי שמתאר נושא לימודי ספציפי; הזמנים נשמרו ללא שינוי.
_ZH6lgTmpCs,533,569,Right turn position,keep_verified,פרק YouTube אמיתי שמתאר נושא לימודי ספציפי; הזמנים נשמרו ללא שינוי.
_ZH6lgTmpCs,569,628,Positioning for bends,keep_verified,פרק YouTube אמיתי שמתאר נושא לימודי ספציפי; הזמנים נשמרו ללא שינוי.
_ZH6lgTmpCs,628,648,Holding position when hazards present on the left and no oncoming danger,keep_verified,פרק YouTube אמיתי שמתאר נושא לימודי ספציפי; הזמנים נשמרו ללא שינוי.
_ZH6lgTmpCs,648,664,Passing long lines of parked vehicles,keep_verified,פרק YouTube אמיתי שמתאר נושא לימודי ספציפי; הזמנים נשמרו ללא שינוי.
_ZH6lgTmpCs,664,735,Turning left,keep_verified,פרק YouTube אמיתי שמתאר נושא לימודי ספציפי; הזמנים נשמרו ללא שינוי.
_ZH6lgTmpCs,735,763,Mirror checks,keep_verified,פרק YouTube אמיתי שמתאר נושא לימודי ספציפי; הזמנים נשמרו ללא שינוי.
_ZH6lgTmpCs,763,806,Tight bends,keep_verified,פרק YouTube אמיתי שמתאר נושא לימודי ספציפי; הזמנים נשמרו ללא שינוי.
_ZH6lgTmpCs,806,831,Gear changing,keep_verified,פרק YouTube אמיתי שמתאר נושא לימודי ספציפי; הזמנים נשמרו ללא שינוי.
_ZH6lgTmpCs,831,898,Tight bends then sweeping bends,keep_verified,פרק YouTube אמיתי שמתאר נושא לימודי ספציפי; הזמנים נשמרו ללא שינוי.
_ZH6lgTmpCs,898,910,Reading road signs and speed limits,keep_verified,פרק YouTube אמיתי שמתאר נושא לימודי ספציפי; הזמנים נשמרו ללא שינוי.
_ZH6lgTmpCs,910,1072,Bend positioning,keep_verified,פרק YouTube אמיתי שמתאר נושא לימודי ספציפי; הזמנים נשמרו ללא שינוי.
_ZH6lgTmpCs,1072,1120,Limit points and reading the bend,keep_verified,פרק YouTube אמיתי שמתאר נושא לימודי ספציפי; הזמנים נשמרו ללא שינוי.
_ZH6lgTmpCs,1120,1128,Positioning for passing parked vehicles,keep_verified,פרק YouTube אמיתי שמתאר נושא לימודי ספציפי; הזמנים נשמרו ללא שינוי.
_ZH6lgTmpCs,1128,1155,Hazardous loading on vehicles,keep_verified,פרק YouTube אמיתי שמתאר נושא לימודי ספציפי; הזמנים נשמרו ללא שינוי.
_ZH6lgTmpCs,1155,1167,Passing junctions on the offside whilst passing parked vehicles,keep_verified,פרק YouTube אמיתי שמתאר נושא לימודי ספציפי; הזמנים נשמרו ללא שינוי.
_ZH6lgTmpCs,1167,1181,Equalise the danger between nearside and offside,keep_verified,פרק YouTube אמיתי שמתאר נושא לימודי ספציפי; הזמנים נשמרו ללא שינוי.
_ZH6lgTmpCs,1181,1200,Positioning for large oncoming vehicles,keep_verified,פרק YouTube אמיתי שמתאר נושא לימודי ספציפי; הזמנים נשמרו ללא שינוי.
_ZH6lgTmpCs,1200,1228,Bend positioning and early forward planning,keep_verified,פרק YouTube אמיתי שמתאר נושא לימודי ספציפי; הזמנים נשמרו ללא שינוי.
_ZH6lgTmpCs,1228,1280,"Safety, stability, view",keep_verified,פרק YouTube אמיתי שמתאר נושא לימודי ספציפי; הזמנים נשמרו ללא שינוי.
_ZH6lgTmpCs,1280,1313,Awareness of vehicles behind through good mirrors,keep_verified,פרק YouTube אמיתי שמתאר נושא לימודי ספציפי; הזמנים נשמרו ללא שינוי.
wu01iLFdTE0,0,32,Start,keep_verified,פרק YouTube אמיתי שמתאר נושא לימודי ספציפי; הזמנים נשמרו ללא שינוי.
wu01iLFdTE0,32,94,Intro,remove_generic,כותרת ניווט כללית שאינה מתארת תוכן לימודי.
wu01iLFdTE0,94,186,In this episode,keep_verified,פרק YouTube אמיתי שמתאר נושא לימודי ספציפי; הזמנים נשמרו ללא שינוי.
wu01iLFdTE0,186,253,What changed my thoughts,keep_verified,פרק YouTube אמיתי שמתאר נושא לימודי ספציפי; הזמנים נשמרו ללא שינוי.
wu01iLFdTE0,253,727,The PoliceAdvanced Course,keep_verified,פרק YouTube אמיתי שמתאר נושא לימודי ספציפי; הזמנים נשמרו ללא שינוי.
wu01iLFdTE0,727,912,Increase your safety margin,keep_verified,פרק YouTube אמיתי שמתאר נושא לימודי ספציפי; הזמנים נשמרו ללא שינוי.
wu01iLFdTE0,912,1044,Look further ahead,keep_verified,פרק YouTube אמיתי שמתאר נושא לימודי ספציפי; הזמנים נשמרו ללא שינוי.
wu01iLFdTE0,1044,1140,Road surface contaminants,keep_verified,פרק YouTube אמיתי שמתאר נושא לימודי ספציפי; הזמנים נשמרו ללא שינוי.
wu01iLFdTE0,1140,1238,White lines and road markings,keep_verified,פרק YouTube אמיתי שמתאר נושא לימודי ספציפי; הזמנים נשמרו ללא שינוי.
wu01iLFdTE0,1238,1272,Metalwork,keep_verified,פרק YouTube אמיתי שמתאר נושא לימודי ספציפי; הזמנים נשמרו ללא שינוי.
wu01iLFdTE0,1272,1324,Country roads-expect the unexpected,keep_verified,פרק YouTube אמיתי שמתאר נושא לימודי ספציפי; הזמנים נשמרו ללא שינוי.
wu01iLFdTE0,1324,1471,Braking in the wet,keep_verified,פרק YouTube אמיתי שמתאר נושא לימודי ספציפי; הזמנים נשמרו ללא שינוי.
wu01iLFdTE0,1471,1510,Cornering in the rain,keep_verified,פרק YouTube אמיתי שמתאר נושא לימודי ספציפי; הזמנים נשמרו ללא שינוי.
wu01iLFdTE0,1510,1663,Visibility,keep_verified,פרק YouTube אמיתי שמתאר נושא לימודי ספציפי; הזמנים נשמרו ללא שינוי.
wu01iLFdTE0,1663,1721,Take this one thing from this video - please.,keep_verified,פרק YouTube אמיתי שמתאר נושא לימודי ספציפי; הזמנים נשמרו ללא שינוי.
wu01iLFdTE0,1721,1770,Outro and thanks,remove_generic,כותרת ניווט כללית שאינה מתארת תוכן לימודי.
uvPpdzE1ZZ0,0,12,Intro,remove_generic,כותרת ניווט כללית שאינה מתארת תוכן לימודי.
uvPpdzE1ZZ0,12,30,Wear Reflective Gear,keep_verified,פרק YouTube אמיתי שמתאר נושא לימודי ספציפי; הזמנים נשמרו ללא שינוי.
uvPpdzE1ZZ0,30,46,Check Your Lights,keep_verified,פרק YouTube אמיתי שמתאר נושא לימודי ספציפי; הזמנים נשמרו ללא שינוי.
uvPpdzE1ZZ0,46,71,Use Your High Beam,keep_verified,פרק YouTube אמיתי שמתאר נושא לימודי ספציפי; הזמנים נשמרו ללא שינוי.
uvPpdzE1ZZ0,71,107,Slow Down,keep_verified,פרק YouTube אמיתי שמתאר נושא לימודי ספציפי; הזמנים נשמרו ללא שינוי.
uvPpdzE1ZZ0,107,148,Stay Alert,keep_verified,פרק YouTube אמיתי שמתאר נושא לימודי ספציפי; הזמנים נשמרו ללא שינוי.
uvPpdzE1ZZ0,148,163,Avoid Fatigue,keep_verified,פרק YouTube אמיתי שמתאר נושא לימודי ספציפי; הזמנים נשמרו ללא שינוי.
uvPpdzE1ZZ0,163,178,Keep Your Visor Clean,keep_verified,פרק YouTube אמיתי שמתאר נושא לימודי ספציפי; הזמנים נשמרו ללא שינוי.
uvPpdzE1ZZ0,178,223,Use A Clear Visor,keep_verified,פרק YouTube אמיתי שמתאר נושא לימודי ספציפי; הזמנים נשמרו ללא שינוי.
uvPpdzE1ZZ0,223,264,Stay In WellLit Areas,keep_verified,פרק YouTube אמיתי שמתאר נושא לימודי ספציפי; הזמנים נשמרו ללא שינוי.
uvPpdzE1ZZ0,264,295,Ride With A Buddy,keep_verified,פרק YouTube אמיתי שמתאר נושא לימודי ספציפי; הזמנים נשמרו ללא שינוי.
uvPpdzE1ZZ0,295,338,Outro,remove_generic,כותרת ניווט כללית שאינה מתארת תוכן לימודי.
zVxVAUB8n78,0,45,Intro,remove_generic,כותרת ניווט כללית שאינה מתארת תוכן לימודי.
zVxVAUB8n78,45,98,Blown Sideways,keep_verified,פרק YouTube אמיתי שמתאר נושא לימודי ספציפי; הזמנים נשמרו ללא שינוי.
zVxVAUB8n78,98,190,Relax Your Hold,keep_verified,פרק YouTube אמיתי שמתאר נושא לימודי ספציפי; הזמנים נשמרו ללא שינוי.
zVxVAUB8n78,190,237,Counter Steering Explained,keep_verified,פרק YouTube אמיתי שמתאר נושא לימודי ספציפי; הזמנים נשמרו ללא שינוי.
zVxVAUB8n78,237,312,Bonus Tip,keep_verified,פרק YouTube אמיתי שמתאר נושא לימודי ספציפי; הזמנים נשמרו ללא שינוי.
IS2mLzMgals,0,36,Intro,remove_generic,כותרת ניווט כללית שאינה מתארת תוכן לימודי.
IS2mLzMgals,36,150,Left Lane,keep_verified,פרק YouTube אמיתי שמתאר נושא לימודי ספציפי; הזמנים נשמרו ללא שינוי.
IS2mLzMgals,150,258,High Danger Zone,keep_verified,פרק YouTube אמיתי שמתאר נושא לימודי ספציפי; הזמנים נשמרו ללא שינוי.
IS2mLzMgals,258,431,Following Distance,keep_verified,פרק YouTube אמיתי שמתאר נושא לימודי ספציפי; הזמנים נשמרו ללא שינוי.
IS2mLzMgals,431,603,Dangers,keep_verified,פרק YouTube אמיתי שמתאר נושא לימודי ספציפי; הזמנים נשמרו ללא שינוי.
wdESPaOqd8I,0,39,Intro,remove_generic,כותרת ניווט כללית שאינה מתארת תוכן לימודי.
wdESPaOqd8I,39,269,Lack of Grip,keep_verified,פרק YouTube אמיתי שמתאר נושא לימודי ספציפי; הזמנים נשמרו ללא שינוי.
wdESPaOqd8I,269,635,Surface Hazards,keep_verified,פרק YouTube אמיתי שמתאר נושא לימודי ספציפי; הזמנים נשמרו ללא שינוי.
wdESPaOqd8I,635,775,Visibility,keep_verified,פרק YouTube אמיתי שמתאר נושא לימודי ספציפי; הזמנים נשמרו ללא שינוי.
wdESPaOqd8I,775,968,Cooling effect,keep_verified,פרק YouTube אמיתי שמתאר נושא לימודי ספציפי; הזמנים נשמרו ללא שינוי.
LCYXUCRHzww,0,85,Intro,remove_generic,כותרת ניווט כללית שאינה מתארת תוכן לימודי.
LCYXUCRHzww,85,134,Weight,keep_verified,פרק YouTube אמיתי שמתאר נושא לימודי ספציפי; הזמנים נשמרו ללא שינוי.
LCYXUCRHzww,134,187,Relax,keep_verified,פרק YouTube אמיתי שמתאר נושא לימודי ספציפי; הזמנים נשמרו ללא שינוי.
LCYXUCRHzww,187,244,Let Go,keep_verified,פרק YouTube אמיתי שמתאר נושא לימודי ספציפי; הזמנים נשמרו ללא שינוי.
LCYXUCRHzww,244,291,Common Sense Tips,keep_verified,פרק YouTube אמיתי שמתאר נושא לימודי ספציפי; הזמנים נשמרו ללא שינוי.
LCYXUCRHzww,291,335,Lean into the Wind,keep_verified,פרק YouTube אמיתי שמתאר נושא לימודי ספציפי; הזמנים נשמרו ללא שינוי.
LCYXUCRHzww,335,369,Counter Steering,keep_verified,פרק YouTube אמיתי שמתאר נושא לימודי ספציפי; הזמנים נשמרו ללא שינוי.
LCYXUCRHzww,369,403,Counter Steer,keep_verified,פרק YouTube אמיתי שמתאר נושא לימודי ספציפי; הזמנים נשמרו ללא שינוי.
LCYXUCRHzww,403,418,Final Tip,keep_verified,פרק YouTube אמיתי שמתאר נושא לימודי ספציפי; הזמנים נשמרו ללא שינוי.
LCYXUCRHzww,418,468,Recap,remove_generic,כותרת ניווט כללית שאינה מתארת תוכן לימודי.
NN1twMtJrlA,0,43,Intro,remove_generic,כותרת ניווט כללית שאינה מתארת תוכן לימודי.
NN1twMtJrlA,43,86,Welcome,remove_generic,כותרת ניווט כללית שאינה מתארת תוכן לימודי.
NN1twMtJrlA,86,104,Lane Position,keep_verified,פרק YouTube אמיתי שמתאר נושא לימודי ספציפי; הזמנים נשמרו ללא שינוי.
NN1twMtJrlA,104,112,Step 1 Speed,keep_verified,פרק YouTube אמיתי שמתאר נושא לימודי ספציפי; הזמנים נשמרו ללא שינוי.
NN1twMtJrlA,112,149,Step 2 Speed,keep_verified,פרק YouTube אמיתי שמתאר נושא לימודי ספציפי; הזמנים נשמרו ללא שינוי.
NN1twMtJrlA,149,159,Step 3 Turn Signal,keep_verified,פרק YouTube אמיתי שמתאר נושא לימודי ספציפי; הזמנים נשמרו ללא שינוי.
NN1twMtJrlA,159,168,Step 4 Front Tires,keep_verified,פרק YouTube אמיתי שמתאר נושא לימודי ספציפי; הזמנים נשמרו ללא שינוי.
NN1twMtJrlA,168,179,Step 5 Eye Contact,keep_verified,פרק YouTube אמיתי שמתאר נושא לימודי ספציפי; הזמנים נשמרו ללא שינוי.
NN1twMtJrlA,179,209,Reverse Size,keep_verified,פרק YouTube אמיתי שמתאר נושא לימודי ספציפי; הזמנים נשמרו ללא שינוי.
NN1twMtJrlA,209,250,Outro,remove_generic,כותרת ניווט כללית שאינה מתארת תוכן לימודי.
fl9mfnpJ1wo,96,134,The Vanishing Point,keep_verified,פרק YouTube אמיתי שמתאר נושא לימודי ספציפי; הזמנים נשמרו ללא שינוי.
fl9mfnpJ1wo,134,157,Stay off the Brakes,keep_verified,פרק YouTube אמיתי שמתאר נושא לימודי ספציפי; הזמנים נשמרו ללא שינוי.
fl9mfnpJ1wo,157,185,Weather,keep_verified,פרק YouTube אמיתי שמתאר נושא לימודי ספציפי; הזמנים נשמרו ללא שינוי.
fl9mfnpJ1wo,185,207,Camber,keep_verified,פרק YouTube אמיתי שמתאר נושא לימודי ספציפי; הזמנים נשמרו ללא שינוי.
fl9mfnpJ1wo,207,266,Negative Camber,keep_verified,פרק YouTube אמיתי שמתאר נושא לימודי ספציפי; הזמנים נשמרו ללא שינוי.
PtRYyP96HHA,0,18,Start,keep_verified,פרק YouTube אמיתי שמתאר נושא לימודי ספציפי; הזמנים נשמרו ללא שינוי.
PtRYyP96HHA,18,89,Intro,remove_generic,כותרת ניווט כללית שאינה מתארת תוכן לימודי.
PtRYyP96HHA,89,201,Tip 1,keep_verified,פרק YouTube אמיתי שמתאר נושא לימודי ספציפי; הזמנים נשמרו ללא שינוי.
PtRYyP96HHA,201,307,Tip 2,keep_verified,פרק YouTube אמיתי שמתאר נושא לימודי ספציפי; הזמנים נשמרו ללא שינוי.
PtRYyP96HHA,307,421,Tip 3,keep_verified,פרק YouTube אמיתי שמתאר נושא לימודי ספציפי; הזמנים נשמרו ללא שינוי.
PtRYyP96HHA,421,513,Tip 4,keep_verified,פרק YouTube אמיתי שמתאר נושא לימודי ספציפי; הזמנים נשמרו ללא שינוי.
PtRYyP96HHA,513,584,Tip 5,keep_verified,פרק YouTube אמיתי שמתאר נושא לימודי ספציפי; הזמנים נשמרו ללא שינוי.
PtRYyP96HHA,584,689,Bonus Tip,keep_verified,פרק YouTube אמיתי שמתאר נושא לימודי ספציפי; הזמנים נשמרו ללא שינוי.
PtRYyP96HHA,689,730,Outro,remove_generic,כותרת ניווט כללית שאינה מתארת תוכן לימודי.
U64nD-GHkik,0,32,Intro,remove_generic,כותרת ניווט כללית שאינה מתארת תוכן לימודי.
U64nD-GHkik,32,64,Sponsor,remove_generic,כותרת ניווט כללית שאינה מתארת תוכן לימודי.
U64nD-GHkik,64,98,Mechanical Condition,keep_verified,פרק YouTube אמיתי שמתאר נושא לימודי ספציפי; הזמנים נשמרו ללא שינוי.
U64nD-GHkik,98,142,Suspension,keep_verified,פרק YouTube אמיתי שמתאר נושא לימודי ספציפי; הזמנים נשמרו ללא שינוי.
U64nD-GHkik,142,179,Protective Apparel,keep_verified,פרק YouTube אמיתי שמתאר נושא לימודי ספציפי; הזמנים נשמרו ללא שינוי.
U64nD-GHkik,179,228,Communication,keep_verified,פרק YouTube אמיתי שמתאר נושא לימודי ספציפי; הזמנים נשמרו ללא שינוי.
U64nD-GHkik,228,260,Braking,keep_verified,פרק YouTube אמיתי שמתאר נושא לימודי ספציפי; הזמנים נשמרו ללא שינוי.
U64nD-GHkik,260,296,Bike Choice,keep_verified,פרק YouTube אמיתי שמתאר נושא לימודי ספציפי; הזמנים נשמרו ללא שינוי.
U64nD-GHkik,296,333,Smooth Riding,keep_verified,פרק YouTube אמיתי שמתאר נושא לימודי ספציפי; הזמנים נשמרו ללא שינוי.
U64nD-GHkik,333,401,Conclusion,remove_generic,כותרת ניווט כללית שאינה מתארת תוכן לימודי.
glxMLJ1A6rk,16,77,prepare for a wet corner,keep_verified,פרק YouTube אמיתי שמתאר נושא לימודי ספציפי; הזמנים נשמרו ללא שינוי.
glxMLJ1A6rk,77,81,lean my upper body into the turn,keep_verified,פרק YouTube אמיתי שמתאר נושא לימודי ספציפי; הזמנים נשמרו ללא שינוי.
glxMLJ1A6rk,81,128,take a weight off the top of the bike,keep_verified,פרק YouTube אמיתי שמתאר נושא לימודי ספציפי; הזמנים נשמרו ללא שינוי.
SQhttXPPOsU,0,20,Intro,remove_generic,כותרת ניווט כללית שאינה מתארת תוכן לימודי.
SQhttXPPOsU,20,40,Stability,keep_verified,פרק YouTube אמיתי שמתאר נושא לימודי ספציפי; הזמנים נשמרו ללא שינוי.
SQhttXPPOsU,40,73,Handling,keep_verified,פרק YouTube אמיתי שמתאר נושא לימודי ספציפי; הזמנים נשמרו ללא שינוי.
SQhttXPPOsU,73,150,Ride,keep_verified,פרק YouTube אמיתי שמתאר נושא לימודי ספציפי; הזמנים נשמרו ללא שינוי.
PCrh2Jp0w_8,0,11,Introduction,remove_generic,כותרת ניווט כללית שאינה מתארת תוכן לימודי.
PCrh2Jp0w_8,11,44,Choose your rider,keep_verified,פרק YouTube אמיתי שמתאר נושא לימודי ספציפי; הזמנים נשמרו ללא שינוי.
PCrh2Jp0w_8,44,60,Getting on and off,keep_verified,פרק YouTube אמיתי שמתאר נושא לימודי ספציפי; הזמנים נשמרו ללא שינוי.
PCrh2Jp0w_8,60,85,Agree some signals,keep_verified,פרק YouTube אמיתי שמתאר נושא לימודי ספציפי; הזמנים נשמרו ללא שינוי.
PCrh2Jp0w_8,85,114,Hold on,keep_verified,פרק YouTube אמיתי שמתאר נושא לימודי ספציפי; הזמנים נשמרו ללא שינוי.
PCrh2Jp0w_8,114,165,Stay still,keep_verified,פרק YouTube אמיתי שמתאר נושא לימודי ספציפי; הזמנים נשמרו ללא שינוי.
PCrh2Jp0w_8,165,187,Lean with the bike,keep_verified,פרק YouTube אמיתי שמתאר נושא לימודי ספציפי; הזמנים נשמרו ללא שינוי.
PCrh2Jp0w_8,187,233,Comfort,keep_verified,פרק YouTube אמיתי שמתאר נושא לימודי ספציפי; הזמנים נשמרו ללא שינוי.
PCrh2Jp0w_8,233,243,Don't signal,keep_verified,פרק YouTube אמיתי שמתאר נושא לימודי ספציפי; הזמנים נשמרו ללא שינוי.
PCrh2Jp0w_8,243,258,Final thoughts,keep_verified,פרק YouTube אמיתי שמתאר נושא לימודי ספציפי; הזמנים נשמרו ללא שינוי.
aAybwTYH8YY,0,50,Introduction,remove_generic,כותרת ניווט כללית שאינה מתארת תוכן לימודי.
aAybwTYH8YY,50,85,Demonstration,keep_verified,פרק YouTube אמיתי שמתאר נושא לימודי ספציפי; הזמנים נשמרו ללא שינוי.
aAybwTYH8YY,85,113,Outro,remove_generic,כותרת ניווט כללית שאינה מתארת תוכן לימודי.
VFZoZLMZGqQ,135,143,rotating our shoulders are pointing our zipper through the corner,keep_verified,פרק YouTube אמיתי שמתאר נושא לימודי ספציפי; הזמנים נשמרו ללא שינוי.
VFZoZLMZGqQ,143,250,slide our butt off the seat,keep_verified,פרק YouTube אמיתי שמתאר נושא לימודי ספציפי; הזמנים נשמרו ללא שינוי.
VFZoZLMZGqQ,250,270,place our head and chest,keep_verified,פרק YouTube אמיתי שמתאר נושא לימודי ספציפי; הזמנים נשמרו ללא שינוי.
VFZoZLMZGqQ,270,281,leave a little bit of room between your pelvis,keep_verified,פרק YouTube אמיתי שמתאר נושא לימודי ספציפי; הזמנים נשמרו ללא שינוי.
VFZoZLMZGqQ,281,313,slide your outside foot forward until the heel of your boot catches,keep_verified,פרק YouTube אמיתי שמתאר נושא לימודי ספציפי; הזמנים נשמרו ללא שינוי.
VFZoZLMZGqQ,313,343,lean our head and chest to the inside of the bike,keep_verified,פרק YouTube אמיתי שמתאר נושא לימודי ספציפי; הזמנים נשמרו ללא שינוי.
VFZoZLMZGqQ,343,388,open your chest to the corner,keep_verified,פרק YouTube אמיתי שמתאר נושא לימודי ספציפי; הזמנים נשמרו ללא שינוי.
VFZoZLMZGqQ,388,414,slide back in the seat,keep_verified,פרק YouTube אמיתי שמתאר נושא לימודי ספציפי; הזמנים נשמרו ללא שינוי.
VFZoZLMZGqQ,414,503,drape your upper outer arm across the tank,keep_verified,פרק YouTube אמיתי שמתאר נושא לימודי ספציפי; הזמנים נשמרו ללא שינוי.
VFZoZLMZGqQ,503,519,pressing down on the foot pegs with your feet,keep_verified,פרק YouTube אמיתי שמתאר נושא לימודי ספציפי; הזמנים נשמרו ללא שינוי.
VFZoZLMZGqQ,519,609,slide back in the seat a little,keep_verified,פרק YouTube אמיתי שמתאר נושא לימודי ספציפי; הזמנים נשמרו ללא שינוי.
nIBaSEVtkoM,0,51,Intro,remove_generic,כותרת ניווט כללית שאינה מתארת תוכן לימודי.
nIBaSEVtkoM,51,77,Safety,keep_verified,פרק YouTube אמיתי שמתאר נושא לימודי ספציפי; הזמנים נשמרו ללא שינוי.
nIBaSEVtkoM,77,106,Rain Gear,keep_verified,פרק YouTube אמיתי שמתאר נושא לימודי ספציפי; הזמנים נשמרו ללא שינוי.
nIBaSEVtkoM,106,133,Helmet,keep_verified,פרק YouTube אמיתי שמתאר נושא לימודי ספציפי; הזמנים נשמרו ללא שינוי.
nIBaSEVtkoM,133,164,Tires,keep_verified,פרק YouTube אמיתי שמתאר נושא לימודי ספציפי; הזמנים נשמרו ללא שינוי.
nIBaSEVtkoM,164,202,Visibility,keep_verified,פרק YouTube אמיתי שמתאר נושא לימודי ספציפי; הזמנים נשמרו ללא שינוי.
nIBaSEVtkoM,202,223,Riding Technique,keep_verified,פרק YouTube אמיתי שמתאר נושא לימודי ספציפי; הזמנים נשמרו ללא שינוי.
nIBaSEVtkoM,223,236,Wind,keep_verified,פרק YouTube אמיתי שמתאר נושא לימודי ספציפי; הזמנים נשמרו ללא שינוי.
nIBaSEVtkoM,236,252,Pull Over,keep_verified,פרק YouTube אמיתי שמתאר נושא לימודי ספציפי; הזמנים נשמרו ללא שינוי.
nIBaSEVtkoM,252,338,Focus,keep_verified,פרק YouTube אמיתי שמתאר נושא לימודי ספציפי; הזמנים נשמרו ללא שינוי.
rntIL0OFaBE,0,34,Intro,remove_generic,כותרת ניווט כללית שאינה מתארת תוכן לימודי.
rntIL0OFaBE,34,170,Having a Good Attitude,keep_verified,פרק YouTube אמיתי שמתאר נושא לימודי ספציפי; הזמנים נשמרו ללא שינוי.
rntIL0OFaBE,170,256,Choosing Good Gear,keep_verified,פרק YouTube אמיתי שמתאר נושא לימודי ספציפי; הזמנים נשמרו ללא שינוי.
rntIL0OFaBE,256,329,Rain Suits,keep_verified,פרק YouTube אמיתי שמתאר נושא לימודי ספציפי; הזמנים נשמרו ללא שינוי.
rntIL0OFaBE,329,364,Maintenance,keep_verified,פרק YouTube אמיתי שמתאר נושא לימודי ספציפי; הזמנים נשמרו ללא שינוי.
rntIL0OFaBE,364,389,Aeros Stitch,keep_verified,פרק YouTube אמיתי שמתאר נושא לימודי ספציפי; הזמנים נשמרו ללא שינוי.
rntIL0OFaBE,389,521,Layering,keep_verified,פרק YouTube אמיתי שמתאר נושא לימודי ספציפי; הזמנים נשמרו ללא שינוי.
rntIL0OFaBE,521,569,Technique,keep_verified,פרק YouTube אמיתי שמתאר נושא לימודי ספציפי; הזמנים נשמרו ללא שינוי.
rntIL0OFaBE,569,659,Tips,keep_verified,פרק YouTube אמיתי שמתאר נושא לימודי ספציפי; הזמנים נשמרו ללא שינוי.
rntIL0OFaBE,659,776,Vision,keep_verified,פרק YouTube אמיתי שמתאר נושא לימודי ספציפי; הזמנים נשמרו ללא שינוי.
iAtMCkCzmOE,0,20,Intro,remove_generic,כותרת ניווט כללית שאינה מתארת תוכן לימודי.
iAtMCkCzmOE,20,35,TIPS FOR RIDING IN A PACK,keep_verified,פרק YouTube אמיתי שמתאר נושא לימודי ספציפי; הזמנים נשמרו ללא שינוי.
iAtMCkCzmOE,35,93,PREP YOUR MOTORCYCLE,keep_verified,פרק YouTube אמיתי שמתאר נושא לימודי ספציפי; הזמנים נשמרו ללא שינוי.
iAtMCkCzmOE,93,141,ROLL AT THE RIGHT SPEED,keep_verified,פרק YouTube אמיתי שמתאר נושא לימודי ספציפי; הזמנים נשמרו ללא שינוי.
iAtMCkCzmOE,141,180,BE CONSISTENT,keep_verified,פרק YouTube אמיתי שמתאר נושא לימודי ספציפי; הזמנים נשמרו ללא שינוי.
iAtMCkCzmOE,180,229,BE AWARE OF THE SMALLEST TANK & SLOWEST BIKE,keep_verified,פרק YouTube אמיתי שמתאר נושא לימודי ספציפי; הזמנים נשמרו ללא שינוי.
iAtMCkCzmOE,229,264,GAS UP BIKES TOGETHER,keep_verified,פרק YouTube אמיתי שמתאר נושא לימודי ספציפי; הזמנים נשמרו ללא שינוי.
iAtMCkCzmOE,264,301,DO NOT RIDE IN A PACK?,keep_verified,פרק YouTube אמיתי שמתאר נושא לימודי ספציפי; הזמנים נשמרו ללא שינוי.
iAtMCkCzmOE,301,368,DETERMINE A TRAVEL BUDDY,keep_verified,פרק YouTube אמיתי שמתאר נושא לימודי ספציפי; הזמנים נשמרו ללא שינוי.
wSHXslQGg9A,77,101,Left Turn,keep_verified,פרק YouTube אמיתי שמתאר נושא לימודי ספציפי; הזמנים נשמרו ללא שינוי.
wSHXslQGg9A,101,133,Right Turn,keep_verified,פרק YouTube אמיתי שמתאר נושא לימודי ספציפי; הזמנים נשמרו ללא שינוי.
wSHXslQGg9A,133,199,Stop,keep_verified,פרק YouTube אמיתי שמתאר נושא לימודי ספציפי; הזמנים נשמרו ללא שינוי.
wSHXslQGg9A,199,232,Slow Down Signals,keep_verified,פרק YouTube אמיתי שמתאר נושא לימודי ספציפי; הזמנים נשמרו ללא שינוי.
wSHXslQGg9A,232,281,Slow Down,keep_verified,פרק YouTube אמיתי שמתאר נושא לימודי ספציפי; הזמנים נשמרו ללא שינוי.
wSHXslQGg9A,281,327,Follow Me,keep_verified,פרק YouTube אמיתי שמתאר נושא לימודי ספציפי; הזמנים נשמרו ללא שינוי.
wSHXslQGg9A,327,376,Road Hazard,keep_verified,פרק YouTube אמיתי שמתאר נושא לימודי ספציפי; הזמנים נשמרו ללא שינוי.
wSHXslQGg9A,376,406,Single File,keep_verified,פרק YouTube אמיתי שמתאר נושא לימודי ספציפי; הזמנים נשמרו ללא שינוי.
wSHXslQGg9A,406,477,Comfort Stop,keep_verified,פרק YouTube אמיתי שמתאר נושא לימודי ספציפי; הזמנים נשמרו ללא שינוי.
wSHXslQGg9A,477,499,Turn Signal,keep_verified,פרק YouTube אמיתי שמתאר נושא לימודי ספציפי; הזמנים נשמרו ללא שינוי.
wSHXslQGg9A,499,505,Pull Off,keep_verified,פרק YouTube אמיתי שמתאר נושא לימודי ספציפי; הזמנים נשמרו ללא שינוי.
wSHXslQGg9A,505,694,Exit Pull Off Signal,keep_verified,פרק YouTube אמיתי שמתאר נושא לימודי ספציפי; הזמנים נשמרו ללא שינוי.
LWeMd7FBctk,0,99,Introduction to Group Riding 101,remove_generic,כותרת ניווט כללית שאינה מתארת תוכן לימודי.
LWeMd7FBctk,99,261,Why you need to know before doing a group ride,keep_verified,פרק YouTube אמיתי שמתאר נושא לימודי ספציפי; הזמנים נשמרו ללא שינוי.
LWeMd7FBctk,261,278,Going to a group ride,keep_verified,פרק YouTube אמיתי שמתאר נושא לימודי ספציפי; הזמנים נשמרו ללא שינוי.
LWeMd7FBctk,278,695,Motorcycle Hand Signals for Group Riding,keep_verified,פרק YouTube אמיתי שמתאר נושא לימודי ספציפי; הזמנים נשמרו ללא שינוי.
LWeMd7FBctk,695,1054,"Motorcycle Riding Formations: Club, Staggered, Single, King...",keep_verified,פרק YouTube אמיתי שמתאר נושא לימודי ספציפי; הזמנים נשמרו ללא שינוי.
LWeMd7FBctk,1054,1370,Group Riding Positions | Where You Belong,keep_verified,פרק YouTube אמיתי שמתאר נושא לימודי ספציפי; הזמנים נשמרו ללא שינוי.
LWeMd7FBctk,1370,1969,About Riding In A Group,keep_verified,פרק YouTube אמיתי שמתאר נושא לימודי ספציפי; הזמנים נשמרו ללא שינוי.
LWeMd7FBctk,1969,2292,"Jobs, Duties, and Moves",keep_verified,פרק YouTube אמיתי שמתאר נושא לימודי ספציפי; הזמנים נשמרו ללא שינוי.
LWeMd7FBctk,2292,2839,Other Rider Maneuvers,keep_verified,פרק YouTube אמיתי שמתאר נושא לימודי ספציפי; הזמנים נשמרו ללא שינוי.
3J_iwYsggGM,0,47,Intro,remove_generic,כותרת ניווט כללית שאינה מתארת תוכן לימודי.
3J_iwYsggGM,47,131,The Accident,keep_verified,פרק YouTube אמיתי שמתאר נושא לימודי ספציפי; הזמנים נשמרו ללא שינוי.
3J_iwYsggGM,131,153,Brake Lights,keep_verified,פרק YouTube אמיתי שמתאר נושא לימודי ספציפי; הזמנים נשמרו ללא שינוי.
3J_iwYsggGM,153,184,Blind Spots,keep_verified,פרק YouTube אמיתי שמתאר נושא לימודי ספציפי; הזמנים נשמרו ללא שינוי.
3J_iwYsggGM,184,215,Line of Sight,keep_verified,פרק YouTube אמיתי שמתאר נושא לימודי ספציפי; הזמנים נשמרו ללא שינוי.
3J_iwYsggGM,215,262,Judgement Call,keep_verified,פרק YouTube אמיתי שמתאר נושא לימודי ספציפי; הזמנים נשמרו ללא שינוי.
3J_iwYsggGM,262,293,Impact,keep_verified,פרק YouTube אמיתי שמתאר נושא לימודי ספציפי; הזמנים נשמרו ללא שינוי.
3J_iwYsggGM,293,367,Hazards,keep_verified,פרק YouTube אמיתי שמתאר נושא לימודי ספציפי; הזמנים נשמרו ללא שינוי.
3J_iwYsggGM,367,419,Conclusion,remove_generic,כותרת ניווט כללית שאינה מתארת תוכן לימודי.
QXl542xFnhU,0,17,Intro,remove_generic,כותרת ניווט כללית שאינה מתארת תוכן לימודי.
QXl542xFnhU,17,60,Types of bikes,keep_verified,פרק YouTube אמיתי שמתאר נושא לימודי ספציפי; הזמנים נשמרו ללא שינוי.
QXl542xFnhU,60,136,Manufacturers recommendation,keep_verified,פרק YouTube אמיתי שמתאר נושא לימודי ספציפי; הזמנים נשמרו ללא שינוי.
QXl542xFnhU,136,156,Custom pressures,keep_verified,פרק YouTube אמיתי שמתאר נושא לימודי ספציפי; הזמנים נשמרו ללא שינוי.
QXl542xFnhU,156,188,Why is air pressure important,keep_verified,פרק YouTube אמיתי שמתאר נושא לימודי ספציפי; הזמנים נשמרו ללא שינוי.
QXl542xFnhU,188,211,How low can you go,keep_verified,פרק YouTube אמיתי שמתאר נושא לימודי ספציפי; הזמנים נשמרו ללא שינוי.
QXl542xFnhU,211,257,Very low pressures,keep_verified,פרק YouTube אמיתי שמתאר נושא לימודי ספציפי; הזמנים נשמרו ללא שינוי.
QXl542xFnhU,257,340,Extra tips,keep_verified,פרק YouTube אמיתי שמתאר נושא לימודי ספציפי; הזמנים נשמרו ללא שינוי.
CCCl2KBpP5g,0,43,Intro,remove_generic,כותרת ניווט כללית שאינה מתארת תוכן לימודי.
CCCl2KBpP5g,43,112,What is suspension,keep_verified,פרק YouTube אמיתי שמתאר נושא לימודי ספציפי; הזמנים נשמרו ללא שינוי.
CCCl2KBpP5g,112,250,Negative travel,keep_verified,פרק YouTube אמיתי שמתאר נושא לימודי ספציפי; הזמנים נשמרו ללא שינוי.
CCCl2KBpP5g,250,319,Spring rates,keep_verified,פרק YouTube אמיתי שמתאר נושא לימודי ספציפי; הזמנים נשמרו ללא שינוי.
CCCl2KBpP5g,319,450,Minimum and maximum,keep_verified,פרק YouTube אמיתי שמתאר נושא לימודי ספציפי; הזמנים נשמרו ללא שינוי.
CCCl2KBpP5g,450,802,Feel,keep_verified,פרק YouTube אמיתי שמתאר נושא לימודי ספציפי; הזמנים נשמרו ללא שינוי.
CCCl2KBpP5g,802,874,Will it work,keep_verified,פרק YouTube אמיתי שמתאר נושא לימודי ספציפי; הזמנים נשמרו ללא שינוי.
CCCl2KBpP5g,874,990,Final thoughts,keep_verified,פרק YouTube אמיתי שמתאר נושא לימודי ספציפי; הזמנים נשמרו ללא שינוי.
sJg_rAPp0Rg,96,153,Rebound Damping Adjustment,keep_verified,פרק YouTube אמיתי שמתאר נושא לימודי ספציפי; הזמנים נשמרו ללא שינוי.
sJg_rAPp0Rg,153,173,Thermal Expansion,keep_verified,פרק YouTube אמיתי שמתאר נושא לימודי ספציפי; הזמנים נשמרו ללא שינוי.
sJg_rAPp0Rg,173,187,Vapor Pressure,keep_verified,פרק YouTube אמיתי שמתאר נושא לימודי ספציפי; הזמנים נשמרו ללא שינוי.
sJg_rAPp0Rg,187,250,Rear Shock Temperature Gauge,keep_verified,פרק YouTube אמיתי שמתאר נושא לימודי ספציפי; הזמנים נשמרו ללא שינוי.
sJg_rAPp0Rg,250,343,Buy Suspension That Suits the Application,keep_verified,פרק YouTube אמיתי שמתאר נושא לימודי ספציפי; הזמנים נשמרו ללא שינוי.
sJg_rAPp0Rg,343,432,Internal Floating Piston Shocks,keep_verified,פרק YouTube אמיתי שמתאר נושא לימודי ספציפי; הזמנים נשמרו ללא שינוי.
sJg_rAPp0Rg,432,443,Anti Bottoming Valve,keep_verified,פרק YouTube אמיתי שמתאר נושא לימודי ספציפי; הזמנים נשמרו ללא שינוי.
sJg_rAPp0Rg,443,478,Pds Valve,keep_verified,פרק YouTube אמיתי שמתאר נושא לימודי ספציפי; הזמנים נשמרו ללא שינוי.
sJg_rAPp0Rg,478,748,Reservoir Shocks,keep_verified,פרק YouTube אמיתי שמתאר נושא לימודי ספציפי; הזמנים נשמרו ללא שינוי.
zsKLdi_nYYQ,0,98,Introduction,remove_generic,כותרת ניווט כללית שאינה מתארת תוכן לימודי.
zsKLdi_nYYQ,98,292,ON PAVEMENT SITUATIONS,keep_verified,פרק YouTube אמיתי שמתאר נושא לימודי ספציפי; הזמנים נשמרו ללא שינוי.
zsKLdi_nYYQ,292,549,OFF PAVEMENT SITUATIONS,keep_verified,פרק YouTube אמיתי שמתאר נושא לימודי ספציפי; הזמנים נשמרו ללא שינוי.
zsKLdi_nYYQ,549,619,SUMMARY & FINAL THOUGHTS,remove_generic,כותרת ניווט כללית שאינה מתארת תוכן לימודי.
oW7eVgdCC58,0,29,Intro,remove_generic,כותרת ניווט כללית שאינה מתארת תוכן לימודי.
oW7eVgdCC58,29,157,What Is Pressure?,keep_verified,פרק YouTube אמיתי שמתאר נושא לימודי ספציפי; הזמנים נשמרו ללא שינוי.
oW7eVgdCC58,157,282,Temperature & Pressure,keep_verified,פרק YouTube אמיתי שמתאר נושא לימודי ספציפי; הזמנים נשמרו ללא שינוי.
oW7eVgdCC58,282,428,Pressure Guidelines,keep_verified,פרק YouTube אמיתי שמתאר נושא לימודי ספציפי; הזמנים נשמרו ללא שינוי.
oW7eVgdCC58,428,603,Street Pressure / Traction,keep_verified,פרק YouTube אמיתי שמתאר נושא לימודי ספציפי; הזמנים נשמרו ללא שינוי.
oW7eVgdCC58,603,717,Why Air Down?,keep_verified,פרק YouTube אמיתי שמתאר נושא לימודי ספציפי; הזמנים נשמרו ללא שינוי.
oW7eVgdCC58,717,998,Recommended Pressures DS/AVD/Dirt,keep_verified,פרק YouTube אמיתי שמתאר נושא לימודי ספציפי; הזמנים נשמרו ללא שינוי.
oW7eVgdCC58,998,1047,Conclusion,remove_generic,כותרת ניווט כללית שאינה מתארת תוכן לימודי.
dPmq8jpUL5s,51,84,31 Liter Bag,keep_verified,פרק YouTube אמיתי שמתאר נושא לימודי ספציפי; הזמנים נשמרו ללא שינוי.
dPmq8jpUL5s,84,207,Tool Roll,keep_verified,פרק YouTube אמיתי שמתאר נושא לימודי ספציפי; הזמנים נשמרו ללא שינוי.
dPmq8jpUL5s,207,305,Drone,keep_verified,פרק YouTube אמיתי שמתאר נושא לימודי ספציפי; הזמנים נשמרו ללא שינוי.
dPmq8jpUL5s,305,381,Splints,keep_verified,פרק YouTube אמיתי שמתאר נושא לימודי ספציפי; הזמנים נשמרו ללא שינוי.
dPmq8jpUL5s,381,511,Air Pump,keep_verified,פרק YouTube אמיתי שמתאר נושא לימודי ספציפי; הזמנים נשמרו ללא שינוי.
KC0Rv0aM7OI,0,59,Intro,remove_generic,כותרת ניווט כללית שאינה מתארת תוכן לימודי.
KC0Rv0aM7OI,59,180,Standing Up,keep_verified,פרק YouTube אמיתי שמתאר נושא לימודי ספציפי; הזמנים נשמרו ללא שינוי.
KC0Rv0aM7OI,180,206,Example,keep_verified,פרק YouTube אמיתי שמתאר נושא לימודי ספציפי; הזמנים נשמרו ללא שינוי.
KC0Rv0aM7OI,206,334,Sandy Trail,keep_verified,פרק YouTube אמיתי שמתאר נושא לימודי ספציפי; הזמנים נשמרו ללא שינוי.
KC0Rv0aM7OI,334,357,Sandpit,keep_verified,פרק YouTube אמיתי שמתאר נושא לימודי ספציפי; הזמנים נשמרו ללא שינוי.
KC0Rv0aM7OI,357,456,Riding Into Terrain,keep_verified,פרק YouTube אמיתי שמתאר נושא לימודי ספציפי; הזמנים נשמרו ללא שינוי.
KC0Rv0aM7OI,456,523,Bonus Tip,keep_verified,פרק YouTube אמיתי שמתאר נושא לימודי ספציפי; הזמנים נשמרו ללא שינוי.
uscjPZXNyMc,0,278,Intro,remove_generic,כותרת ניווט כללית שאינה מתארת תוכן לימודי.
uscjPZXNyMc,278,403,Balance,keep_verified,פרק YouTube אמיתי שמתאר נושא לימודי ספציפי; הזמנים נשמרו ללא שינוי.
uscjPZXNyMc,403,527,Erosion,keep_verified,פרק YouTube אמיתי שמתאר נושא לימודי ספציפי; הזמנים נשמרו ללא שינוי.
uscjPZXNyMc,527,659,Hill Climb,keep_verified,פרק YouTube אמיתי שמתאר נושא לימודי ספציפי; הזמנים נשמרו ללא שינוי.
uscjPZXNyMc,659,785,Outro,remove_generic,כותרת ניווט כללית שאינה מתארת תוכן לימודי.
3nwR3t6-Ftg,0,68,פתיח,remove_generic,כותרת ניווט כללית שאינה מתארת תוכן לימודי.
3nwR3t6-Ftg,68,160,תנוחת רכיבה נכונה,keep_verified,פרק YouTube אמיתי שמתאר נושא לימודי ספציפי; הזמנים נשמרו ללא שינוי.
3nwR3t6-Ftg,160,236,שימוש בבלמים ועצירת פתע,keep_verified,פרק YouTube אמיתי שמתאר נושא לימודי ספציפי; הזמנים נשמרו ללא שינוי.
3nwR3t6-Ftg,236,374,עליות וירידות בשטח,keep_verified,פרק YouTube אמיתי שמתאר נושא לימודי ספציפי; הזמנים נשמרו ללא שינוי.
3nwR3t6-Ftg,374,431,סיכום,remove_generic,כותרת ניווט כללית שאינה מתארת תוכן לימודי.
i7vcL3L7750,0,23,Introduction,remove_generic,כותרת ניווט כללית שאינה מתארת תוכן לימודי.
i7vcL3L7750,23,105,The chain,keep_verified,פרק YouTube אמיתי שמתאר נושא לימודי ספציפי; הזמנים נשמרו ללא שינוי.
i7vcL3L7750,105,179,When + signs for treatment,keep_verified,פרק YouTube אמיתי שמתאר נושא לימודי ספציפי; הזמנים נשמרו ללא שינוי.
i7vcL3L7750,179,209,Warning!,keep_verified,פרק YouTube אמיתי שמתאר נושא לימודי ספציפי; הזמנים נשמרו ללא שינוי.
i7vcL3L7750,209,291,Cleaning,keep_verified,פרק YouTube אמיתי שמתאר נושא לימודי ספציפי; הזמנים נשמרו ללא שינוי.
i7vcL3L7750,291,351,Between cleaning and lubrication,keep_verified,פרק YouTube אמיתי שמתאר נושא לימודי ספציפי; הזמנים נשמרו ללא שינוי.
i7vcL3L7750,351,439,Lubrication,keep_verified,פרק YouTube אמיתי שמתאר נושא לימודי ספציפי; הזמנים נשמרו ללא שינוי.
i7vcL3L7750,439,459,Happy ending All is well,keep_verified,פרק YouTube אמיתי שמתאר נושא לימודי ספציפי; הזמנים נשמרו ללא שינוי.
GwXb1oEWeMY,0,368,Fatigue / Complacency,keep_verified,פרק YouTube אמיתי שמתאר נושא לימודי ספציפי; הזמנים נשמרו ללא שינוי.
GwXb1oEWeMY,368,591,Late / Rushing,keep_verified,פרק YouTube אמיתי שמתאר נושא לימודי ספציפי; הזמנים נשמרו ללא שינוי.
GwXb1oEWeMY,591,856,Anger / Nervous,keep_verified,פרק YouTube אמיתי שמתאר נושא לימודי ספציפי; הזמנים נשמרו ללא שינוי.
GwXb1oEWeMY,856,1272,Fear / Panic,keep_verified,פרק YouTube אמיתי שמתאר נושא לימודי ספציפי; הזמנים נשמרו ללא שינוי.
GwXb1oEWeMY,1272,1384,Cold / Heat / Comfort,keep_verified,פרק YouTube אמיתי שמתאר נושא לימודי ספציפי; הזמנים נשמרו ללא שינוי.
EPkNtdXkWpY,0,95,הקדמה,keep_verified,פרק YouTube אמיתי שמתאר נושא לימודי ספציפי; הזמנים נשמרו ללא שינוי.
EPkNtdXkWpY,95,175,קסדה,keep_verified,פרק YouTube אמיתי שמתאר נושא לימודי ספציפי; הזמנים נשמרו ללא שינוי.
EPkNtdXkWpY,175,384,מעיל,keep_verified,פרק YouTube אמיתי שמתאר נושא לימודי ספציפי; הזמנים נשמרו ללא שינוי.
EPkNtdXkWpY,384,425,כפפות,keep_verified,פרק YouTube אמיתי שמתאר נושא לימודי ספציפי; הזמנים נשמרו ללא שינוי.
EPkNtdXkWpY,425,488,נעליים,keep_verified,פרק YouTube אמיתי שמתאר נושא לימודי ספציפי; הזמנים נשמרו ללא שינוי.
EPkNtdXkWpY,488,541,מכנסיים,keep_verified,פרק YouTube אמיתי שמתאר נושא לימודי ספציפי; הזמנים נשמרו ללא שינוי.
EPkNtdXkWpY,541,591,סיכום,remove_generic,כותרת ניווט כללית שאינה מתארת תוכן לימודי.
zm1MR16FaC4,0,43,Introduction,remove_generic,כותרת ניווט כללית שאינה מתארת תוכן לימודי.
zm1MR16FaC4,43,260,Lane Sharing,keep_verified,פרק YouTube אמיתי שמתאר נושא לימודי ספציפי; הזמנים נשמרו ללא שינוי.
zm1MR16FaC4,260,424,In the City,keep_verified,פרק YouTube אמיתי שמתאר נושא לימודי ספציפי; הזמנים נשמרו ללא שינוי.
zm1MR16FaC4,424,562,Highway,keep_verified,פרק YouTube אמיתי שמתאר נושא לימודי ספציפי; הזמנים נשמרו ללא שינוי.
zm1MR16FaC4,562,629,In a Traffic Jam,keep_verified,פרק YouTube אמיתי שמתאר נושא לימודי ספציפי; הזמנים נשמרו ללא שינוי.
zm1MR16FaC4,629,678,Discretion,keep_verified,פרק YouTube אמיתי שמתאר נושא לימודי ספציפי; הזמנים נשמרו ללא שינוי.
zm1MR16FaC4,678,770,Summary,remove_generic,כותרת ניווט כללית שאינה מתארת תוכן לימודי.
vHoAoVHkS64,0,83,הקדמה,keep_verified,פרק YouTube אמיתי שמתאר נושא לימודי ספציפי; הזמנים נשמרו ללא שינוי.
vHoAoVHkS64,83,175,שיטה קשה,keep_verified,פרק YouTube אמיתי שמתאר נושא לימודי ספציפי; הזמנים נשמרו ללא שינוי.
vHoAoVHkS64,175,264,שיטה חלקה,keep_verified,פרק YouTube אמיתי שמתאר נושא לימודי ספציפי; הזמנים נשמרו ללא שינוי.
vHoAoVHkS64,264,320,סיכום,remove_generic,כותרת ניווט כללית שאינה מתארת תוכן לימודי.
SoxnKw9sv_0,0,50,הקדמה,keep_verified,פרק YouTube אמיתי שמתאר נושא לימודי ספציפי; הזמנים נשמרו ללא שינוי.
SoxnKw9sv_0,50,86,הסכנות,keep_verified,פרק YouTube אמיתי שמתאר נושא לימודי ספציפי; הזמנים נשמרו ללא שינוי.
SoxnKw9sv_0,86,193,מצב האופנוע,keep_verified,פרק YouTube אמיתי שמתאר נושא לימודי ספציפי; הזמנים נשמרו ללא שינוי.
SoxnKw9sv_0,193,263,מצב הרוכב,keep_verified,פרק YouTube אמיתי שמתאר נושא לימודי ספציפי; הזמנים נשמרו ללא שינוי.
SoxnKw9sv_0,263,330,תכנון רכיבה,keep_verified,פרק YouTube אמיתי שמתאר נושא לימודי ספציפי; הזמנים נשמרו ללא שינוי.
SoxnKw9sv_0,330,694,בזמן רכיבה,keep_verified,פרק YouTube אמיתי שמתאר נושא לימודי ספציפי; הזמנים נשמרו ללא שינוי.
_5-fh-qmqMg,0,24,Intro,remove_generic,כותרת ניווט כללית שאינה מתארת תוכן לימודי.
_5-fh-qmqMg,24,145,The Drill,keep_verified,פרק YouTube אמיתי שמתאר נושא לימודי ספציפי; הזמנים נשמרו ללא שינוי.
_5-fh-qmqMg,145,233,Set the Space,keep_verified,פרק YouTube אמיתי שמתאר נושא לימודי ספציפי; הזמנים נשמרו ללא שינוי.
_5-fh-qmqMg,233,328,Get in the Zone,keep_verified,פרק YouTube אמיתי שמתאר נושא לימודי ספציפי; הזמנים נשמרו ללא שינוי.
_5-fh-qmqMg,328,449,Ride the 8,keep_verified,פרק YouTube אמיתי שמתאר נושא לימודי ספציפי; הזמנים נשמרו ללא שינוי.
_5-fh-qmqMg,449,721,Why this drill works,keep_verified,פרק YouTube אמיתי שמתאר נושא לימודי ספציפי; הזמנים נשמרו ללא שינוי.
bJkK-Z0eDq0,0,60,Introduction: How Far Can I Lean?,remove_generic,כותרת ניווט כללית שאינה מתארת תוכן לימודי.
bJkK-Z0eDq0,60,165,Why Lean Angle Is So Misunderstood,keep_verified,פרק YouTube אמיתי שמתאר נושא לימודי ספציפי; הזמנים נשמרו ללא שינוי.
bJkK-Z0eDq0,165,260,Understanding Tyre Grip (Straight Line First),keep_verified,פרק YouTube אמיתי שמתאר נושא לימודי ספציפי; הזמנים נשמרו ללא שינוי.
bJkK-Z0eDq0,260,385,Emergency Braking & Learning Grip Safely,keep_verified,פרק YouTube אמיתי שמתאר נושא לימודי ספציפי; הזמנים נשמרו ללא שינוי.
bJkK-Z0eDq0,385,572,Practising Grip in Corners,keep_verified,פרק YouTube אמיתי שמתאר נושא לימודי ספציפי; הזמנים נשמרו ללא שינוי.
bJkK-Z0eDq0,572,778,Riding Fundamentals Explained,keep_verified,פרק YouTube אמיתי שמתאר נושא לימודי ספציפי; הזמנים נשמרו ללא שינוי.
bJkK-Z0eDq0,778,975,Stopping distances,keep_verified,פרק YouTube אמיתי שמתאר נושא לימודי ספציפי; הזמנים נשמרו ללא שינוי.
bJkK-Z0eDq0,975,1049,The best line is the widest line,keep_verified,פרק YouTube אמיתי שמתאר נושא לימודי ספציפי; הזמנים נשמרו ללא שינוי.
bJkK-Z0eDq0,1049,1160,"“Lean Angle Is an Outcome, Not a Skill”",keep_verified,פרק YouTube אמיתי שמתאר נושא לימודי ספציפי; הזמנים נשמרו ללא שינוי.
bJkK-Z0eDq0,1160,1382,How Lean Angle Is (and Isn’t) Trained,keep_verified,פרק YouTube אמיתי שמתאר נושא לימודי ספציפי; הזמנים נשמרו ללא שינוי.
hDX4TBsPKLU,0,43,Intro,remove_generic,כותרת ניווט כללית שאינה מתארת תוכן לימודי.
hDX4TBsPKLU,43,140,Phone GPS pros & cons,keep_verified,פרק YouTube אמיתי שמתאר נושא לימודי ספציפי; הזמנים נשמרו ללא שינוי.
hDX4TBsPKLU,140,167,What about tablets?,keep_verified,פרק YouTube אמיתי שמתאר נושא לימודי ספציפי; הזמנים נשמרו ללא שינוי.
hDX4TBsPKLU,167,228,Gaia GPS review,keep_verified,פרק YouTube אמיתי שמתאר נושא לימודי ספציפי; הזמנים נשמרו ללא שינוי.
hDX4TBsPKLU,228,290,Budget GPS units,keep_verified,פרק YouTube אמיתי שמתאר נושא לימודי ספציפי; הזמנים נשמרו ללא שינוי.
6hgkx7ZScqY,0,46,Intro,remove_with_record,בדיקת הקישורים הסופית החזירה HTTP 401 ו־YouTube oEmbed לא אישר את הסרטון; הרשומה הוסרה ולא הושאר קישור שאינו זמין.
6hgkx7ZScqY,46,90,Body position,remove_with_record,בדיקת הקישורים הסופית החזירה HTTP 401 ו־YouTube oEmbed לא אישר את הסרטון; הרשומה הוסרה ולא הושאר קישור שאינו זמין.
6hgkx7ZScqY,90,179,Traction,remove_with_record,בדיקת הקישורים הסופית החזירה HTTP 401 ו־YouTube oEmbed לא אישר את הסרטון; הרשומה הוסרה ולא הושאר קישור שאינו זמין.
6hgkx7ZScqY,179,205,Momentum,remove_with_record,בדיקת הקישורים הסופית החזירה HTTP 401 ו־YouTube oEmbed לא אישר את הסרטון; הרשומה הוסרה ולא הושאר קישור שאינו זמין.
6hgkx7ZScqY,205,229,Looking ahead,remove_with_record,בדיקת הקישורים הסופית החזירה HTTP 401 ו־YouTube oEmbed לא אישר את הסרטון; הרשומה הוסרה ולא הושאר קישור שאינו זמין.
6hgkx7ZScqY,229,418,Bike setup,remove_with_record,בדיקת הקישורים הסופית החזירה HTTP 401 ו־YouTube oEmbed לא אישר את הסרטון; הרשומה הוסרה ולא הושאר קישור שאינו זמין.
sfNLSVghgRA,94,120,BRAKING,keep_verified,פרק YouTube אמיתי שמתאר נושא לימודי ספציפי; הזמנים נשמרו ללא שינוי.
sfNLSVghgRA,120,140,One finger always on each lever,keep_verified,פרק YouTube אמיתי שמתאר נושא לימודי ספציפי; הזמנים נשמרו ללא שינוי.
sfNLSVghgRA,140,165,Locked rear wheel can throw the bike off line!,keep_verified,פרק YouTube אמיתי שמתאר נושא לימודי ספציפי; הזמנים נשמרו ללא שינוי.
sfNLSVghgRA,165,186,LOOK AHEAD,keep_verified,פרק YouTube אמיתי שמתאר נושא לימודי ספציפי; הזמנים נשמרו ללא שינוי.
sfNLSVghgRA,186,224,RIDICULOUS DESCENTS,keep_verified,פרק YouTube אמיתי שמתאר נושא לימודי ספציפי; הזמנים נשמרו ללא שינוי.
sfNLSVghgRA,224,283,CHALLENGE YOURSELF,keep_verified,פרק YouTube אמיתי שמתאר נושא לימודי ספציפי; הזמנים נשמרו ללא שינוי.
sfNLSVghgRA,283,313,GET A TRIALS BIKE,keep_verified,פרק YouTube אמיתי שמתאר נושא לימודי ספציפי; הזמנים נשמרו ללא שינוי.
eiRMikxU3Z4,0,50,Introduction,remove_generic,כותרת ניווט כללית שאינה מתארת תוכן לימודי.
eiRMikxU3Z4,50,110,Change the direction of the bike,keep_verified,פרק YouTube אמיתי שמתאר נושא לימודי ספציפי; הזמנים נשמרו ללא שינוי.
eiRMikxU3Z4,110,143,Do a gentle wheelie,keep_verified,פרק YouTube אמיתי שמתאר נושא לימודי ספציפי; הזמנים נשמרו ללא שינוי.
eiRMikxU3Z4,143,165,Put pressure into the outside foot peg,keep_verified,פרק YouTube אמיתי שמתאר נושא לימודי ספציפי; הזמנים נשמרו ללא שינוי.
eiRMikxU3Z4,165,205,Lean the bike away from the hill,keep_verified,פרק YouTube אמיתי שמתאר נושא לימודי ספציפי; הזמנים נשמרו ללא שינוי.
eiRMikxU3Z4,205,225,Make sure tyre placement is correct,keep_verified,פרק YouTube אמיתי שמתאר נושא לימודי ספציפי; הזמנים נשמרו ללא שינוי.
eiRMikxU3Z4,225,255,Push the bike,keep_verified,פרק YouTube אמיתי שמתאר נושא לימודי ספציפי; הזמנים נשמרו ללא שינוי.
eiRMikxU3Z4,255,266,Conclusion,remove_generic,כותרת ניווט כללית שאינה מתארת תוכן לימודי.
lP9Z1aw776A,0,30,Introduction,remove_generic,כותרת ניווט כללית שאינה מתארת תוכן לימודי.
lP9Z1aw776A,30,60,Why This Changes Everything,keep_verified,פרק YouTube אמיתי שמתאר נושא לימודי ספציפי; הזמנים נשמרו ללא שינוי.
lP9Z1aw776A,60,150,The Problem: Running Wide,keep_verified,פרק YouTube אמיתי שמתאר נושא לימודי ספציפי; הזמנים נשמרו ללא שינוי.
lP9Z1aw776A,150,420,The Physics Explained,keep_verified,פרק YouTube אמיתי שמתאר נושא לימודי ספציפי; הזמנים נשמרו ללא שינוי.
lP9Z1aw776A,420,600,Car Park Drills,keep_verified,פרק YouTube אמיתי שמתאר נושא לימודי ספציפי; הזמנים נשמרו ללא שינוי.
lP9Z1aw776A,600,660,Common Mistakes,keep_verified,פרק YouTube אמיתי שמתאר נושא לימודי ספציפי; הזמנים נשמרו ללא שינוי.
lP9Z1aw776A,660,1516,You've Done It. What's Next,keep_verified,פרק YouTube אמיתי שמתאר נושא לימודי ספציפי; הזמנים נשמרו ללא שינוי.
-blfunHiGzg,0,62,Introduction,remove_generic,כותרת ניווט כללית שאינה מתארת תוכן לימודי.
-blfunHiGzg,62,95,Leanna's Youtube channel,keep_verified,פרק YouTube אמיתי שמתאר נושא לימודי ספציפי; הזמנים נשמרו ללא שינוי.
-blfunHiGzg,95,195,Safety over position,keep_verified,פרק YouTube אמיתי שמתאר נושא לימודי ספציפי; הזמנים נשמרו ללא שינוי.
-blfunHiGzg,195,238,Which gear to select,keep_verified,פרק YouTube אמיתי שמתאר נושא לימודי ספציפי; הזמנים נשמרו ללא שינוי.
-blfunHiGzg,238,247,Limit point,keep_verified,פרק YouTube אמיתי שמתאר נושא לימודי ספציפי; הזמנים נשמרו ללא שינוי.
-blfunHiGzg,247,288,Why chevrons,keep_verified,פרק YouTube אמיתי שמתאר נושא לימודי ספציפי; הזמנים נשמרו ללא שינוי.
-blfunHiGzg,288,310,Dangerous busy road,keep_verified,פרק YouTube אמיתי שמתאר נושא לימודי ספציפי; הזמנים נשמרו ללא שינוי.
-blfunHiGzg,310,328,Straightlining,keep_verified,פרק YouTube אמיתי שמתאר נושא לימודי ספציפי; הזמנים נשמרו ללא שינוי.
-blfunHiGzg,328,370,"Haven't touched brakes, acceleration sense",keep_verified,פרק YouTube אמיתי שמתאר נושא לימודי ספציפי; הזמנים נשמרו ללא שינוי.
-blfunHiGzg,370,427,Held position out,keep_verified,פרק YouTube אמיתי שמתאר נושא לימודי ספציפי; הזמנים נשמרו ללא שינוי.
-blfunHiGzg,427,460,Faster speeds,keep_verified,פרק YouTube אמיתי שמתאר נושא לימודי ספציפי; הזמנים נשמרו ללא שינוי.
-blfunHiGzg,460,510,Keep slightly open throttle on bend,keep_verified,פרק YouTube אמיתי שמתאר נושא לימודי ספציפי; הזמנים נשמרו ללא שינוי.
-blfunHiGzg,510,529,"Lifting head, looking for last bend",keep_verified,פרק YouTube אמיתי שמתאר נושא לימודי ספציפי; הזמנים נשמרו ללא שינוי.
-blfunHiGzg,529,555,Looking over wall,keep_verified,פרק YouTube אמיתי שמתאר נושא לימודי ספציפי; הזמנים נשמרו ללא שינוי.
-blfunHiGzg,555,590,Only position if advantage,keep_verified,פרק YouTube אמיתי שמתאר נושא לימודי ספציפי; הזמנים נשמרו ללא שינוי.
-blfunHiGzg,590,640,Apex,keep_verified,פרק YouTube אמיתי שמתאר נושא לימודי ספציפי; הזמנים נשמרו ללא שינוי.
-blfunHiGzg,640,665,Worn white line,keep_verified,פרק YouTube אמיתי שמתאר נושא לימודי ספציפי; הזמנים נשמרו ללא שינוי.
-blfunHiGzg,665,680,Thoughts on overtake,keep_verified,פרק YouTube אמיתי שמתאר נושא לימודי ספציפי; הזמנים נשמרו ללא שינוי.
-blfunHiGzg,680,785,Two gears down,keep_verified,פרק YouTube אמיתי שמתאר נושא לימודי ספציפי; הזמנים נשמרו ללא שינוי.
-blfunHiGzg,785,830,Don't change down in order to brake.,keep_verified,פרק YouTube אמיתי שמתאר נושא לימודי ספציפי; הזמנים נשמרו ללא שינוי.
5CfJENGn07s,0,10,Intro,remove_generic,כותרת ניווט כללית שאינה מתארת תוכן לימודי.
5CfJENGn07s,10,108,Body Position,keep_verified,פרק YouTube אמיתי שמתאר נושא לימודי ספציפי; הזמנים נשמרו ללא שינוי.
5CfJENGn07s,108,138,On The Bike,keep_verified,פרק YouTube אמיתי שמתאר נושא לימודי ספציפי; הזמנים נשמרו ללא שינוי.
5CfJENGn07s,138,219,Heel Drop,keep_verified,פרק YouTube אמיתי שמתאר נושא לימודי ספציפי; הזמנים נשמרו ללא שינוי.
5CfJENGn07s,219,310,Common Questions,keep_verified,פרק YouTube אמיתי שמתאר נושא לימודי ספציפי; הזמנים נשמרו ללא שינוי.
5CfJENGn07s,310,401,Comment,keep_verified,פרק YouTube אמיתי שמתאר נושא לימודי ספציפי; הזמנים נשמרו ללא שינוי.
5CfJENGn07s,401,422,Turning,keep_verified,פרק YouTube אמיתי שמתאר נושא לימודי ספציפי; הזמנים נשמרו ללא שינוי.
5CfJENGn07s,422,458,Going Left,keep_verified,פרק YouTube אמיתי שמתאר נושא לימודי ספציפי; הזמנים נשמרו ללא שינוי.
5CfJENGn07s,458,505,Outro,remove_generic,כותרת ניווט כללית שאינה מתארת תוכן לימודי.
sWj02x9PYdw,0,34,Intro,remove_generic,כותרת ניווט כללית שאינה מתארת תוכן לימודי.
sWj02x9PYdw,34,97,Tips,keep_verified,פרק YouTube אמיתי שמתאר נושא לימודי ספציפי; הזמנים נשמרו ללא שינוי.
sWj02x9PYdw,97,129,Outro,remove_generic,כותרת ניווט כללית שאינה מתארת תוכן לימודי.
bYIzeyCubcw,0,18,Intro,remove_generic,כותרת ניווט כללית שאינה מתארת תוכן לימודי.
bYIzeyCubcw,18,39,Metacognition,keep_verified,פרק YouTube אמיתי שמתאר נושא לימודי ספציפי; הזמנים נשמרו ללא שינוי.
bYIzeyCubcw,39,66,Presentation,keep_verified,פרק YouTube אמיתי שמתאר נושא לימודי ספציפי; הזמנים נשמרו ללא שינוי.
bYIzeyCubcw,66,88,Placement,keep_verified,פרק YouTube אמיתי שמתאר נושא לימודי ספציפי; הזמנים נשמרו ללא שינוי.
bYIzeyCubcw,88,124,Summary,remove_generic,כותרת ניווט כללית שאינה מתארת תוכן לימודי.
UILe5YDA4B8,6,30,Brake & Escape Cone Diagram,keep_verified,פרק YouTube אמיתי שמתאר נושא לימודי ספציפי; הזמנים נשמרו ללא שינוי.
UILe5YDA4B8,30,46,Brake & Escape - Full Stop,keep_verified,פרק YouTube אמיתי שמתאר נושא לימודי ספציפי; הזמנים נשמרו ללא שינוי.
UILe5YDA4B8,46,58,Braking - Transition to Escape,keep_verified,פרק YouTube אמיתי שמתאר נושא לימודי ספציפי; הזמנים נשמרו ללא שינוי.
UILe5YDA4B8,58,73,Brake & Escape - Left Escape,keep_verified,פרק YouTube אמיתי שמתאר נושא לימודי ספציפי; הזמנים נשמרו ללא שינוי.
UILe5YDA4B8,73,124,Brake & Escape - Right Escape,keep_verified,פרק YouTube אמיתי שמתאר נושא לימודי ספציפי; הזמנים נשמרו ללא שינוי.
UILe5YDA4B8,124,162,Entire Exercise - Slow Motion,keep_verified,פרק YouTube אמיתי שמתאר נושא לימודי ספציפי; הזמנים נשמרו ללא שינוי.
6yE85BVYNKY,0,19,Intro,remove_generic,כותרת ניווט כללית שאינה מתארת תוכן לימודי.
6yE85BVYNKY,19,45,Lanyard,keep_verified,פרק YouTube אמיתי שמתאר נושא לימודי ספציפי; הזמנים נשמרו ללא שינוי.
6yE85BVYNKY,45,72,GPS,keep_verified,פרק YouTube אמיתי שמתאר נושא לימודי ספציפי; הזמנים נשמרו ללא שינוי.
6yE85BVYNKY,72,102,Hold On,keep_verified,פרק YouTube אמיתי שמתאר נושא לימודי ספציפי; הזמנים נשמרו ללא שינוי.
6yE85BVYNKY,102,133,Fatigue,keep_verified,פרק YouTube אמיתי שמתאר נושא לימודי ספציפי; הזמנים נשמרו ללא שינוי.
6yE85BVYNKY,133,153,Koozie,keep_verified,פרק YouTube אמיתי שמתאר נושא לימודי ספציפי; הזמנים נשמרו ללא שינוי.
6yE85BVYNKY,153,218,Hazards,keep_verified,פרק YouTube אמיתי שמתאר נושא לימודי ספציפי; הזמנים נשמרו ללא שינוי.
6yE85BVYNKY,218,246,Balance,keep_verified,פרק YouTube אמיתי שמתאר נושא לימודי ספציפי; הזמנים נשמרו ללא שינוי.
6yE85BVYNKY,246,278,Dont be distracting,keep_verified,פרק YouTube אמיתי שמתאר נושא לימודי ספציפי; הזמנים נשמרו ללא שינוי.
6yE85BVYNKY,278,329,Head on a swivel,keep_verified,פרק YouTube אמיתי שמתאר נושא לימודי ספציפי; הזמנים נשמרו ללא שינוי.
6yE85BVYNKY,329,352,Sit still,keep_verified,פרק YouTube אמיתי שמתאר נושא לימודי ספציפי; הזמנים נשמרו ללא שינוי.
6yE85BVYNKY,352,401,Leaning,keep_verified,פרק YouTube אמיתי שמתאר נושא לימודי ספציפי; הזמנים נשמרו ללא שינוי.
eqbeqc2xeBc,0,105,"Episode, series and MotorbikeCoach.com intro",keep_verified,פרק YouTube אמיתי שמתאר נושא לימודי ספציפי; הזמנים נשמרו ללא שינוי.
eqbeqc2xeBc,105,270,How many riders can do a good emergency stop?,keep_verified,פרק YouTube אמיתי שמתאר נושא לימודי ספציפי; הזמנים נשמרו ללא שינוי.
eqbeqc2xeBc,270,405,Bike balance and grip,keep_verified,פרק YouTube אמיתי שמתאר נושא לימודי ספציפי; הזמנים נשמרו ללא שינוי.
eqbeqc2xeBc,405,495,Reliance on the front brake,keep_verified,פרק YouTube אמיתי שמתאר נושא לימודי ספציפי; הזמנים נשמרו ללא שינוי.
eqbeqc2xeBc,495,625,Should you pull the clutch lever in?,keep_verified,פרק YouTube אמיתי שמתאר נושא לימודי ספציפי; הזמנים נשמרו ללא שינוי.
eqbeqc2xeBc,625,710,Cover the front brake,keep_verified,פרק YouTube אמיתי שמתאר נושא לימודי ספציפי; הזמנים נשמרו ללא שינוי.
eqbeqc2xeBc,710,770,Does engine braking help?,keep_verified,פרק YouTube אמיתי שמתאר נושא לימודי ספציפי; הזמנים נשמרו ללא שינוי.
eqbeqc2xeBc,770,880,Adjust the levers to suit you,keep_verified,פרק YouTube אמיתי שמתאר נושא לימודי ספציפי; הזמנים נשמרו ללא שינוי.
eqbeqc2xeBc,880,980,Does body position help?,keep_verified,פרק YouTube אמיתי שמתאר נושא לימודי ספציפי; הזמנים נשמרו ללא שינוי.
eqbeqc2xeBc,980,1065,Road surface vs. brake pressure,keep_verified,פרק YouTube אמיתי שמתאר נושא לימודי ספציפי; הזמנים נשמרו ללא שינוי.
eqbeqc2xeBc,1065,1125,Do gears have an impact on slowing down?,keep_verified,פרק YouTube אמיתי שמתאר נושא לימודי ספציפי; הזמנים נשמרו ללא שינוי.
eqbeqc2xeBc,1125,1205,Increase reaction times,keep_verified,פרק YouTube אמיתי שמתאר נושא לימודי ספציפי; הזמנים נשמרו ללא שינוי.
eqbeqc2xeBc,1205,1485,Data charts: student vs teacher,keep_verified,פרק YouTube אמיתי שמתאר נושא לימודי ספציפי; הזמנים נשמרו ללא שינוי.
eqbeqc2xeBc,1485,1640,How quickly should you squeeze the brake lever?,keep_verified,פרק YouTube אמיתי שמתאר נושא לימודי ספציפי; הזמנים נשמרו ללא שינוי.
eqbeqc2xeBc,1640,1828,Episode summary and outro,keep_verified,פרק YouTube אמיתי שמתאר נושא לימודי ספציפי; הזמנים נשמרו ללא שינוי.
-_a3Hk4Jeg8,0,19,Intro,remove_generic,כותרת ניווט כללית שאינה מתארת תוכן לימודי.
-_a3Hk4Jeg8,19,92,How it works,keep_verified,פרק YouTube אמיתי שמתאר נושא לימודי ספציפי; הזמנים נשמרו ללא שינוי.
-_a3Hk4Jeg8,92,234,Physics,keep_verified,פרק YouTube אמיתי שמתאר נושא לימודי ספציפי; הזמנים נשמרו ללא שינוי.
-_a3Hk4Jeg8,234,338,Exercises,keep_verified,פרק YouTube אמיתי שמתאר נושא לימודי ספציפי; הזמנים נשמרו ללא שינוי.
-_a3Hk4Jeg8,338,363,Outro,remove_generic,כותרת ניווט כללית שאינה מתארת תוכן לימודי.
gJH1pn4Cq68,19,46,Emergency Stops,keep_verified,פרק YouTube אמיתי שמתאר נושא לימודי ספציפי; הזמנים נשמרו ללא שינוי.
gJH1pn4Cq68,46,193,Relative Stopping Power between the Front Back Front Brake and the Back Brake,keep_verified,פרק YouTube אמיתי שמתאר נושא לימודי ספציפי; הזמנים נשמרו ללא שינוי.
gJH1pn4Cq68,193,442,Stopping Distances,keep_verified,פרק YouTube אמיתי שמתאר נושא לימודי ספציפי; הזמנים נשמרו ללא שינוי.
n13PAgtjaz0,0,18,Introduction,remove_generic,כותרת ניווט כללית שאינה מתארת תוכן לימודי.
n13PAgtjaz0,18,85,Uturn,keep_verified,פרק YouTube אמיתי שמתאר נושא לימודי ספציפי; הזמנים נשמרו ללא שינוי.
n13PAgtjaz0,85,120,Manual,keep_verified,פרק YouTube אמיתי שמתאר נושא לימודי ספציפי; הזמנים נשמרו ללא שינוי.
n13PAgtjaz0,120,173,Auto,keep_verified,פרק YouTube אמיתי שמתאר נושא לימודי ספציפי; הזמנים נשמרו ללא שינוי.
ko70RgiF5OQ,0,83,Road Surface - two approaches,keep_verified,פרק YouTube אמיתי שמתאר נושא לימודי ספציפי; הזמנים נשמרו ללא שינוי.
ko70RgiF5OQ,83,113,Introduction,remove_generic,כותרת ניווט כללית שאינה מתארת תוכן לימודי.
ko70RgiF5OQ,113,330,Losing Control: A Cautionary Tale About Skidding,keep_verified,פרק YouTube אמיתי שמתאר נושא לימודי ספציפי; הזמנים נשמרו ללא שינוי.
ko70RgiF5OQ,330,519,The Traction Budget,keep_verified,פרק YouTube אמיתי שמתאר נושא לימודי ספציפי; הזמנים נשמרו ללא שינוי.
ko70RgiF5OQ,519,1261,Part One: Reading the Road,keep_verified,פרק YouTube אמיתי שמתאר נושא לימודי ספציפי; הזמנים נשמרו ללא שינוי.
ko70RgiF5OQ,1261,1586,Part Two: Two Types of Surface Hazard,keep_verified,פרק YouTube אמיתי שמתאר נושא לימודי ספציפי; הזמנים נשמרו ללא שינוי.
ko70RgiF5OQ,1586,1696,The Golden Rule,keep_verified,פרק YouTube אמיתי שמתאר נושא לימודי ספציפי; הזמנים נשמרו ללא שינוי.
ko70RgiF5OQ,1696,2483,Part Three: Your Traction Budget in the Rain & How to Apply The Golden Rule,keep_verified,פרק YouTube אמיתי שמתאר נושא לימודי ספציפי; הזמנים נשמרו ללא שינוי.
aDybIOOaYzM,764,1656,Positive Target Fixation,keep_verified,פרק YouTube אמיתי שמתאר נושא לימודי ספציפי; הזמנים נשמרו ללא שינוי.
aDybIOOaYzM,1656,2137,Double Apex Turn,keep_verified,פרק YouTube אמיתי שמתאר נושא לימודי ספציפי; הזמנים נשמרו ללא שינוי.
aDybIOOaYzM,2137,2385,Line Selection,keep_verified,פרק YouTube אמיתי שמתאר נושא לימודי ספציפי; הזמנים נשמרו ללא שינוי.
aDybIOOaYzM,2385,2657,Oscillations,keep_verified,פרק YouTube אמיתי שמתאר נושא לימודי ספציפי; הזמנים נשמרו ללא שינוי.
aDybIOOaYzM,2657,3565,Coasting Period,keep_verified,פרק YouTube אמיתי שמתאר נושא לימודי ספציפי; הזמנים נשמרו ללא שינוי.
h5YrGuIGgVI,0,77,Intro,remove_generic,כותרת ניווט כללית שאינה מתארת תוכן לימודי.
h5YrGuIGgVI,77,142,Sponsor,remove_generic,כותרת ניווט כללית שאינה מתארת תוכן לימודי.
h5YrGuIGgVI,142,178,Physical Fitness,keep_verified,פרק YouTube אמיתי שמתאר נושא לימודי ספציפי; הזמנים נשמרו ללא שינוי.
h5YrGuIGgVI,178,414,Bike Setup,keep_verified,פרק YouTube אמיתי שמתאר נושא לימודי ספציפי; הזמנים נשמרו ללא שינוי.
h5YrGuIGgVI,414,516,Tire Pressure,keep_verified,פרק YouTube אמיתי שמתאר נושא לימודי ספציפי; הזמנים נשמרו ללא שינוי.
h5YrGuIGgVI,516,708,Body Position,keep_verified,פרק YouTube אמיתי שמתאר נושא לימודי ספציפי; הזמנים נשמרו ללא שינוי.
h5YrGuIGgVI,708,889,Sit or Stand,keep_verified,פרק YouTube אמיתי שמתאר נושא לימודי ספציפי; הזמנים נשמרו ללא שינוי.
h5YrGuIGgVI,889,934,Bike Mods,keep_verified,פרק YouTube אמיתי שמתאר נושא לימודי ספציפי; הזמנים נשמרו ללא שינוי.
h5YrGuIGgVI,934,1285,Coaching Matters,keep_verified,פרק YouTube אמיתי שמתאר נושא לימודי ספציפי; הזמנים נשמרו ללא שינוי.
6tlSdNGLPkY,148,178,Weight Transfer,keep_verified,פרק YouTube אמיתי שמתאר נושא לימודי ספציפי; הזמנים נשמרו ללא שינוי.
6tlSdNGLPkY,178,234,Counter Steering,keep_verified,פרק YouTube אמיתי שמתאר נושא לימודי ספציפי; הזמנים נשמרו ללא שינוי.
6tlSdNGLPkY,234,356,Never Apex on a Public Road,keep_verified,פרק YouTube אמיתי שמתאר נושא לימודי ספציפי; הזמנים נשמרו ללא שינוי.
6tlSdNGLPkY,356,476,Never Push the Throttle against the Front Brake,keep_verified,פרק YouTube אמיתי שמתאר נושא לימודי ספציפי; הזמנים נשמרו ללא שינוי.
6tlSdNGLPkY,476,509,Maintaining Focus,keep_verified,פרק YouTube אמיתי שמתאר נושא לימודי ספציפי; הזמנים נשמרו ללא שינוי.
HlZvuK_3kPQ,0,11,Intro,remove_generic,כותרת ניווט כללית שאינה מתארת תוכן לימודי.
HlZvuK_3kPQ,11,51,Tire Pressure,keep_verified,פרק YouTube אמיתי שמתאר נושא לימודי ספציפי; הזמנים נשמרו ללא שינוי.
HlZvuK_3kPQ,51,88,Oil,keep_verified,פרק YouTube אמיתי שמתאר נושא לימודי ספציפי; הזמנים נשמרו ללא שינוי.
HlZvuK_3kPQ,88,125,Chain,keep_verified,פרק YouTube אמיתי שמתאר נושא לימודי ספציפי; הזמנים נשמרו ללא שינוי.
HlZvuK_3kPQ,125,160,Tags,keep_verified,פרק YouTube אמיתי שמתאר נושא לימודי ספציפי; הזמנים נשמרו ללא שינוי.
HlZvuK_3kPQ,160,231,Wiring,keep_verified,פרק YouTube אמיתי שמתאר נושא לימודי ספציפי; הזמנים נשמרו ללא שינוי.
bQws3UL3lSc,0,32,Intro,remove_generic,כותרת ניווט כללית שאינה מתארת תוכן לימודי.
bQws3UL3lSc,32,191,Construction Hazards,keep_verified,פרק YouTube אמיתי שמתאר נושא לימודי ספציפי; הזמנים נשמרו ללא שינוי.
bQws3UL3lSc,191,271,Snow Hazards,keep_verified,פרק YouTube אמיתי שמתאר נושא לימודי ספציפי; הזמנים נשמרו ללא שינוי.
bQws3UL3lSc,271,290,Enter The Monthly Gear Giveaway!,keep_verified,פרק YouTube אמיתי שמתאר נושא לימודי ספציפי; הזמנים נשמרו ללא שינוי.
bQws3UL3lSc,290,356,Gravel Hazards,keep_verified,פרק YouTube אמיתי שמתאר נושא לימודי ספציפי; הזמנים נשמרו ללא שינוי.
bQws3UL3lSc,356,461,Gravity Hazards,keep_verified,פרק YouTube אמיתי שמתאר נושא לימודי ספציפי; הזמנים נשמרו ללא שינוי.
bQws3UL3lSc,461,542,Doggo Hazards,keep_verified,פרק YouTube אמיתי שמתאר נושא לימודי ספציפי; הזמנים נשמרו ללא שינוי.
2HTa9iHvI6U,0,23,5 TIPS FOR COMFORT ON A LONG MOTO TRIP,keep_verified,פרק YouTube אמיתי שמתאר נושא לימודי ספציפי; הזמנים נשמרו ללא שינוי.
2HTa9iHvI6U,23,62,BIKE ERGONOMICS,keep_verified,פרק YouTube אמיתי שמתאר נושא לימודי ספציפי; הזמנים נשמרו ללא שינוי.
2HTa9iHvI6U,62,112,GEAR CHOICE,keep_verified,פרק YouTube אמיתי שמתאר נושא לימודי ספציפי; הזמנים נשמרו ללא שינוי.
2HTa9iHvI6U,112,154,MOVE AROUND,keep_verified,פרק YouTube אמיתי שמתאר נושא לימודי ספציפי; הזמנים נשמרו ללא שינוי.
2HTa9iHvI6U,154,208,AIRFLOW,keep_verified,פרק YouTube אמיתי שמתאר נושא לימודי ספציפי; הזמנים נשמרו ללא שינוי.
2HTa9iHvI6U,208,280,TAKE BREAKS,keep_verified,פרק YouTube אמיתי שמתאר נושא לימודי ספציפי; הזמנים נשמרו ללא שינוי.
1LVSrs4HucI,0,35,Intro,remove_generic,כותרת ניווט כללית שאינה מתארת תוכן לימודי.
1LVSrs4HucI,35,54,Benefits,keep_verified,פרק YouTube אמיתי שמתאר נושא לימודי ספציפי; הזמנים נשמרו ללא שינוי.
1LVSrs4HucI,54,90,Demonstration,keep_verified,פרק YouTube אמיתי שמתאר נושא לימודי ספציפי; הזמנים נשמרו ללא שינוי.
1LVSrs4HucI,90,164,Normal Uturn,keep_verified,פרק YouTube אמיתי שמתאר נושא לימודי ספציפי; הזמנים נשמרו ללא שינוי.
1LVSrs4HucI,164,216,Samurai Uturn,keep_verified,פרק YouTube אמיתי שמתאר נושא לימודי ספציפי; הזמנים נשמרו ללא שינוי.
1LVSrs4HucI,216,268,Handlebars,keep_verified,פרק YouTube אמיתי שמתאר נושא לימודי ספציפי; הזמנים נשמרו ללא שינוי.
1LVSrs4HucI,268,309,Counter steering,keep_verified,פרק YouTube אמיתי שמתאר נושא לימודי ספציפי; הזמנים נשמרו ללא שינוי.
1LVSrs4HucI,309,392,Conclusion,remove_generic,כותרת ניווט כללית שאינה מתארת תוכן לימודי.
S36MgsVsHsA,29,34,What a Friction Zone Is,keep_verified,פרק YouTube אמיתי שמתאר נושא לימודי ספציפי; הזמנים נשמרו ללא שינוי.
S36MgsVsHsA,34,38,Friction Zone,keep_verified,פרק YouTube אמיתי שמתאר נושא לימודי ספציפי; הזמנים נשמרו ללא שינוי.
S36MgsVsHsA,38,43,Clutch Engagement Point,keep_verified,פרק YouTube אמיתי שמתאר נושא לימודי ספציפי; הזמנים נשמרו ללא שינוי.
S36MgsVsHsA,43,137,How To Find an Engagement Point,keep_verified,פרק YouTube אמיתי שמתאר נושא לימודי ספציפי; הזמנים נשמרו ללא שינוי.
S36MgsVsHsA,137,376,Add the Rear Brake,keep_verified,פרק YouTube אמיתי שמתאר נושא לימודי ספציפי; הזמנים נשמרו ללא שינוי.
S36MgsVsHsA,376,404,Practice Your Riding Skills in Safe Controlled Environment,keep_verified,פרק YouTube אמיתי שמתאר נושא לימודי ספציפי; הזמנים נשמרו ללא שינוי.
GerHAGwhX9k,0,36,Intro,remove_generic,כותרת ניווט כללית שאינה מתארת תוכן לימודי.
GerHAGwhX9k,36,52,Hand signals,keep_verified,פרק YouTube אמיתי שמתאר נושא לימודי ספציפי; הזמנים נשמרו ללא שינוי.
GerHAGwhX9k,52,83,Be Ready by KSU,keep_verified,פרק YouTube אמיתי שמתאר נושא לימודי ספציפי; הזמנים נשמרו ללא שינוי.
GerHAGwhX9k,83,116,Slow Riders in the Rear,keep_verified,פרק YouTube אמיתי שמתאר נושא לימודי ספציפי; הזמנים נשמרו ללא שינוי.
GerHAGwhX9k,116,196,Proper Sweep or Tail gunner,keep_verified,פרק YouTube אמיתי שמתאר נושא לימודי ספציפי; הזמנים נשמרו ללא שינוי.
GerHAGwhX9k,196,225,Ride your Own Ride,keep_verified,פרק YouTube אמיתי שמתאר נושא לימודי ספציפי; הזמנים נשמרו ללא שינוי.
GerHAGwhX9k,225,242,Don't Crowd,keep_verified,פרק YouTube אמיתי שמתאר נושא לימודי ספציפי; הזמנים נשמרו ללא שינוי.
GerHAGwhX9k,242,298,Ride Staggered,keep_verified,פרק YouTube אמיתי שמתאר נושא לימודי ספציפי; הזמנים נשמרו ללא שינוי.
GerHAGwhX9k,298,328,Keep track of the Rider behind you,keep_verified,פרק YouTube אמיתי שמתאר נושא לימודי ספציפי; הזמנים נשמרו ללא שינוי.
GerHAGwhX9k,328,361,Ride in the Back if you need the whole lane,keep_verified,פרק YouTube אמיתי שמתאר נושא לימודי ספציפי; הזמנים נשמרו ללא שינוי.
GerHAGwhX9k,361,387,Stay in Left or Right Track,keep_verified,פרק YouTube אמיתי שמתאר נושא לימודי ספציפי; הזמנים נשמרו ללא שינוי.
GerHAGwhX9k,387,414,Have a Riding Buddy,keep_verified,פרק YouTube אמיתי שמתאר נושא לימודי ספציפי; הזמנים נשמרו ללא שינוי.
GerHAGwhX9k,414,461,Make sure Motorcycle is in safe operating order,keep_verified,פרק YouTube אמיתי שמתאר נושא לימודי ספציפי; הזמנים נשמרו ללא שינוי.
GerHAGwhX9k,461,493,Trikes should Ride Were?,keep_verified,פרק YouTube אמיתי שמתאר נושא לימודי ספציפי; הזמנים נשמרו ללא שינוי.
GerHAGwhX9k,493,526,Do NOT Pass,keep_verified,פרק YouTube אמיתי שמתאר נושא לימודי ספציפי; הזמנים נשמרו ללא שינוי.
GerHAGwhX9k,526,579,Don't do it Unless...,keep_verified,פרק YouTube אמיתי שמתאר נושא לימודי ספציפי; הזמנים נשמרו ללא שינוי.
LvmXbZlf6M8,0,21,Intro,remove_generic,כותרת ניווט כללית שאינה מתארת תוכן לימודי.
LvmXbZlf6M8,21,264,BODY POSITION,keep_verified,פרק YouTube אמיתי שמתאר נושא לימודי ספציפי; הזמנים נשמרו ללא שינוי.
LvmXbZlf6M8,264,464,BRAKING TECHNIQUE,keep_verified,פרק YouTube אמיתי שמתאר נושא לימודי ספציפי; הזמנים נשמרו ללא שינוי.
LvmXbZlf6M8,464,580,HOW DO YOU BACK SHIFT,keep_verified,פרק YouTube אמיתי שמתאר נושא לימודי ספציפי; הזמנים נשמרו ללא שינוי.
LvmXbZlf6M8,580,658,HEAD POSITION,keep_verified,פרק YouTube אמיתי שמתאר נושא לימודי ספציפי; הזמנים נשמרו ללא שינוי.
LvmXbZlf6M8,658,701,LOOK W WANT THE BIKE TO,keep_verified,פרק YouTube אמיתי שמתאר נושא לימודי ספציפי; הזמנים נשמרו ללא שינוי.
LvmXbZlf6M8,701,973,HOW TO THE THROTTLE,keep_verified,פרק YouTube אמיתי שמתאר נושא לימודי ספציפי; הזמנים נשמרו ללא שינוי.
LvmXbZlf6M8,973,1049,HOLDING THE THROTTLE AT 100%,keep_verified,פרק YouTube אמיתי שמתאר נושא לימודי ספציפי; הזמנים נשמרו ללא שינוי.
LvmXbZlf6M8,1049,1145,BREATHE & RELAX,keep_verified,פרק YouTube אמיתי שמתאר נושא לימודי ספציפי; הזמנים נשמרו ללא שינוי.
LvmXbZlf6M8,1145,1368,BONUS TIP REAR BRAKE,keep_verified,פרק YouTube אמיתי שמתאר נושא לימודי ספציפי; הזמנים נשמרו ללא שינוי.
CXMqS_gMOS0,0,47,Intro – Learn to Ride a Motorcycle from Scratch,remove_generic,כותרת ניווט כללית שאינה מתארת תוכן לימודי.
CXMqS_gMOS0,47,925,"Motorcycle Controls Explained – Throttle, Clutch, Brakes & Gears",keep_verified,פרק YouTube אמיתי שמתאר נושא לימודי ספציפי; הזמנים נשמרו ללא שינוי.
CXMqS_gMOS0,925,1564,Friction Zone & Braking Drills – Master Slow-Speed Control,keep_verified,פרק YouTube אמיתי שמתאר נושא לימודי ספציפי; הזמנים נשמרו ללא שינוי.
CXMqS_gMOS0,1564,2162,Your First Motorcycle Ride – Step-by-Step Beginner Guide,keep_verified,פרק YouTube אמיתי שמתאר נושא לימודי ספציפי; הזמנים נשמרו ללא שינוי.
CXMqS_gMOS0,2162,3042,"Slow Ride Practice – Straight Line, U-Turns & Tight Turns",keep_verified,פרק YouTube אמיתי שמתאר נושא לימודי ספציפי; הזמנים נשמרו ללא שינוי.
CXMqS_gMOS0,3042,4535,"Emergency Braking, Swerving & How to Park a Motorcycle",keep_verified,פרק YouTube אמיתי שמתאר נושא לימודי ספציפי; הזמנים נשמרו ללא שינוי.
CXMqS_gMOS0,4535,5289,First Street Ride – How to Ride a Motorcycle in Traffic,keep_verified,פרק YouTube אמיתי שמתאר נושא לימודי ספציפי; הזמנים נשמרו ללא שינוי.
3tSkUdUYaA4,0,20,Intro,remove_generic,כותרת ניווט כללית שאינה מתארת תוכן לימודי.
3tSkUdUYaA4,20,306,Handlebar Position,keep_verified,פרק YouTube אמיתי שמתאר נושא לימודי ספציפי; הזמנים נשמרו ללא שינוי.
3tSkUdUYaA4,306,512,Fork Cap Position,keep_verified,פרק YouTube אמיתי שמתאר נושא לימודי ספציפי; הזמנים נשמרו ללא שינוי.
3tSkUdUYaA4,512,655,Rear End Position,keep_verified,פרק YouTube אמיתי שמתאר נושא לימודי ספציפי; הזמנים נשמרו ללא שינוי.
3tSkUdUYaA4,655,787,Preload Adjuster,keep_verified,פרק YouTube אמיתי שמתאר נושא לימודי ספציפי; הזמנים נשמרו ללא שינוי.
3tSkUdUYaA4,787,1112,Compression and Rebound,keep_verified,פרק YouTube אמיתי שמתאר נושא לימודי ספציפי; הזמנים נשמרו ללא שינוי.
UbemLevjCHw,0,92,Intro,remove_generic,כותרת ניווט כללית שאינה מתארת תוכן לימודי.
UbemLevjCHw,92,199,The secret,keep_verified,פרק YouTube אמיתי שמתאר נושא לימודי ספציפי; הזמנים נשמרו ללא שינוי.
UbemLevjCHw,199,360,Body position,keep_verified,פרק YouTube אמיתי שמתאר נושא לימודי ספציפי; הזמנים נשמרו ללא שינוי.
UbemLevjCHw,360,483,Momentum,keep_verified,פרק YouTube אמיתי שמתאר נושא לימודי ספציפי; הזמנים נשמרו ללא שינוי.
UbemLevjCHw,483,555,Outro,remove_generic,כותרת ניווט כללית שאינה מתארת תוכן לימודי.
dWkoJmTyrtI,0,19,Intro,remove_generic,כותרת ניווט כללית שאינה מתארת תוכן לימודי.
dWkoJmTyrtI,19,95,My Toolkit,keep_verified,פרק YouTube אמיתי שמתאר נושא לימודי ספציפי; הזמנים נשמרו ללא שינוי.
dWkoJmTyrtI,95,277,Removing the Rear Wheel,keep_verified,פרק YouTube אמיתי שמתאר נושא לימודי ספציפי; הזמנים נשמרו ללא שינוי.
dWkoJmTyrtI,277,594,Removing the Tire From the Rim,keep_verified,פרק YouTube אמיתי שמתאר נושא לימודי ספציפי; הזמנים נשמרו ללא שינוי.
dWkoJmTyrtI,594,1054,Reinstalling the Tire and Tube,keep_verified,פרק YouTube אמיתי שמתאר נושא לימודי ספציפי; הזמנים נשמרו ללא שינוי.
dWkoJmTyrtI,1054,1090,Seating the Bead,keep_verified,פרק YouTube אמיתי שמתאר נושא לימודי ספציפי; הזמנים נשמרו ללא שינוי.
dWkoJmTyrtI,1090,1252,Reinstalling the Wheel,keep_verified,פרק YouTube אמיתי שמתאר נושא לימודי ספציפי; הזמנים נשמרו ללא שינוי.
dWkoJmTyrtI,1252,1294,Final Thoughts,keep_verified,פרק YouTube אמיתי שמתאר נושא לימודי ספציפי; הזמנים נשמרו ללא שינוי.
46iiFjZUEUA,0,22,Intro,remove_generic,כותרת ניווט כללית שאינה מתארת תוכן לימודי.
46iiFjZUEUA,22,152,Your clutch is sloppy,keep_verified,פרק YouTube אמיתי שמתאר נושא לימודי ספציפי; הזמנים נשמרו ללא שינוי.
46iiFjZUEUA,152,273,Youre not using the rear brake,keep_verified,פרק YouTube אמיתי שמתאר נושא לימודי ספציפי; הזמנים נשמרו ללא שינוי.
46iiFjZUEUA,273,408,Youre looking down,keep_verified,פרק YouTube אמיתי שמתאר נושא לימודי ספציפי; הזמנים נשמרו ללא שינוי.
46iiFjZUEUA,408,511,Youre stiff on the bars,keep_verified,פרק YouTube אמיתי שמתאר נושא לימודי ספציפי; הזמנים נשמרו ללא שינוי.
46iiFjZUEUA,511,570,Youre too tense,keep_verified,פרק YouTube אמיתי שמתאר נושא לימודי ספציפי; הזמנים נשמרו ללא שינוי.
46iiFjZUEUA,570,645,Youre sitting too far back,keep_verified,פרק YouTube אמיתי שמתאר נושא לימודי ספציפי; הזמנים נשמרו ללא שינוי.
46iiFjZUEUA,645,715,What good position looks like,keep_verified,פרק YouTube אמיתי שמתאר נושא לימודי ספציפי; הזמנים נשמרו ללא שינוי.
46iiFjZUEUA,715,841,Youre not practicing enough,keep_verified,פרק YouTube אמיתי שמתאר נושא לימודי ספציפי; הזמנים נשמרו ללא שינוי.
46iiFjZUEUA,841,1055,Youre letting fear take the handlebars,keep_verified,פרק YouTube אמיתי שמתאר נושא לימודי ספציפי; הזמנים נשמרו ללא שינוי.
J0ijNI0HhFA,0,38,Intro,remove_generic,כותרת ניווט כללית שאינה מתארת תוכן לימודי.
J0ijNI0HhFA,38,75,Handlebars,keep_verified,פרק YouTube אמיתי שמתאר נושא לימודי ספציפי; הזמנים נשמרו ללא שינוי.
J0ijNI0HhFA,75,217,Shoulder Height,keep_verified,פרק YouTube אמיתי שמתאר נושא לימודי ספציפי; הזמנים נשמרו ללא שינוי.
J0ijNI0HhFA,217,485,Seat,keep_verified,פרק YouTube אמיתי שמתאר נושא לימודי ספציפי; הזמנים נשמרו ללא שינוי.
J0ijNI0HhFA,485,732,Conditioning,keep_verified,פרק YouTube אמיתי שמתאר נושא לימודי ספציפי; הזמנים נשמרו ללא שינוי.
J0ijNI0HhFA,732,853,Recap,remove_generic,כותרת ניווט כללית שאינה מתארת תוכן לימודי.
nM4y8J-5ZCA,0,34,Intro,remove_generic,כותרת ניווט כללית שאינה מתארת תוכן לימודי.
nM4y8J-5ZCA,34,90,Welcome,remove_generic,כותרת ניווט כללית שאינה מתארת תוכן לימודי.
nM4y8J-5ZCA,90,328,Picking up the bike,keep_verified,פרק YouTube אמיתי שמתאר נושא לימודי ספציפי; הזמנים נשמרו ללא שינוי.
nM4y8J-5ZCA,328,463,Handling the bike,keep_verified,פרק YouTube אמיתי שמתאר נושא לימודי ספציפי; הזמנים נשמרו ללא שינוי.
nM4y8J-5ZCA,463,615,Walking with the bike,keep_verified,פרק YouTube אמיתי שמתאר נושא לימודי ספציפי; הזמנים נשמרו ללא שינוי.
nM4y8J-5ZCA,615,819,Riding position,keep_verified,פרק YouTube אמיתי שמתאר נושא לימודי ספציפי; הזמנים נשמרו ללא שינוי.
nM4y8J-5ZCA,819,966,Braking,keep_verified,פרק YouTube אמיתי שמתאר נושא לימודי ספציפי; הזמנים נשמרו ללא שינוי.
nM4y8J-5ZCA,966,1141,Hill Recovery,keep_verified,פרק YouTube אמיתי שמתאר נושא לימודי ספציפי; הזמנים נשמרו ללא שינוי.
nM4y8J-5ZCA,1141,1415,Momentum,keep_verified,פרק YouTube אמיתי שמתאר נושא לימודי ספציפי; הזמנים נשמרו ללא שינוי.
XgPpLKCUlbA,0,48,Intro,remove_generic,כותרת ניווט כללית שאינה מתארת תוכן לימודי.
XgPpLKCUlbA,48,150,Chain Types,keep_verified,פרק YouTube אמיתי שמתאר נושא לימודי ספציפי; הזמנים נשמרו ללא שינוי.
XgPpLKCUlbA,150,275,Chain Inspection,keep_verified,פרק YouTube אמיתי שמתאר נושא לימודי ספציפי; הזמנים נשמרו ללא שינוי.
XgPpLKCUlbA,275,435,Master Link Inspection,keep_verified,פרק YouTube אמיתי שמתאר נושא לימודי ספציפי; הזמנים נשמרו ללא שינוי.
XgPpLKCUlbA,435,555,Chain Cleaning,keep_verified,פרק YouTube אמיתי שמתאר נושא לימודי ספציפי; הזמנים נשמרו ללא שינוי.
XgPpLKCUlbA,555,737,Chain Scrubbing,keep_verified,פרק YouTube אמיתי שמתאר נושא לימודי ספציפי; הזמנים נשמרו ללא שינוי.
XgPpLKCUlbA,737,822,Chain Lubrication,keep_verified,פרק YouTube אמיתי שמתאר נושא לימודי ספציפי; הזמנים נשמרו ללא שינוי.
XgPpLKCUlbA,822,1049,Chain Wax,keep_verified,פרק YouTube אמיתי שמתאר נושא לימודי ספציפי; הזמנים נשמרו ללא שינוי.
vVBdOqqKt-A,0,62,The fun starts where the tarmac ends,keep_verified,פרק YouTube אמיתי שמתאר נושא לימודי ספציפי; הזמנים נשמרו ללא שינוי.
vVBdOqqKt-A,62,328,Bike setup,keep_verified,פרק YouTube אמיתי שמתאר נושא לימודי ספציפי; הזמנים נשמרו ללא שינוי.
vVBdOqqKt-A,328,612,Sitting position,keep_verified,פרק YouTube אמיתי שמתאר נושא לימודי ספציפי; הזמנים נשמרו ללא שינוי.
vVBdOqqKt-A,612,886,Standing position,keep_verified,פרק YouTube אמיתי שמתאר נושא לימודי ספציפי; הזמנים נשמרו ללא שינוי.
vVBdOqqKt-A,886,1038,The 3 beginner mistakes,keep_verified,פרק YouTube אמיתי שמתאר נושא לימודי ספציפי; הזמנים נשמרו ללא שינוי.
vVBdOqqKt-A,1038,1283,Turning technique,keep_verified,פרק YouTube אמיתי שמתאר נושא לימודי ספציפי; הזמנים נשמרו ללא שינוי.
vVBdOqqKt-A,1283,1463,Braking in corners & tyre tips,keep_verified,פרק YouTube אמיתי שמתאר נושא לימודי ספציפי; הזמנים נשמרו ללא שינוי.
_4KinOAw74Q,0,101,Intro,remove_generic,כותרת ניווט כללית שאינה מתארת תוכן לימודי.
_4KinOAw74Q,101,157,Chain Wear Inspection,keep_verified,פרק YouTube אמיתי שמתאר נושא לימודי ספציפי; הזמנים נשמרו ללא שינוי.
_4KinOAw74Q,157,239,Chain Care Maintenance,keep_verified,פרק YouTube אמיתי שמתאר נושא לימודי ספציפי; הזמנים נשמרו ללא שינוי.
_4KinOAw74Q,239,340,Chain Adjustment,keep_verified,פרק YouTube אמיתי שמתאר נושא לימודי ספציפי; הזמנים נשמרו ללא שינוי.
VKCEzq_fUNg,0,57,Intro,remove_generic,כותרת ניווט כללית שאינה מתארת תוכן לימודי.
VKCEzq_fUNg,57,165,Choose a good line,keep_verified,פרק YouTube אמיתי שמתאר נושא לימודי ספציפי; הזמנים נשמרו ללא שינוי.
VKCEzq_fUNg,165,240,Use Momentum,keep_verified,פרק YouTube אמיתי שמתאר נושא לימודי ספציפי; הזמנים נשמרו ללא שינוי.
VKCEzq_fUNg,240,380,Keep Revs Up,keep_verified,פרק YouTube אמיתי שמתאר נושא לימודי ספציפי; הזמנים נשמרו ללא שינוי.
VKCEzq_fUNg,380,454,Walk It,keep_verified,פרק YouTube אמיתי שמתאר נושא לימודי ספציפי; הזמנים נשמרו ללא שינוי.
VKCEzq_fUNg,454,567,Be Able to Clear It,keep_verified,פרק YouTube אמיתי שמתאר נושא לימודי ספציפי; הזמנים נשמרו ללא שינוי.
VKCEzq_fUNg,567,607,10:07 Conclusion,keep_verified,פרק YouTube אמיתי שמתאר נושא לימודי ספציפי; הזמנים נשמרו ללא שינוי.
bYhY-nzJnqY,82,131,try to stay in this position all the way through the hill,keep_verified,פרק YouTube אמיתי שמתאר נושא לימודי ספציפי; הזמנים נשמרו ללא שינוי.
bYhY-nzJnqY,131,150,transfer more braking to the rear tire,keep_verified,פרק YouTube אמיתי שמתאר נושא לימודי ספציפי; הזמנים נשמרו ללא שינוי.
bYhY-nzJnqY,150,200,stop the rear tire from completely locking up,keep_verified,פרק YouTube אמיתי שמתאר נושא לימודי ספציפי; הזמנים נשמרו ללא שינוי.
bYhY-nzJnqY,200,220,trying to find the cleanest line in front of your front tire,keep_verified,פרק YouTube אמיתי שמתאר נושא לימודי ספציפי; הזמנים נשמרו ללא שינוי.
bYhY-nzJnqY,220,244,focused on small corrections from left to right with your front tire,keep_verified,פרק YouTube אמיתי שמתאר נושא לימודי ספציפי; הזמנים נשמרו ללא שינוי.
6_VlZuPDOSM,0,18,Intro,remove_generic,כותרת ניווט כללית שאינה מתארת תוכן לימודי.
6_VlZuPDOSM,18,275,Basics,keep_verified,פרק YouTube אמיתי שמתאר נושא לימודי ספציפי; הזמנים נשמרו ללא שינוי.
6_VlZuPDOSM,275,289,Outro,remove_generic,כותרת ניווט כללית שאינה מתארת תוכן לימודי.
wrklB5UMWOU,0,93,Intro,remove_generic,כותרת ניווט כללית שאינה מתארת תוכן לימודי.
wrklB5UMWOU,93,271,Learning the technique,keep_verified,פרק YouTube אמיתי שמתאר נושא לימודי ספציפי; הזמנים נשמרו ללא שינוי.
wrklB5UMWOU,271,404,Applying the technique,keep_verified,פרק YouTube אמיתי שמתאר נושא לימודי ספציפי; הזמנים נשמרו ללא שינוי.
wrklB5UMWOU,404,589,The most advanced part,keep_verified,פרק YouTube אמיתי שמתאר נושא לימודי ספציפי; הזמנים נשמרו ללא שינוי.
wrklB5UMWOU,589,691,The base principle,keep_verified,פרק YouTube אמיתי שמתאר נושא לימודי ספציפי; הזמנים נשמרו ללא שינוי.
jevfjCDOddA,111,218,Tank Bag,keep_verified,פרק YouTube אמיתי שמתאר נושא לימודי ספציפי; הזמנים נשמרו ללא שינוי.
jevfjCDOddA,218,281,Maps,keep_verified,פרק YouTube אמיתי שמתאר נושא לימודי ספציפי; הזמנים נשמרו ללא שינוי.
jevfjCDOddA,281,363,Battery Charger,keep_verified,פרק YouTube אמיתי שמתאר נושא לימודי ספציפי; הזמנים נשמרו ללא שינוי.
jevfjCDOddA,363,383,Dry Duffel Bag,keep_verified,פרק YouTube אמיתי שמתאר נושא לימודי ספציפי; הזמנים נשמרו ללא שינוי.
jevfjCDOddA,383,449,Clothes,keep_verified,פרק YouTube אמיתי שמתאר נושא לימודי ספציפי; הזמנים נשמרו ללא שינוי.
jevfjCDOddA,449,469,Freeze-Dried Food,keep_verified,פרק YouTube אמיתי שמתאר נושא לימודי ספציפי; הזמנים נשמרו ללא שינוי.
jevfjCDOddA,469,494,Shower Bag,keep_verified,פרק YouTube אמיתי שמתאר נושא לימודי ספציפי; הזמנים נשמרו ללא שינוי.
jevfjCDOddA,494,512,Puffy Jacket,keep_verified,פרק YouTube אמיתי שמתאר נושא לימודי ספציפי; הזמנים נשמרו ללא שינוי.
jevfjCDOddA,512,530,Keen Water Shoes,keep_verified,פרק YouTube אמיתי שמתאר נושא לימודי ספציפי; הזמנים נשמרו ללא שינוי.
jevfjCDOddA,530,650,Soft Panniers,keep_verified,פרק YouTube אמיתי שמתאר נושא לימודי ספציפי; הזמנים נשמרו ללא שינוי.
jevfjCDOddA,650,687,Tent in the Pannier,keep_verified,פרק YouTube אמיתי שמתאר נושא לימודי ספציפי; הזמנים נשמרו ללא שינוי.
jevfjCDOddA,687,721,Tire Kit,keep_verified,פרק YouTube אמיתי שמתאר נושא לימודי ספציפי; הזמנים נשמרו ללא שינוי.
jevfjCDOddA,721,735,Portable Cam Chair,keep_verified,פרק YouTube אמיתי שמתאר נושא לימודי ספציפי; הזמנים נשמרו ללא שינוי.
jevfjCDOddA,735,744,Inflatable Camp Pillow,keep_verified,פרק YouTube אמיתי שמתאר נושא לימודי ספציפי; הזמנים נשמרו ללא שינוי.
jevfjCDOddA,744,792,Therm-A-Rest Insulated Sleeping Pad,keep_verified,פרק YouTube אמיתי שמתאר נושא לימודי ספציפי; הזמנים נשמרו ללא שינוי.
jevfjCDOddA,792,815,Straps,keep_verified,פרק YouTube אמיתי שמתאר נושא לימודי ספציפי; הזמנים נשמרו ללא שינוי.
jevfjCDOddA,815,884,Soft Cooler,keep_verified,פרק YouTube אמיתי שמתאר נושא לימודי ספציפי; הזמנים נשמרו ללא שינוי.
OFWtuGVuA2I,0,56,Intro,remove_generic,כותרת ניווט כללית שאינה מתארת תוכן לימודי.
OFWtuGVuA2I,56,115,Base setting,keep_verified,פרק YouTube אמיתי שמתאר נושא לימודי ספציפי; הזמנים נשמרו ללא שינוי.
OFWtuGVuA2I,115,158,Frequency and size,keep_verified,פרק YouTube אמיתי שמתאר נושא לימודי ספציפי; הזמנים נשמרו ללא שינוי.
OFWtuGVuA2I,158,206,SAG,keep_verified,פרק YouTube אמיתי שמתאר נושא לימודי ספציפי; הזמנים נשמרו ללא שינוי.
OFWtuGVuA2I,206,287,Measure,keep_verified,פרק YouTube אמיתי שמתאר נושא לימודי ספציפי; הזמנים נשמרו ללא שינוי.
OFWtuGVuA2I,287,373,Position,keep_verified,פרק YouTube אמיתי שמתאר נושא לימודי ספציפי; הזמנים נשמרו ללא שינוי.
OFWtuGVuA2I,373,431,Risers,keep_verified,פרק YouTube אמיתי שמתאר נושא לימודי ספציפי; הזמנים נשמרו ללא שינוי.
OFWtuGVuA2I,431,467,Foot controls,keep_verified,פרק YouTube אמיתי שמתאר נושא לימודי ספציפי; הזמנים נשמרו ללא שינוי.
OFWtuGVuA2I,467,504,Basic position,keep_verified,פרק YouTube אמיתי שמתאר נושא לימודי ספציפי; הזמנים נשמרו ללא שינוי.
OFWtuGVuA2I,504,534,High position,keep_verified,פרק YouTube אמיתי שמתאר נושא לימודי ספציפי; הזמנים נשמרו ללא שינוי.
OFWtuGVuA2I,534,641,Tire pressures,keep_verified,פרק YouTube אמיתי שמתאר נושא לימודי ספציפי; הזמנים נשמרו ללא שינוי.
OFWtuGVuA2I,641,697,Suspension,keep_verified,פרק YouTube אמיתי שמתאר נושא לימודי ספציפי; הזמנים נשמרו ללא שינוי.
OFWtuGVuA2I,697,824,Fork settings,keep_verified,פרק YouTube אמיתי שמתאר נושא לימודי ספציפי; הזמנים נשמרו ללא שינוי.
vQo1kb3kL60,0,83,Introduction,remove_generic,כותרת ניווט כללית שאינה מתארת תוכן לימודי.
vQo1kb3kL60,83,172,Gravel Feels Wobbly,keep_verified,פרק YouTube אמיתי שמתאר נושא לימודי ספציפי; הזמנים נשמרו ללא שינוי.
vQo1kb3kL60,172,278,Straight Lines,keep_verified,פרק YouTube אמיתי שמתאר נושא לימודי ספציפי; הזמנים נשמרו ללא שינוי.
vQo1kb3kL60,278,336,Trust Your Tires,keep_verified,פרק YouTube אמיתי שמתאר נושא לימודי ספציפי; הזמנים נשמרו ללא שינוי.
vQo1kb3kL60,336,477,Stand Up,keep_verified,פרק YouTube אמיתי שמתאר נושא לימודי ספציפי; הזמנים נשמרו ללא שינוי.
vQo1kb3kL60,477,572,Lean The Bike Underneath You,keep_verified,פרק YouTube אמיתי שמתאר נושא לימודי ספציפי; הזמנים נשמרו ללא שינוי.
vQo1kb3kL60,572,625,Outro,remove_generic,כותרת ניווט כללית שאינה מתארת תוכן לימודי.
AWd4shge0qc,0,18,Intro,remove_generic,כותרת ניווט כללית שאינה מתארת תוכן לימודי.
AWd4shge0qc,18,374,ICON,keep_verified,פרק YouTube אמיתי שמתאר נושא לימודי ספציפי; הזמנים נשמרו ללא שינוי.
AWd4shge0qc,374,421,Conclusion,remove_generic,כותרת ניווט כללית שאינה מתארת תוכן לימודי.
rmWQKoN6yX0,0,96,Intro,remove_generic,כותרת ניווט כללית שאינה מתארת תוכן לימודי.
rmWQKoN6yX0,96,214,Boot,keep_verified,פרק YouTube אמיתי שמתאר נושא לימודי ספציפי; הזמנים נשמרו ללא שינוי.
rmWQKoN6yX0,214,308,Injuries,keep_verified,פרק YouTube אמיתי שמתאר נושא לימודי ספציפי; הזמנים נשמרו ללא שינוי.
rmWQKoN6yX0,308,482,Head Injury,keep_verified,פרק YouTube אמיתי שמתאר נושא לימודי ספציפי; הזמנים נשמרו ללא שינוי.
rmWQKoN6yX0,482,622,Jackets Pants,keep_verified,פרק YouTube אמיתי שמתאר נושא לימודי ספציפי; הזמנים נשמרו ללא שינוי.
Kt3mVmoityo,0,78,Intro,remove_generic,כותרת ניווט כללית שאינה מתארת תוכן לימודי.
Kt3mVmoityo,78,372,Riding Positions,keep_verified,פרק YouTube אמיתי שמתאר נושא לימודי ספציפי; הזמנים נשמרו ללא שינוי.
Kt3mVmoityo,372,434,Outro,remove_generic,כותרת ניווט כללית שאינה מתארת תוכן לימודי.
TujQZ4bRgjQ,0,51,Intro,remove_generic,כותרת ניווט כללית שאינה מתארת תוכן לימודי.
TujQZ4bRgjQ,51,131,Two Wheeler Mode,keep_verified,פרק YouTube אמיתי שמתאר נושא לימודי ספציפי; הזמנים נשמרו ללא שינוי.
TujQZ4bRgjQ,131,191,Tips for Best Routes,keep_verified,פרק YouTube אמיתי שמתאר נושא לימודי ספציפי; הזמנים נשמרו ללא שינוי.
TujQZ4bRgjQ,191,226,Elevation Change Info,keep_verified,פרק YouTube אמיתי שמתאר נושא לימודי ספציפי; הזמנים נשמרו ללא שינוי.
TujQZ4bRgjQ,226,250,Street View,keep_verified,פרק YouTube אמיתי שמתאר נושא לימודי ספציפי; הזמנים נשמרו ללא שינוי.
TujQZ4bRgjQ,250,295,Share and Save Routes,keep_verified,פרק YouTube אמיתי שמתאר נושא לימודי ספציפי; הזמנים נשמרו ללא שינוי.
TujQZ4bRgjQ,295,341,Google My Maps,keep_verified,פרק YouTube אמיתי שמתאר נושא לימודי ספציפי; הזמנים נשמרו ללא שינוי.
TujQZ4bRgjQ,341,427,Google Maps worth it?,keep_verified,פרק YouTube אמיתי שמתאר נושא לימודי ספציפי; הזמנים נשמרו ללא שינוי.
kInjwfYnVYU,0,50,INTRO,remove_generic,כותרת ניווט כללית שאינה מתארת תוכן לימודי.
kInjwfYnVYU,50,350,GOOGLE MAPS,keep_verified,פרק YouTube אמיתי שמתאר נושא לימודי ספציפי; הזמנים נשמרו ללא שינוי.
kInjwfYnVYU,350,457,WAZE,keep_verified,פרק YouTube אמיתי שמתאר נושא לימודי ספציפי; הזמנים נשמרו ללא שינוי.
kInjwfYnVYU,457,602,THE CASE FOR GPX,keep_verified,פרק YouTube אמיתי שמתאר נושא לימודי ספציפי; הזמנים נשמרו ללא שינוי.
kInjwfYnVYU,602,670,BEST WAY TO PLAN,keep_verified,פרק YouTube אמיתי שמתאר נושא לימודי ספציפי; הזמנים נשמרו ללא שינוי.
tNUbI03Pw4I,26,49,Plug Kit & Patch Kit Be Prepaired for Tube and Tubeless Flats,keep_verified,פרק YouTube אמיתי שמתאר נושא לימודי ספציפי; הזמנים נשמרו ללא שינוי.
tNUbI03Pw4I,49,71,Tools! Axle Tools - Pinch Bolt Tools Create a Tool Kit for all of the Accessable Fasteners on you Bike,keep_verified,פרק YouTube אמיתי שמתאר נושא לימודי ספציפי; הזמנים נשמרו ללא שינוי.
tNUbI03Pw4I,71,74,Remove the Wheel Axle Bolt - Pinch Bolts - Caliper Bolts,keep_verified,פרק YouTube אמיתי שמתאר נושא לימודי ספציפי; הזמנים נשמרו ללא שינוי.
tNUbI03Pw4I,74,89,Break the Bead We are using Motion Pro Bead Pro Tire Irons,keep_verified,פרק YouTube אמיתי שמתאר נושא לימודי ספציפי; הזמנים נשמרו ללא שינוי.
tNUbI03Pw4I,89,116,PREP the Surface Super Important for a Good Repair,keep_verified,פרק YouTube אמיתי שמתאר נושא לימודי ספציפי; הזמנים נשמרו ללא שינוי.
tNUbI03Pw4I,116,164,Air Up the Tire Seat the Bead - Check for Leaks,keep_verified,פרק YouTube אמיתי שמתאר נושא לימודי ספציפי; הזמנים נשמרו ללא שינוי.
pNDdOJsAslg,158,235,Clutch,keep_verified,פרק YouTube אמיתי שמתאר נושא לימודי ספציפי; הזמנים נשמרו ללא שינוי.
pNDdOJsAslg,235,260,Weight,keep_verified,פרק YouTube אמיתי שמתאר נושא לימודי ספציפי; הזמנים נשמרו ללא שינוי.
pNDdOJsAslg,260,353,Body Position,keep_verified,פרק YouTube אמיתי שמתאר נושא לימודי ספציפי; הזמנים נשמרו ללא שינוי.
pNDdOJsAslg,353,407,Standing Up,keep_verified,פרק YouTube אמיתי שמתאר נושא לימודי ספציפי; הזמנים נשמרו ללא שינוי.
pNDdOJsAslg,407,483,Tracks,keep_verified,פרק YouTube אמיתי שמתאר נושא לימודי ספציפי; הזמנים נשמרו ללא שינוי.
pNDdOJsAslg,483,640,Pulling Away,keep_verified,פרק YouTube אמיתי שמתאר נושא לימודי ספציפי; הזמנים נשמרו ללא שינוי.
pNDdOJsAslg,640,720,Speed,keep_verified,פרק YouTube אמיתי שמתאר נושא לימודי ספציפי; הזמנים נשמרו ללא שינוי.
_FzURX3rpyM,0,50,Intro,remove_generic,כותרת ניווט כללית שאינה מתארת תוכן לימודי.
_FzURX3rpyM,50,135,Foot Pegs,keep_verified,פרק YouTube אמיתי שמתאר נושא לימודי ספציפי; הזמנים נשמרו ללא שינוי.
_FzURX3rpyM,135,200,Straight Legs,keep_verified,פרק YouTube אמיתי שמתאר נושא לימודי ספציפי; הזמנים נשמרו ללא שינוי.
_FzURX3rpyM,200,288,Hand Position,keep_verified,פרק YouTube אמיתי שמתאר נושא לימודי ספציפי; הזמנים נשמרו ללא שינוי.
_FzURX3rpyM,288,381,Summary,remove_generic,כותרת ניווט כללית שאינה מתארת תוכן לימודי.
eqcDXVEtW9Q,0,30,Intro,remove_generic,כותרת ניווט כללית שאינה מתארת תוכן לימודי.
eqcDXVEtW9Q,30,83,Advanced Standing Position,keep_verified,פרק YouTube אמיתי שמתאר נושא לימודי ספציפי; הזמנים נשמרו ללא שינוי.
eqcDXVEtW9Q,83,161,Vertical Movement,keep_verified,פרק YouTube אמיתי שמתאר נושא לימודי ספציפי; הזמנים נשמרו ללא שינוי.
eqcDXVEtW9Q,161,273,Forward Backward Movement,keep_verified,פרק YouTube אמיתי שמתאר נושא לימודי ספציפי; הזמנים נשמרו ללא שינוי.
eqcDXVEtW9Q,273,373,Sideways Movement,keep_verified,פרק YouTube אמיתי שמתאר נושא לימודי ספציפי; הזמנים נשמרו ללא שינוי.
eqcDXVEtW9Q,373,454,Summary,remove_generic,כותרת ניווט כללית שאינה מתארת תוכן לימודי.
oW1fVY2m7JI,0,119,<Untitled Chapter 1>,remove_generic,כותרת ניווט כללית שאינה מתארת תוכן לימודי.
oW1fVY2m7JI,119,167,You Should Only Use Your Rear Brake When off-Road,keep_verified,פרק YouTube אמיתי שמתאר נושא לימודי ספציפי; הזמנים נשמרו ללא שינוי.
oW1fVY2m7JI,167,182,Stopping Distance of the Off-Road Abs,keep_verified,פרק YouTube אמיתי שמתאר נושא לימודי ספציפי; הזמנים נשמרו ללא שינוי.
oW1fVY2m7JI,182,206,Conclusion,remove_generic,כותרת ניווט כללית שאינה מתארת תוכן לימודי.
nBhWbHKCkks,15,54,Strong Side Elephant Turn,keep_verified,פרק YouTube אמיתי שמתאר נושא לימודי ספציפי; הזמנים נשמרו ללא שינוי.
nBhWbHKCkks,54,88,Balance The GS,keep_verified,פרק YouTube אמיתי שמתאר נושא לימודי ספציפי; הזמנים נשמרו ללא שינוי.
nBhWbHKCkks,88,144,Rope Around A “Tree”,keep_verified,פרק YouTube אמיתי שמתאר נושא לימודי ספציפי; הזמנים נשמרו ללא שינוי.
nBhWbHKCkks,144,176,Hit The Target,keep_verified,פרק YouTube אמיתי שמתאר נושא לימודי ספציפי; הזמנים נשמרו ללא שינוי.
nBhWbHKCkks,176,203,Brake To A Stop,keep_verified,פרק YouTube אמיתי שמתאר נושא לימודי ספציפי; הזמנים נשמרו ללא שינוי.
nBhWbHKCkks,203,260,Full Lock U – Turn,keep_verified,פרק YouTube אמיתי שמתאר נושא לימודי ספציפי; הזמנים נשמרו ללא שינוי.
nBhWbHKCkks,260,292,Park The GS,keep_verified,פרק YouTube אמיתי שמתאר נושא לימודי ספציפי; הזמנים נשמרו ללא שינוי.
nBhWbHKCkks,292,344,Cone Slalom/Weave,keep_verified,פרק YouTube אמיתי שמתאר נושא לימודי ספציפי; הזמנים נשמרו ללא שינוי.
nBhWbHKCkks,344,412,Tennis Ball Slalom,keep_verified,פרק YouTube אמיתי שמתאר נושא לימודי ספציפי; הזמנים נשמרו ללא שינוי.
nBhWbHKCkks,412,483,Figure 8,keep_verified,פרק YouTube אמיתי שמתאר נושא לימודי ספציפי; הזמנים נשמרו ללא שינוי.
nBhWbHKCkks,483,537,GS Garage,keep_verified,פרק YouTube אמיתי שמתאר נושא לימודי ספציפי; הזמנים נשמרו ללא שינוי.
nBhWbHKCkks,537,546,Ride On A Plank,keep_verified,פרק YouTube אמיתי שמתאר נושא לימודי ספציפי; הזמנים נשמרו ללא שינוי.
nBhWbHKCkks,546,587,Ride Between The “Logs”,keep_verified,פרק YouTube אמיתי שמתאר נושא לימודי ספציפי; הזמנים נשמרו ללא שינוי.
nBhWbHKCkks,587,637,Ride on 1 Peg,keep_verified,פרק YouTube אמיתי שמתאר נושא לימודי ספציפי; הזמנים נשמרו ללא שינוי.
nBhWbHKCkks,637,677,Slow Race,keep_verified,פרק YouTube אמיתי שמתאר נושא לימודי ספציפי; הזמנים נשמרו ללא שינוי.
nBhWbHKCkks,677,707,Stand Up – Pull Away,keep_verified,פרק YouTube אמיתי שמתאר נושא לימודי ספציפי; הזמנים נשמרו ללא שינוי.
nBhWbHKCkks,707,743,Bloopers,remove_generic,קטע פספוסים שאינו תחנת לימוד ולכן הוסר מן הניווט.
cM4YrRjKVUc,33,92,Ground Rules,keep_verified,פרק YouTube אמיתי שמתאר נושא לימודי ספציפי; הזמנים נשמרו ללא שינוי.
cM4YrRjKVUc,92,405,Vision,keep_verified,פרק YouTube אמיתי שמתאר נושא לימודי ספציפי; הזמנים נשמרו ללא שינוי.
cM4YrRjKVUc,405,454,The Dip and Go,keep_verified,פרק YouTube אמיתי שמתאר נושא לימודי ספציפי; הזמנים נשמרו ללא שינוי.
cM4YrRjKVUc,454,536,Set Your Controls Up,keep_verified,פרק YouTube אמיתי שמתאר נושא לימודי ספציפי; הזמנים נשמרו ללא שינוי.
cM4YrRjKVUc,536,617,Pro Tip,keep_verified,פרק YouTube אמיתי שמתאר נושא לימודי ספציפי; הזמנים נשמרו ללא שינוי.
