id,youtube_video_id,youtube_url,original_or_new,language,channel_name,source_type,metadata_checked,description_checked,youtube_chapters_checked,captions_checked,transcript_checked,visual_review_performed,visual_timestamp_ranges,embed_checked,evidence_types,classification_confidence_before,classification_confidence_after,fields_reviewed,fields_changed,chapter_result,decision,decision_reason_he,review_notes_he,reviewed_at
yt-UsOGqaTH3d0,UsOGqaTH3d0,https://www.youtube.com/watch?v=UsOGqaTH3d0,original,en,Bret Tkacs ADV,professional_instructor,True,True,True,True,True,False,,True,description;chapters;transcript,high,high,summary_he;learning_points_he;fit_for_he;why_watch_he;exercises_he;equipment_he;safety_warnings_he;common_mistakes_he;quality_score;quality_reason_he;skill_level;risk_level;domain;primary_category;secondary_categories;tags;motorcycle_types;motorcycle_weight_classes;terrain_types;road_conditions;chapters;verification;last_checked,chapters;last_checked;verification;why_watch_he;fit_for_he;quality_reason_he,removed_generic=2,retain,הראיות והסיווג נמצאו תואמים; נשמרה הרשומה המאומתת.,הרשומה נבדקה מחדש מול מטא־דאטה חי וראיות התוכן המתועדות; לא נשמר תמלול בפרויקט.,2026-08-04T12:00:00+03:00
yt-fqm0Oj9G8QU,fqm0Oj9G8QU,https://www.youtube.com/watch?v=fqm0Oj9G8QU,original,en,Bret Tkacs ADV,professional_instructor,True,True,True,True,True,False,,True,description;transcript,high,high,summary_he;learning_points_he;fit_for_he;why_watch_he;exercises_he;equipment_he;safety_warnings_he;common_mistakes_he;quality_score;quality_reason_he;skill_level;risk_level;domain;primary_category;secondary_categories;tags;motorcycle_types;motorcycle_weight_classes;terrain_types;road_conditions;chapters;verification;last_checked,chapters;last_checked;verification;why_watch_he;fit_for_he;quality_reason_he,removed_generic=0,retain,הראיות והסיווג נמצאו תואמים; נשמרה הרשומה המאומתת.,הרשומה נבדקה מחדש מול מטא־דאטה חי וראיות התוכן המתועדות; לא נשמר תמלול בפרויקט.,2026-08-04T12:00:00+03:00
yt-q58g03DSHIs,q58g03DSHIs,https://www.youtube.com/watch?v=q58g03DSHIs,original,en,MOTOTREK,training_channel,True,True,True,True,True,False,,True,description;chapters;transcript,high,high,summary_he;learning_points_he;fit_for_he;why_watch_he;exercises_he;equipment_he;safety_warnings_he;common_mistakes_he;quality_score;quality_reason_he;skill_level;risk_level;domain;primary_category;secondary_categories;tags;motorcycle_types;motorcycle_weight_classes;terrain_types;road_conditions;chapters;verification;last_checked,chapters;last_checked;verification;why_watch_he;fit_for_he;quality_reason_he,removed_generic=0,retain,הראיות והסיווג נמצאו תואמים; נשמרה הרשומה המאומתת.,הרשומה נבדקה מחדש מול מטא־דאטה חי וראיות התוכן המתועדות; לא נשמר תמלול בפרויקט.,2026-08-04T12:00:00+03:00
yt-GqfRGMw8gvQ,GqfRGMw8gvQ,https://www.youtube.com/watch?v=GqfRGMw8gvQ,original,en,MOTOTREK,training_channel,True,True,True,True,True,False,,True,description;chapters;transcript,high,high,summary_he;learning_points_he;fit_for_he;why_watch_he;exercises_he;equipment_he;safety_warnings_he;common_mistakes_he;quality_score;quality_reason_he;skill_level;risk_level;domain;primary_category;secondary_categories;tags;motorcycle_types;motorcycle_weight_classes;terrain_types;road_conditions;chapters;verification;last_checked,chapters;last_checked;verification;why_watch_he;fit_for_he;quality_reason_he,removed_generic=1,retain,הראיות והסיווג נמצאו תואמים; נשמרה הרשומה המאומתת.,הרשומה נבדקה מחדש מול מטא־דאטה חי וראיות התוכן המתועדות; לא נשמר תמלול בפרויקט.,2026-08-04T12:00:00+03:00
yt-RmOMjoe8G1g,RmOMjoe8G1g,https://www.youtube.com/watch?v=RmOMjoe8G1g,original,en,Bret Tkacs ADV,professional_instructor,True,True,True,True,True,False,,True,description;transcript,high,high,summary_he;learning_points_he;fit_for_he;why_watch_he;exercises_he;equipment_he;safety_warnings_he;common_mistakes_he;quality_score;quality_reason_he;skill_level;risk_level;domain;primary_category;secondary_categories;tags;motorcycle_types;motorcycle_weight_classes;terrain_types;road_conditions;chapters;verification;last_checked,chapters;last_checked;verification;why_watch_he;fit_for_he;quality_reason_he,removed_generic=0,retain,הראיות והסיווג נמצאו תואמים; נשמרה הרשומה המאומתת.,הרשומה נבדקה מחדש מול מטא־דאטה חי וראיות התוכן המתועדות; לא נשמר תמלול בפרויקט.,2026-08-04T12:00:00+03:00
yt--rQwIXp4Zu8,-rQwIXp4Zu8,https://www.youtube.com/watch?v=-rQwIXp4Zu8,original,en,Bret Tkacs ADV,professional_instructor,True,True,True,True,True,False,,True,description;transcript,high,high,summary_he;learning_points_he;fit_for_he;why_watch_he;exercises_he;equipment_he;safety_warnings_he;common_mistakes_he;quality_score;quality_reason_he;skill_level;risk_level;domain;primary_category;secondary_categories;tags;motorcycle_types;motorcycle_weight_classes;terrain_types;road_conditions;chapters;verification;last_checked,chapters;last_checked;verification;why_watch_he;fit_for_he;quality_reason_he,removed_generic=0,retain,הראיות והסיווג נמצאו תואמים; נשמרה הרשומה המאומתת.,הרשומה נבדקה מחדש מול מטא־דאטה חי וראיות התוכן המתועדות; לא נשמר תמלול בפרויקט.,2026-08-04T12:00:00+03:00
yt--XhyYOfp7zg,-XhyYOfp7zg,https://www.youtube.com/watch?v=-XhyYOfp7zg,original,en,Bret Tkacs ADV,professional_instructor,True,True,True,True,True,False,,True,description;chapters;transcript,high,high,summary_he;learning_points_he;fit_for_he;why_watch_he;exercises_he;equipment_he;safety_warnings_he;common_mistakes_he;quality_score;quality_reason_he;skill_level;risk_level;domain;primary_category;secondary_categories;tags;motorcycle_types;motorcycle_weight_classes;terrain_types;road_conditions;chapters;verification;last_checked,chapters;last_checked;verification;why_watch_he;fit_for_he;quality_reason_he,removed_generic=3,retain,הראיות והסיווג נמצאו תואמים; נשמרה הרשומה המאומתת.,הרשומה נבדקה מחדש מול מטא־דאטה חי וראיות התוכן המתועדות; לא נשמר תמלול בפרויקט.,2026-08-04T12:00:00+03:00
yt-PpjmdnYLqsU,PpjmdnYLqsU,https://www.youtube.com/watch?v=PpjmdnYLqsU,original,en,Bret Tkacs ADV,professional_instructor,True,True,True,True,True,False,,True,description;transcript,high,high,summary_he;learning_points_he;fit_for_he;why_watch_he;exercises_he;equipment_he;safety_warnings_he;common_mistakes_he;quality_score;quality_reason_he;skill_level;risk_level;domain;primary_category;secondary_categories;tags;motorcycle_types;motorcycle_weight_classes;terrain_types;road_conditions;chapters;verification;last_checked,chapters;last_checked;verification;why_watch_he;fit_for_he;quality_reason_he,removed_generic=0,retain,הראיות והסיווג נמצאו תואמים; נשמרה הרשומה המאומתת.,הרשומה נבדקה מחדש מול מטא־דאטה חי וראיות התוכן המתועדות; לא נשמר תמלול בפרויקט.,2026-08-04T12:00:00+03:00
yt-UuoceB8wp4Q,UuoceB8wp4Q,https://www.youtube.com/watch?v=UuoceB8wp4Q,original,en,Bret Tkacs ADV,professional_instructor,True,True,True,True,True,False,,True,description;transcript,high,high,summary_he;learning_points_he;fit_for_he;why_watch_he;exercises_he;equipment_he;safety_warnings_he;common_mistakes_he;quality_score;quality_reason_he;skill_level;risk_level;domain;primary_category;secondary_categories;tags;motorcycle_types;motorcycle_weight_classes;terrain_types;road_conditions;chapters;verification;last_checked,chapters;last_checked;verification;why_watch_he;fit_for_he;quality_reason_he,removed_generic=0,retain,הראיות והסיווג נמצאו תואמים; נשמרה הרשומה המאומתת.,הרשומה נבדקה מחדש מול מטא־דאטה חי וראיות התוכן המתועדות; לא נשמר תמלול בפרויקט.,2026-08-04T12:00:00+03:00
yt-UHkVHDFNUqU,UHkVHDFNUqU,https://www.youtube.com/watch?v=UHkVHDFNUqU,original,en,Bret Tkacs ADV,professional_instructor,True,True,True,True,True,False,,True,description;transcript,high,high,summary_he;learning_points_he;fit_for_he;why_watch_he;exercises_he;equipment_he;safety_warnings_he;common_mistakes_he;quality_score;quality_reason_he;skill_level;risk_level;domain;primary_category;secondary_categories;tags;motorcycle_types;motorcycle_weight_classes;terrain_types;road_conditions;chapters;verification;last_checked,chapters;last_checked;verification;why_watch_he;fit_for_he;quality_reason_he,removed_generic=0,retain,הראיות והסיווג נמצאו תואמים; נשמרה הרשומה המאומתת.,הרשומה נבדקה מחדש מול מטא־דאטה חי וראיות התוכן המתועדות; לא נשמר תמלול בפרויקט.,2026-08-04T12:00:00+03:00
yt-_yZRZN_X9sQ,_yZRZN_X9sQ,https://www.youtube.com/watch?v=_yZRZN_X9sQ,original,en,Bret Tkacs ADV,professional_instructor,True,True,True,True,True,False,,True,description;transcript,high,high,summary_he;learning_points_he;fit_for_he;why_watch_he;exercises_he;equipment_he;safety_warnings_he;common_mistakes_he;quality_score;quality_reason_he;skill_level;risk_level;domain;primary_category;secondary_categories;tags;motorcycle_types;motorcycle_weight_classes;terrain_types;road_conditions;chapters;verification;last_checked,chapters;last_checked;verification;why_watch_he;fit_for_he;quality_reason_he,removed_generic=0,retain,הראיות והסיווג נמצאו תואמים; נשמרה הרשומה המאומתת.,הרשומה נבדקה מחדש מול מטא־דאטה חי וראיות התוכן המתועדות; לא נשמר תמלול בפרויקט.,2026-08-04T12:00:00+03:00
yt-Ykxd14ynecQ,Ykxd14ynecQ,https://www.youtube.com/watch?v=Ykxd14ynecQ,original,en,MOTOTREK,training_channel,True,True,True,True,True,False,,True,description;chapters;transcript,high,high,summary_he;learning_points_he;fit_for_he;why_watch_he;exercises_he;equipment_he;safety_warnings_he;common_mistakes_he;quality_score;quality_reason_he;skill_level;risk_level;domain;primary_category;secondary_categories;tags;motorcycle_types;motorcycle_weight_classes;terrain_types;road_conditions;chapters;verification;last_checked,chapters;last_checked;verification;why_watch_he;fit_for_he;quality_reason_he,removed_generic=1,retain,הראיות והסיווג נמצאו תואמים; נשמרה הרשומה המאומתת.,הרשומה נבדקה מחדש מול מטא־דאטה חי וראיות התוכן המתועדות; לא נשמר תמלול בפרויקט.,2026-08-04T12:00:00+03:00
yt-EJNSrWDQYUY,EJNSrWDQYUY,https://www.youtube.com/watch?v=EJNSrWDQYUY,original,en,MOTOTREK,training_channel,True,True,True,True,True,False,,True,description;chapters;transcript,high,high,summary_he;learning_points_he;fit_for_he;why_watch_he;exercises_he;equipment_he;safety_warnings_he;common_mistakes_he;quality_score;quality_reason_he;skill_level;risk_level;domain;primary_category;secondary_categories;tags;motorcycle_types;motorcycle_weight_classes;terrain_types;road_conditions;chapters;verification;last_checked,chapters;last_checked;verification;why_watch_he;fit_for_he;quality_reason_he,removed_generic=1;removed_wrap_up=1,retain,הראיות והסיווג נמצאו תואמים; נשמרה הרשומה המאומתת.,הרשומה נבדקה מחדש מול מטא־דאטה חי וראיות התוכן המתועדות; לא נשמר תמלול בפרויקט.,2026-08-04T12:00:00+03:00
yt-hN0vylh__lo,hN0vylh__lo,https://www.youtube.com/watch?v=hN0vylh__lo,original,en,MOTOTREK,training_channel,True,True,True,True,True,False,,True,description;chapters;transcript,high,high,summary_he;learning_points_he;fit_for_he;why_watch_he;exercises_he;equipment_he;safety_warnings_he;common_mistakes_he;quality_score;quality_reason_he;skill_level;risk_level;domain;primary_category;secondary_categories;tags;motorcycle_types;motorcycle_weight_classes;terrain_types;road_conditions;chapters;verification;last_checked,chapters;last_checked;verification;why_watch_he;fit_for_he;quality_reason_he,removed_generic=0,retain,הראיות והסיווג נמצאו תואמים; נשמרה הרשומה המאומתת.,הרשומה נבדקה מחדש מול מטא־דאטה חי וראיות התוכן המתועדות; לא נשמר תמלול בפרויקט.,2026-08-04T12:00:00+03:00
yt-7b5FPbTxfs8,7b5FPbTxfs8,https://www.youtube.com/watch?v=7b5FPbTxfs8,original,en,MOTOTREK,training_channel,True,True,True,True,True,False,,True,description;chapters;transcript,high,high,summary_he;learning_points_he;fit_for_he;why_watch_he;exercises_he;equipment_he;safety_warnings_he;common_mistakes_he;quality_score;quality_reason_he;skill_level;risk_level;domain;primary_category;secondary_categories;tags;motorcycle_types;motorcycle_weight_classes;terrain_types;road_conditions;chapters;verification;last_checked,chapters;last_checked;verification;why_watch_he;fit_for_he;quality_reason_he,removed_generic=0,retain,הראיות והסיווג נמצאו תואמים; נשמרה הרשומה המאומתת.,הרשומה נבדקה מחדש מול מטא־דאטה חי וראיות התוכן המתועדות; לא נשמר תמלול בפרויקט.,2026-08-04T12:00:00+03:00
yt-HevLOY3Bzdg,HevLOY3Bzdg,https://www.youtube.com/watch?v=HevLOY3Bzdg,original,en,MOTOTREK,training_channel,True,True,True,True,True,False,,True,description;chapters;transcript,high,high,summary_he;learning_points_he;fit_for_he;why_watch_he;exercises_he;equipment_he;safety_warnings_he;common_mistakes_he;quality_score;quality_reason_he;skill_level;risk_level;domain;primary_category;secondary_categories;tags;motorcycle_types;motorcycle_weight_classes;terrain_types;road_conditions;chapters;verification;last_checked,chapters;last_checked;verification;why_watch_he;fit_for_he;quality_reason_he,removed_generic=0,retain,הראיות והסיווג נמצאו תואמים; נשמרה הרשומה המאומתת.,הרשומה נבדקה מחדש מול מטא־דאטה חי וראיות התוכן המתועדות; לא נשמר תמלול בפרויקט.,2026-08-04T12:00:00+03:00
yt-sqWbMOZ4DOA,sqWbMOZ4DOA,https://www.youtube.com/watch?v=sqWbMOZ4DOA,original,en,MOTOTREK,training_channel,True,True,True,True,True,False,,True,description;chapters;transcript,high,high,summary_he;learning_points_he;fit_for_he;why_watch_he;exercises_he;equipment_he;safety_warnings_he;common_mistakes_he;quality_score;quality_reason_he;skill_level;risk_level;domain;primary_category;secondary_categories;tags;motorcycle_types;motorcycle_weight_classes;terrain_types;road_conditions;chapters;verification;last_checked,chapters;last_checked;verification;why_watch_he;fit_for_he;quality_reason_he,removed_generic=0,retain,הראיות והסיווג נמצאו תואמים; נשמרה הרשומה המאומתת.,הרשומה נבדקה מחדש מול מטא־דאטה חי וראיות התוכן המתועדות; לא נשמר תמלול בפרויקט.,2026-08-04T12:00:00+03:00
yt-dh_YkU5jE8E,dh_YkU5jE8E,https://www.youtube.com/watch?v=dh_YkU5jE8E,original,en,MOTOTREK,training_channel,True,True,True,True,True,False,,True,description;transcript,high,high,summary_he;learning_points_he;fit_for_he;why_watch_he;exercises_he;equipment_he;safety_warnings_he;common_mistakes_he;quality_score;quality_reason_he;skill_level;risk_level;domain;primary_category;secondary_categories;tags;motorcycle_types;motorcycle_weight_classes;terrain_types;road_conditions;chapters;verification;last_checked,chapters;last_checked;verification;why_watch_he;fit_for_he;quality_reason_he,removed_generic=0,retain,הראיות והסיווג נמצאו תואמים; נשמרה הרשומה המאומתת.,הרשומה נבדקה מחדש מול מטא־דאטה חי וראיות התוכן המתועדות; לא נשמר תמלול בפרויקט.,2026-08-04T12:00:00+03:00
yt-vWdFiGoTOBA,vWdFiGoTOBA,https://www.youtube.com/watch?v=vWdFiGoTOBA,original,en,MOTOTREK,training_channel,True,True,True,True,True,False,,True,description;chapters;transcript,high,high,summary_he;learning_points_he;fit_for_he;why_watch_he;exercises_he;equipment_he;safety_warnings_he;common_mistakes_he;quality_score;quality_reason_he;skill_level;risk_level;domain;primary_category;secondary_categories;tags;motorcycle_types;motorcycle_weight_classes;terrain_types;road_conditions;chapters;verification;last_checked,chapters;last_checked;verification;why_watch_he;fit_for_he;quality_reason_he,removed_generic=1,retain,הראיות והסיווג נמצאו תואמים; נשמרה הרשומה המאומתת.,הרשומה נבדקה מחדש מול מטא־דאטה חי וראיות התוכן המתועדות; לא נשמר תמלול בפרויקט.,2026-08-04T12:00:00+03:00
yt-rlcGpTJl16U,rlcGpTJl16U,https://www.youtube.com/watch?v=rlcGpTJl16U,original,en,MOTOTREK,training_channel,True,True,True,True,True,False,,True,description;chapters;transcript,high,high,summary_he;learning_points_he;fit_for_he;why_watch_he;exercises_he;equipment_he;safety_warnings_he;common_mistakes_he;quality_score;quality_reason_he;skill_level;risk_level;domain;primary_category;secondary_categories;tags;motorcycle_types;motorcycle_weight_classes;terrain_types;road_conditions;chapters;verification;last_checked,chapters;last_checked;verification;why_watch_he;fit_for_he;quality_reason_he,removed_generic=0,retain,הראיות והסיווג נמצאו תואמים; נשמרה הרשומה המאומתת.,הרשומה נבדקה מחדש מול מטא־דאטה חי וראיות התוכן המתועדות; לא נשמר תמלול בפרויקט.,2026-08-04T12:00:00+03:00
yt-7aNhswQC7tU,7aNhswQC7tU,https://www.youtube.com/watch?v=7aNhswQC7tU,original,en,Bret Tkacs ADV,professional_instructor,True,True,True,True,True,False,,True,description;transcript,high,high,summary_he;learning_points_he;fit_for_he;why_watch_he;exercises_he;equipment_he;safety_warnings_he;common_mistakes_he;quality_score;quality_reason_he;skill_level;risk_level;domain;primary_category;secondary_categories;tags;motorcycle_types;motorcycle_weight_classes;terrain_types;road_conditions;chapters;verification;last_checked,chapters;last_checked;verification;why_watch_he;fit_for_he;quality_reason_he,removed_generic=0,retain,הראיות והסיווג נמצאו תואמים; נשמרה הרשומה המאומתת.,הרשומה נבדקה מחדש מול מטא־דאטה חי וראיות התוכן המתועדות; לא נשמר תמלול בפרויקט.,2026-08-04T12:00:00+03:00
yt-R3VrRIOGWWY,R3VrRIOGWWY,https://www.youtube.com/watch?v=R3VrRIOGWWY,original,en,MOTOTREK,training_channel,True,True,True,True,True,False,,True,description;transcript,high,removed,summary_he;learning_points_he;fit_for_he;why_watch_he;exercises_he;equipment_he;safety_warnings_he;common_mistakes_he;quality_score;quality_reason_he;skill_level;risk_level;domain;primary_category;secondary_categories;tags;motorcycle_types;motorcycle_weight_classes;terrain_types;road_conditions;chapters;verification;last_checked,record_removed,removed_generic=0,replace,הוחלף כדי לעמוד במגבלת 20 סרטונים לערוץ; נשמרו סרטוני MOTOTREK החזקים והמגוונים יותר.,הרשומה נבדקה מחדש מול מטא־דאטה חי וראיות התוכן המתועדות; לא נשמר תמלול בפרויקט.,2026-08-04T12:00:00+03:00
yt-eL4i6SmQbxU,eL4i6SmQbxU,https://www.youtube.com/watch?v=eL4i6SmQbxU,original,en,Cross Training Adventure,training_channel,True,True,True,True,True,False,,True,description;transcript,high,high,summary_he;learning_points_he;fit_for_he;why_watch_he;exercises_he;equipment_he;safety_warnings_he;common_mistakes_he;quality_score;quality_reason_he;skill_level;risk_level;domain;primary_category;secondary_categories;tags;motorcycle_types;motorcycle_weight_classes;terrain_types;road_conditions;chapters;verification;last_checked,chapters;last_checked;verification;why_watch_he;fit_for_he;quality_reason_he,removed_generic=0,retain,הראיות והסיווג נמצאו תואמים; נשמרה הרשומה המאומתת.,הרשומה נבדקה מחדש מול מטא־דאטה חי וראיות התוכן המתועדות; לא נשמר תמלול בפרויקט.,2026-08-04T12:00:00+03:00
yt-TDCajc6HYRE,TDCajc6HYRE,https://www.youtube.com/watch?v=TDCajc6HYRE,original,en,Cross Training Adventure,training_channel,True,True,True,True,True,False,,True,description;chapters;transcript,high,high,summary_he;learning_points_he;fit_for_he;why_watch_he;exercises_he;equipment_he;safety_warnings_he;common_mistakes_he;quality_score;quality_reason_he;skill_level;risk_level;domain;primary_category;secondary_categories;tags;motorcycle_types;motorcycle_weight_classes;terrain_types;road_conditions;chapters;verification;last_checked,chapters;last_checked;verification;why_watch_he;fit_for_he;quality_reason_he,removed_generic=0,retain,הראיות והסיווג נמצאו תואמים; נשמרה הרשומה המאומתת.,הרשומה נבדקה מחדש מול מטא־דאטה חי וראיות התוכן המתועדות; לא נשמר תמלול בפרויקט.,2026-08-04T12:00:00+03:00
yt-4RxEvSkgJdc,4RxEvSkgJdc,https://www.youtube.com/watch?v=4RxEvSkgJdc,original,en,Brake Magazine,training_channel,True,True,True,True,True,False,,True,description;transcript,high,high,summary_he;learning_points_he;fit_for_he;why_watch_he;exercises_he;equipment_he;safety_warnings_he;common_mistakes_he;quality_score;quality_reason_he;skill_level;risk_level;domain;primary_category;secondary_categories;tags;motorcycle_types;motorcycle_weight_classes;terrain_types;road_conditions;chapters;verification;last_checked,chapters;last_checked;verification;why_watch_he;fit_for_he;quality_reason_he,removed_generic=0,retain,הראיות והסיווג נמצאו תואמים; נשמרה הרשומה המאומתת.,הרשומה נבדקה מחדש מול מטא־דאטה חי וראיות התוכן המתועדות; לא נשמר תמלול בפרויקט.,2026-08-04T12:00:00+03:00
yt-h4hw5mEBxIE,h4hw5mEBxIE,https://www.youtube.com/watch?v=h4hw5mEBxIE,original,en,Brake Magazine,training_channel,True,True,True,True,True,False,,True,description;chapters;transcript,high,high,summary_he;learning_points_he;fit_for_he;why_watch_he;exercises_he;equipment_he;safety_warnings_he;common_mistakes_he;quality_score;quality_reason_he;skill_level;risk_level;domain;primary_category;secondary_categories;tags;motorcycle_types;motorcycle_weight_classes;terrain_types;road_conditions;chapters;verification;last_checked,chapters;last_checked;verification;why_watch_he;fit_for_he;quality_reason_he,removed_generic=1,retain,הראיות והסיווג נמצאו תואמים; נשמרה הרשומה המאומתת.,הרשומה נבדקה מחדש מול מטא־דאטה חי וראיות התוכן המתועדות; לא נשמר תמלול בפרויקט.,2026-08-04T12:00:00+03:00
yt-1cHdv7grbts,1cHdv7grbts,https://www.youtube.com/watch?v=1cHdv7grbts,original,en,Brake Magazine,training_channel,True,True,True,True,True,False,,True,description;transcript,high,high,summary_he;learning_points_he;fit_for_he;why_watch_he;exercises_he;equipment_he;safety_warnings_he;common_mistakes_he;quality_score;quality_reason_he;skill_level;risk_level;domain;primary_category;secondary_categories;tags;motorcycle_types;motorcycle_weight_classes;terrain_types;road_conditions;chapters;verification;last_checked,chapters;last_checked;verification;why_watch_he;fit_for_he;quality_reason_he,removed_generic=0,retain,הראיות והסיווג נמצאו תואמים; נשמרה הרשומה המאומתת.,הרשומה נבדקה מחדש מול מטא־דאטה חי וראיות התוכן המתועדות; לא נשמר תמלול בפרויקט.,2026-08-04T12:00:00+03:00
yt-Emksn0vHd6k,Emksn0vHd6k,https://www.youtube.com/watch?v=Emksn0vHd6k,original,he,ADV Moto Life,training_channel,True,True,True,False,False,False,,True,description;chapters,high,high,summary_he;learning_points_he;fit_for_he;why_watch_he;exercises_he;equipment_he;safety_warnings_he;common_mistakes_he;quality_score;quality_reason_he;skill_level;risk_level;domain;primary_category;secondary_categories;tags;motorcycle_types;motorcycle_weight_classes;terrain_types;road_conditions;chapters;verification;last_checked,chapters;last_checked;verification;why_watch_he;fit_for_he;quality_reason_he,removed_generic=2,retain,הראיות והסיווג נמצאו תואמים; נשמרה הרשומה המאומתת.,הרשומה נבדקה מחדש מול מטא־דאטה חי וראיות התוכן המתועדות; לא נשמר תמלול בפרויקט.,2026-08-04T12:00:00+03:00
yt-jg9I-H_ZY2s,jg9I-H_ZY2s,https://www.youtube.com/watch?v=jg9I-H_ZY2s,original,he,Cohen Adventure (‫צביקה כהן השטח‬‎),professional_instructor,True,True,True,False,False,True,02:00-02:05,True,description;visual_review,medium,high,summary_he;learning_points_he;fit_for_he;why_watch_he;exercises_he;equipment_he;safety_warnings_he;common_mistakes_he;quality_score;quality_reason_he;skill_level;risk_level;domain;primary_category;secondary_categories;tags;motorcycle_types;motorcycle_weight_classes;terrain_types;road_conditions;chapters;verification;last_checked,chapters;last_checked;verification;why_watch_he;fit_for_he;quality_reason_he,removed_generic=0,retain,הראיות והסיווג נמצאו תואמים; נשמרה הרשומה המאומתת.,הרשומה נבדקה מחדש מול מטא־דאטה חי וראיות התוכן המתועדות; לא נשמר תמלול בפרויקט.,2026-08-04T12:00:00+03:00
yt-lFGwRIP21OU,lFGwRIP21OU,https://www.youtube.com/watch?v=lFGwRIP21OU,original,he,Cohen Adventure (‫צביקה כהן השטח‬‎),professional_instructor,True,True,True,False,False,True,00:43-00:48,True,description;visual_review,medium,high,summary_he;learning_points_he;fit_for_he;why_watch_he;exercises_he;equipment_he;safety_warnings_he;common_mistakes_he;quality_score;quality_reason_he;skill_level;risk_level;domain;primary_category;secondary_categories;tags;motorcycle_types;motorcycle_weight_classes;terrain_types;road_conditions;chapters;verification;last_checked,chapters;last_checked;verification;why_watch_he;fit_for_he;quality_reason_he,removed_generic=0,retain,הראיות והסיווג נמצאו תואמים; נשמרה הרשומה המאומתת.,הרשומה נבדקה מחדש מול מטא־דאטה חי וראיות התוכן המתועדות; לא נשמר תמלול בפרויקט.,2026-08-04T12:00:00+03:00
yt-Dtuy4qxkZ6M,Dtuy4qxkZ6M,https://www.youtube.com/watch?v=Dtuy4qxkZ6M,original,en,MCrider - Motorcycle Training,professional_instructor,True,True,True,True,True,False,,True,description;transcript,high,high,summary_he;learning_points_he;fit_for_he;why_watch_he;exercises_he;equipment_he;safety_warnings_he;common_mistakes_he;quality_score;quality_reason_he;skill_level;risk_level;domain;primary_category;secondary_categories;tags;motorcycle_types;motorcycle_weight_classes;terrain_types;road_conditions;chapters;verification;last_checked,chapters;last_checked;verification;why_watch_he;fit_for_he;quality_reason_he,removed_generic=0,retain,הראיות והסיווג נמצאו תואמים; נשמרה הרשומה המאומתת.,הרשומה נבדקה מחדש מול מטא־דאטה חי וראיות התוכן המתועדות; לא נשמר תמלול בפרויקט.,2026-08-04T12:00:00+03:00
yt-NVW3lk0_SKY,NVW3lk0_SKY,https://www.youtube.com/watch?v=NVW3lk0_SKY,original,en,MCrider - Motorcycle Training,professional_instructor,True,True,True,True,True,False,,True,description;chapters;transcript,high,high,summary_he;learning_points_he;fit_for_he;why_watch_he;exercises_he;equipment_he;safety_warnings_he;common_mistakes_he;quality_score;quality_reason_he;skill_level;risk_level;domain;primary_category;secondary_categories;tags;motorcycle_types;motorcycle_weight_classes;terrain_types;road_conditions;chapters;verification;last_checked,chapters;last_checked;verification;why_watch_he;fit_for_he;quality_reason_he,removed_generic=1,retain,הראיות והסיווג נמצאו תואמים; נשמרה הרשומה המאומתת.,הרשומה נבדקה מחדש מול מטא־דאטה חי וראיות התוכן המתועדות; לא נשמר תמלול בפרויקט.,2026-08-04T12:00:00+03:00
yt-18eqTsDfzDU,18eqTsDfzDU,https://www.youtube.com/watch?v=18eqTsDfzDU,original,en,MCrider - Motorcycle Training,professional_instructor,True,True,True,True,True,False,,True,description;chapters;transcript,high,high,summary_he;learning_points_he;fit_for_he;why_watch_he;exercises_he;equipment_he;safety_warnings_he;common_mistakes_he;quality_score;quality_reason_he;skill_level;risk_level;domain;primary_category;secondary_categories;tags;motorcycle_types;motorcycle_weight_classes;terrain_types;road_conditions;chapters;verification;last_checked,chapters;last_checked;verification;why_watch_he;fit_for_he;quality_reason_he,removed_generic=2,retain,הראיות והסיווג נמצאו תואמים; נשמרה הרשומה המאומתת.,הרשומה נבדקה מחדש מול מטא־דאטה חי וראיות התוכן המתועדות; לא נשמר תמלול בפרויקט.,2026-08-04T12:00:00+03:00
yt-1s4fDOyb3YA,1s4fDOyb3YA,https://www.youtube.com/watch?v=1s4fDOyb3YA,original,en,MCrider - Motorcycle Training,professional_instructor,True,True,True,True,True,False,,True,description;transcript,high,high,summary_he;learning_points_he;fit_for_he;why_watch_he;exercises_he;equipment_he;safety_warnings_he;common_mistakes_he;quality_score;quality_reason_he;skill_level;risk_level;domain;primary_category;secondary_categories;tags;motorcycle_types;motorcycle_weight_classes;terrain_types;road_conditions;chapters;verification;last_checked,chapters;last_checked;verification;why_watch_he;fit_for_he;quality_reason_he,removed_generic=0,retain,הראיות והסיווג נמצאו תואמים; נשמרה הרשומה המאומתת.,הרשומה נבדקה מחדש מול מטא־דאטה חי וראיות התוכן המתועדות; לא נשמר תמלול בפרויקט.,2026-08-04T12:00:00+03:00
yt-jHhRZLHA-cA,jHhRZLHA-cA,https://www.youtube.com/watch?v=jHhRZLHA-cA,original,en,MCrider - Motorcycle Training,professional_instructor,True,True,True,True,True,False,,True,description;chapters;transcript,high,high,summary_he;learning_points_he;fit_for_he;why_watch_he;exercises_he;equipment_he;safety_warnings_he;common_mistakes_he;quality_score;quality_reason_he;skill_level;risk_level;domain;primary_category;secondary_categories;tags;motorcycle_types;motorcycle_weight_classes;terrain_types;road_conditions;chapters;verification;last_checked,chapters;last_checked;verification;why_watch_he;fit_for_he;quality_reason_he,removed_generic=0,retain,הראיות והסיווג נמצאו תואמים; נשמרה הרשומה המאומתת.,הרשומה נבדקה מחדש מול מטא־דאטה חי וראיות התוכן המתועדות; לא נשמר תמלול בפרויקט.,2026-08-04T12:00:00+03:00
yt-7Ix1B9MjKOQ,7Ix1B9MjKOQ,https://www.youtube.com/watch?v=7Ix1B9MjKOQ,original,en,MCrider - Motorcycle Training,professional_instructor,True,True,True,True,True,False,,True,description;chapters;transcript,high,high,summary_he;learning_points_he;fit_for_he;why_watch_he;exercises_he;equipment_he;safety_warnings_he;common_mistakes_he;quality_score;quality_reason_he;skill_level;risk_level;domain;primary_category;secondary_categories;tags;motorcycle_types;motorcycle_weight_classes;terrain_types;road_conditions;chapters;verification;last_checked,chapters;last_checked;verification;why_watch_he;fit_for_he;quality_reason_he,removed_generic=3,retain,הראיות והסיווג נמצאו תואמים; נשמרה הרשומה המאומתת.,הרשומה נבדקה מחדש מול מטא־דאטה חי וראיות התוכן המתועדות; לא נשמר תמלול בפרויקט.,2026-08-04T12:00:00+03:00
yt-824lwgKbv-M,824lwgKbv-M,https://www.youtube.com/watch?v=824lwgKbv-M,original,en,MCrider - Motorcycle Training,professional_instructor,True,True,True,True,True,False,,True,description;chapters;transcript,high,high,summary_he;learning_points_he;fit_for_he;why_watch_he;exercises_he;equipment_he;safety_warnings_he;common_mistakes_he;quality_score;quality_reason_he;skill_level;risk_level;domain;primary_category;secondary_categories;tags;motorcycle_types;motorcycle_weight_classes;terrain_types;road_conditions;chapters;verification;last_checked,chapters;last_checked;verification;why_watch_he;fit_for_he;quality_reason_he,removed_generic=0,retain,הראיות והסיווג נמצאו תואמים; נשמרה הרשומה המאומתת.,הרשומה נבדקה מחדש מול מטא־דאטה חי וראיות התוכן המתועדות; לא נשמר תמלול בפרויקט.,2026-08-04T12:00:00+03:00
yt-doVLIwQbnWs,doVLIwQbnWs,https://www.youtube.com/watch?v=doVLIwQbnWs,original,en,MotoJitsu®,professional_instructor,True,True,True,True,True,False,,True,description;chapters;transcript,high,high,summary_he;learning_points_he;fit_for_he;why_watch_he;exercises_he;equipment_he;safety_warnings_he;common_mistakes_he;quality_score;quality_reason_he;skill_level;risk_level;domain;primary_category;secondary_categories;tags;motorcycle_types;motorcycle_weight_classes;terrain_types;road_conditions;chapters;verification;last_checked,chapters;last_checked;verification;why_watch_he;fit_for_he;quality_reason_he,removed_generic=0,retain,הראיות והסיווג נמצאו תואמים; נשמרה הרשומה המאומתת.,הרשומה נבדקה מחדש מול מטא־דאטה חי וראיות התוכן המתועדות; לא נשמר תמלול בפרויקט.,2026-08-04T12:00:00+03:00
yt-ODaAhHgtM7w,ODaAhHgtM7w,https://www.youtube.com/watch?v=ODaAhHgtM7w,original,en,CanyonChasers,training_channel,True,True,True,True,True,False,,True,description;transcript,high,high,summary_he;learning_points_he;fit_for_he;why_watch_he;exercises_he;equipment_he;safety_warnings_he;common_mistakes_he;quality_score;quality_reason_he;skill_level;risk_level;domain;primary_category;secondary_categories;tags;motorcycle_types;motorcycle_weight_classes;terrain_types;road_conditions;chapters;verification;last_checked,chapters;last_checked;verification;why_watch_he;fit_for_he;quality_reason_he,removed_generic=0,retain,הראיות והסיווג נמצאו תואמים; נשמרה הרשומה המאומתת.,הרשומה נבדקה מחדש מול מטא־דאטה חי וראיות התוכן המתועדות; לא נשמר תמלול בפרויקט.,2026-08-04T12:00:00+03:00
yt-fuoYUYFNkGI,fuoYUYFNkGI,https://www.youtube.com/watch?v=fuoYUYFNkGI,original,en,CanyonChasers,training_channel,True,True,True,True,True,False,,True,description;transcript,high,high,summary_he;learning_points_he;fit_for_he;why_watch_he;exercises_he;equipment_he;safety_warnings_he;common_mistakes_he;quality_score;quality_reason_he;skill_level;risk_level;domain;primary_category;secondary_categories;tags;motorcycle_types;motorcycle_weight_classes;terrain_types;road_conditions;chapters;verification;last_checked,chapters;last_checked;verification;why_watch_he;fit_for_he;quality_reason_he,removed_generic=0,retain,הראיות והסיווג נמצאו תואמים; נשמרה הרשומה המאומתת.,הרשומה נבדקה מחדש מול מטא־דאטה חי וראיות התוכן המתועדות; לא נשמר תמלול בפרויקט.,2026-08-04T12:00:00+03:00
yt-M5ljhx0qTAM,M5ljhx0qTAM,https://www.youtube.com/watch?v=M5ljhx0qTAM,original,en,CanyonChasers,training_channel,True,True,True,True,True,False,,True,description;chapters;transcript,high,high,summary_he;learning_points_he;fit_for_he;why_watch_he;exercises_he;equipment_he;safety_warnings_he;common_mistakes_he;quality_score;quality_reason_he;skill_level;risk_level;domain;primary_category;secondary_categories;tags;motorcycle_types;motorcycle_weight_classes;terrain_types;road_conditions;chapters;verification;last_checked,chapters;last_checked;verification;why_watch_he;fit_for_he;quality_reason_he,removed_generic=0,retain,הראיות והסיווג נמצאו תואמים; נשמרה הרשומה המאומתת.,הרשומה נבדקה מחדש מול מטא־דאטה חי וראיות התוכן המתועדות; לא נשמר תמלול בפרויקט.,2026-08-04T12:00:00+03:00
yt-yBjN7N_n_Ww,yBjN7N_n_Ww,https://www.youtube.com/watch?v=yBjN7N_n_Ww,original,en,CanyonChasers,training_channel,True,True,True,True,True,False,,True,description;chapters;transcript,high,high,summary_he;learning_points_he;fit_for_he;why_watch_he;exercises_he;equipment_he;safety_warnings_he;common_mistakes_he;quality_score;quality_reason_he;skill_level;risk_level;domain;primary_category;secondary_categories;tags;motorcycle_types;motorcycle_weight_classes;terrain_types;road_conditions;chapters;verification;last_checked,chapters;last_checked;verification;why_watch_he;fit_for_he;quality_reason_he,removed_generic=0,retain,הראיות והסיווג נמצאו תואמים; נשמרה הרשומה המאומתת.,הרשומה נבדקה מחדש מול מטא־דאטה חי וראיות התוכן המתועדות; לא נשמר תמלול בפרויקט.,2026-08-04T12:00:00+03:00
yt-DY7OFizK_eo,DY7OFizK_eo,https://www.youtube.com/watch?v=DY7OFizK_eo,original,en,FortNine,training_channel,True,True,True,True,True,False,,True,description;transcript,high,high,summary_he;learning_points_he;fit_for_he;why_watch_he;exercises_he;equipment_he;safety_warnings_he;common_mistakes_he;quality_score;quality_reason_he;skill_level;risk_level;domain;primary_category;secondary_categories;tags;motorcycle_types;motorcycle_weight_classes;terrain_types;road_conditions;chapters;verification;last_checked,chapters;last_checked;verification;why_watch_he;fit_for_he;quality_reason_he,removed_generic=0,retain,הראיות והסיווג נמצאו תואמים; נשמרה הרשומה המאומתת.,הרשומה נבדקה מחדש מול מטא־דאטה חי וראיות התוכן המתועדות; לא נשמר תמלול בפרויקט.,2026-08-04T12:00:00+03:00
yt-U1mSavQ_DXs,U1mSavQ_DXs,https://www.youtube.com/watch?v=U1mSavQ_DXs,original,en,FortNine,training_channel,True,True,True,True,True,False,,True,description;transcript,high,high,summary_he;learning_points_he;fit_for_he;why_watch_he;exercises_he;equipment_he;safety_warnings_he;common_mistakes_he;quality_score;quality_reason_he;skill_level;risk_level;domain;primary_category;secondary_categories;tags;motorcycle_types;motorcycle_weight_classes;terrain_types;road_conditions;chapters;verification;last_checked,chapters;last_checked;verification;why_watch_he;fit_for_he;quality_reason_he,removed_generic=0,retain,הראיות והסיווג נמצאו תואמים; נשמרה הרשומה המאומתת.,הרשומה נבדקה מחדש מול מטא־דאטה חי וראיות התוכן המתועדות; לא נשמר תמלול בפרויקט.,2026-08-04T12:00:00+03:00
yt-y5vUZouBNgE,y5vUZouBNgE,https://www.youtube.com/watch?v=y5vUZouBNgE,original,en,FortNine,training_channel,True,True,True,True,True,False,,True,description;chapters;transcript,high,high,summary_he;learning_points_he;fit_for_he;why_watch_he;exercises_he;equipment_he;safety_warnings_he;common_mistakes_he;quality_score;quality_reason_he;skill_level;risk_level;domain;primary_category;secondary_categories;tags;motorcycle_types;motorcycle_weight_classes;terrain_types;road_conditions;chapters;verification;last_checked,chapters;last_checked;verification;why_watch_he;fit_for_he;quality_reason_he,removed_generic=0,retain,הראיות והסיווג נמצאו תואמים; נשמרה הרשומה המאומתת.,הרשומה נבדקה מחדש מול מטא־דאטה חי וראיות התוכן המתועדות; לא נשמר תמלול בפרויקט.,2026-08-04T12:00:00+03:00
yt-CDACd-6_4E4,CDACd-6_4E4,https://www.youtube.com/watch?v=CDACd-6_4E4,original,he,Idan K,training_channel,True,True,True,True,True,False,,True,description;transcript,high,high,summary_he;learning_points_he;fit_for_he;why_watch_he;exercises_he;equipment_he;safety_warnings_he;common_mistakes_he;quality_score;quality_reason_he;skill_level;risk_level;domain;primary_category;secondary_categories;tags;motorcycle_types;motorcycle_weight_classes;terrain_types;road_conditions;chapters;verification;last_checked,chapters;last_checked;verification;why_watch_he;fit_for_he;quality_reason_he,removed_generic=0,retain,הראיות והסיווג נמצאו תואמים; נשמרה הרשומה המאומתת.,הרשומה נבדקה מחדש מול מטא־דאטה חי וראיות התוכן המתועדות; לא נשמר תמלול בפרויקט.,2026-08-04T12:00:00+03:00
yt-4w9RHq5oohU,4w9RHq5oohU,https://www.youtube.com/watch?v=4w9RHq5oohU,original,he,ProRiding Israel,riding_school,True,True,True,False,False,True,01:03-01:08,True,description;visual_review,medium,high,summary_he;learning_points_he;fit_for_he;why_watch_he;exercises_he;equipment_he;safety_warnings_he;common_mistakes_he;quality_score;quality_reason_he;skill_level;risk_level;domain;primary_category;secondary_categories;tags;motorcycle_types;motorcycle_weight_classes;terrain_types;road_conditions;chapters;verification;last_checked,chapters;last_checked;verification;why_watch_he;fit_for_he;quality_reason_he,removed_generic=0,retain,הראיות והסיווג נמצאו תואמים; נשמרה הרשומה המאומתת.,הרשומה נבדקה מחדש מול מטא־דאטה חי וראיות התוכן המתועדות; לא נשמר תמלול בפרויקט.,2026-08-04T12:00:00+03:00
yt-_ej7WCZeFhQ,_ej7WCZeFhQ,https://www.youtube.com/watch?v=_ej7WCZeFhQ,original,he,ProRiding Israel,riding_school,True,True,True,False,False,True,00:29-00:34,True,description;visual_review,medium,high,summary_he;learning_points_he;fit_for_he;why_watch_he;exercises_he;equipment_he;safety_warnings_he;common_mistakes_he;quality_score;quality_reason_he;skill_level;risk_level;domain;primary_category;secondary_categories;tags;motorcycle_types;motorcycle_weight_classes;terrain_types;road_conditions;chapters;verification;last_checked,chapters;last_checked;verification;why_watch_he;fit_for_he;quality_reason_he,removed_generic=0,retain,הראיות והסיווג נמצאו תואמים; נשמרה הרשומה המאומתת.,הרשומה נבדקה מחדש מול מטא־דאטה חי וראיות התוכן המתועדות; לא נשמר תמלול בפרויקט.,2026-08-04T12:00:00+03:00
yt-0dGYLXIvoeg,0dGYLXIvoeg,https://www.youtube.com/watch?v=0dGYLXIvoeg,original,he,ProRiding Israel,riding_school,True,True,True,False,False,True,00:38-00:43,True,description;visual_review,medium,high,summary_he;learning_points_he;fit_for_he;why_watch_he;exercises_he;equipment_he;safety_warnings_he;common_mistakes_he;quality_score;quality_reason_he;skill_level;risk_level;domain;primary_category;secondary_categories;tags;motorcycle_types;motorcycle_weight_classes;terrain_types;road_conditions;chapters;verification;last_checked,chapters;last_checked;verification;why_watch_he;fit_for_he;quality_reason_he,removed_generic=0,retain,הראיות והסיווג נמצאו תואמים; נשמרה הרשומה המאומתת.,הרשומה נבדקה מחדש מול מטא־דאטה חי וראיות התוכן המתועדות; לא נשמר תמלול בפרויקט.,2026-08-04T12:00:00+03:00
yt-nsklKzXl2Ws,nsklKzXl2Ws,https://www.youtube.com/watch?v=nsklKzXl2Ws,original,he,Moto Lamed,training_channel,True,True,True,False,False,True,01:48-01:53,True,description;visual_review,medium,high,summary_he;learning_points_he;fit_for_he;why_watch_he;exercises_he;equipment_he;safety_warnings_he;common_mistakes_he;quality_score;quality_reason_he;skill_level;risk_level;domain;primary_category;secondary_categories;tags;motorcycle_types;motorcycle_weight_classes;terrain_types;road_conditions;chapters;verification;last_checked,chapters;last_checked;verification;why_watch_he;fit_for_he;quality_reason_he,removed_generic=0,retain,הראיות והסיווג נמצאו תואמים; נשמרה הרשומה המאומתת.,הרשומה נבדקה מחדש מול מטא־דאטה חי וראיות התוכן המתועדות; לא נשמר תמלול בפרויקט.,2026-08-04T12:00:00+03:00
yt-njzovd5FuZU,njzovd5FuZU,https://www.youtube.com/watch?v=njzovd5FuZU,original,en,Bret Tkacs ADV,professional_instructor,True,True,True,True,True,False,,True,description;transcript,high,high,summary_he;learning_points_he;fit_for_he;why_watch_he;exercises_he;equipment_he;safety_warnings_he;common_mistakes_he;quality_score;quality_reason_he;skill_level;risk_level;domain;primary_category;secondary_categories;tags;motorcycle_types;motorcycle_weight_classes;terrain_types;road_conditions;chapters;verification;last_checked,chapters;last_checked;verification;why_watch_he;fit_for_he;quality_reason_he,removed_generic=0,retain,הראיות והסיווג נמצאו תואמים; נשמרה הרשומה המאומתת.,הרשומה נבדקה מחדש מול מטא־דאטה חי וראיות התוכן המתועדות; לא נשמר תמלול בפרויקט.,2026-08-04T12:00:00+03:00
yt-KmCPtVARyS0,KmCPtVARyS0,https://www.youtube.com/watch?v=KmCPtVARyS0,original,en,RIDE Adventures,training_channel,True,True,True,True,True,False,,True,description;chapters;transcript,high,high,summary_he;learning_points_he;fit_for_he;why_watch_he;exercises_he;equipment_he;safety_warnings_he;common_mistakes_he;quality_score;quality_reason_he;skill_level;risk_level;domain;primary_category;secondary_categories;tags;motorcycle_types;motorcycle_weight_classes;terrain_types;road_conditions;chapters;verification;last_checked,chapters;last_checked;verification;why_watch_he;fit_for_he;quality_reason_he,removed_generic=1,retain,הראיות והסיווג נמצאו תואמים; נשמרה הרשומה המאומתת.,הרשומה נבדקה מחדש מול מטא־דאטה חי וראיות התוכן המתועדות; לא נשמר תמלול בפרויקט.,2026-08-04T12:00:00+03:00
yt-yE7N9ft_hMI,yE7N9ft_hMI,https://www.youtube.com/watch?v=yE7N9ft_hMI,original,en,Cross Training Adventure,training_channel,True,True,True,True,True,False,,True,description;chapters;transcript,high,high,summary_he;learning_points_he;fit_for_he;why_watch_he;exercises_he;equipment_he;safety_warnings_he;common_mistakes_he;quality_score;quality_reason_he;skill_level;risk_level;domain;primary_category;secondary_categories;tags;motorcycle_types;motorcycle_weight_classes;terrain_types;road_conditions;chapters;verification;last_checked,chapters;last_checked;verification;why_watch_he;fit_for_he;quality_reason_he,removed_generic=1,retain,הראיות והסיווג נמצאו תואמים; נשמרה הרשומה המאומתת.,הרשומה נבדקה מחדש מול מטא־דאטה חי וראיות התוכן המתועדות; לא נשמר תמלול בפרויקט.,2026-08-04T12:00:00+03:00
yt-2XP_qr9NNcc,2XP_qr9NNcc,https://www.youtube.com/watch?v=2XP_qr9NNcc,original,en,FortNine,training_channel,True,True,True,True,True,False,,True,description;chapters;transcript,high,high,summary_he;learning_points_he;fit_for_he;why_watch_he;exercises_he;equipment_he;safety_warnings_he;common_mistakes_he;quality_score;quality_reason_he;skill_level;risk_level;domain;primary_category;secondary_categories;tags;motorcycle_types;motorcycle_weight_classes;terrain_types;road_conditions;chapters;verification;last_checked,chapters;last_checked;verification;why_watch_he;fit_for_he;quality_reason_he,removed_generic=0,retain,הראיות והסיווג נמצאו תואמים; נשמרה הרשומה המאומתת.,הרשומה נבדקה מחדש מול מטא־דאטה חי וראיות התוכן המתועדות; לא נשמר תמלול בפרויקט.,2026-08-04T12:00:00+03:00
yt-FQp-0v2ddQ0,FQp-0v2ddQ0,https://www.youtube.com/watch?v=FQp-0v2ddQ0,original,en,MOTOTREK,training_channel,True,True,True,True,True,False,,True,description;chapters;transcript,high,high,summary_he;learning_points_he;fit_for_he;why_watch_he;exercises_he;equipment_he;safety_warnings_he;common_mistakes_he;quality_score;quality_reason_he;skill_level;risk_level;domain;primary_category;secondary_categories;tags;motorcycle_types;motorcycle_weight_classes;terrain_types;road_conditions;chapters;verification;last_checked,chapters;last_checked;verification;why_watch_he;fit_for_he;quality_reason_he,removed_generic=1;removed_wrap_up=1,retain,הראיות והסיווג נמצאו תואמים; נשמרה הרשומה המאומתת.,הרשומה נבדקה מחדש מול מטא־דאטה חי וראיות התוכן המתועדות; לא נשמר תמלול בפרויקט.,2026-08-04T12:00:00+03:00
yt-xplkeemgzbI,xplkeemgzbI,https://www.youtube.com/watch?v=xplkeemgzbI,original,en,MOTOTREK,training_channel,True,True,True,True,True,False,,True,description;transcript,high,removed,summary_he;learning_points_he;fit_for_he;why_watch_he;exercises_he;equipment_he;safety_warnings_he;common_mistakes_he;quality_score;quality_reason_he;skill_level;risk_level;domain;primary_category;secondary_categories;tags;motorcycle_types;motorcycle_weight_classes;terrain_types;road_conditions;chapters;verification;last_checked,record_removed,removed_generic=0,replace,הוחלף כדי לעמוד במגבלת 20 סרטונים לערוץ; נשמרו סרטוני MOTOTREK החזקים והמגוונים יותר.,הרשומה נבדקה מחדש מול מטא־דאטה חי וראיות התוכן המתועדות; לא נשמר תמלול בפרויקט.,2026-08-04T12:00:00+03:00
yt-_fddOX-CZXI,_fddOX-CZXI,https://www.youtube.com/watch?v=_fddOX-CZXI,original,en,The Next Adventure Show,training_channel,True,True,True,True,True,False,,True,description;chapters;transcript,high,high,summary_he;learning_points_he;fit_for_he;why_watch_he;exercises_he;equipment_he;safety_warnings_he;common_mistakes_he;quality_score;quality_reason_he;skill_level;risk_level;domain;primary_category;secondary_categories;tags;motorcycle_types;motorcycle_weight_classes;terrain_types;road_conditions;chapters;verification;last_checked,chapters;last_checked;verification;why_watch_he;fit_for_he;quality_reason_he,removed_generic=1,retain,הראיות והסיווג נמצאו תואמים; נשמרה הרשומה המאומתת.,הרשומה נבדקה מחדש מול מטא־דאטה חי וראיות התוכן המתועדות; לא נשמר תמלול בפרויקט.,2026-08-04T12:00:00+03:00
yt-dRvofOL3eaI,dRvofOL3eaI,https://www.youtube.com/watch?v=dRvofOL3eaI,original,en,The Girl On A Bike,training_channel,True,True,True,True,True,False,,True,description;chapters;transcript,high,high,summary_he;learning_points_he;fit_for_he;why_watch_he;exercises_he;equipment_he;safety_warnings_he;common_mistakes_he;quality_score;quality_reason_he;skill_level;risk_level;domain;primary_category;secondary_categories;tags;motorcycle_types;motorcycle_weight_classes;terrain_types;road_conditions;chapters;verification;last_checked,chapters;last_checked;verification;why_watch_he;fit_for_he;quality_reason_he,removed_generic=0,retain,הראיות והסיווג נמצאו תואמים; נשמרה הרשומה המאומתת.,הרשומה נבדקה מחדש מול מטא־דאטה חי וראיות התוכן המתועדות; לא נשמר תמלול בפרויקט.,2026-08-04T12:00:00+03:00
yt-45iv6pdogLo,45iv6pdogLo,https://www.youtube.com/watch?v=45iv6pdogLo,original,en,MOTOTREK,training_channel,True,True,True,True,True,False,,True,description;transcript,high,high,summary_he;learning_points_he;fit_for_he;why_watch_he;exercises_he;equipment_he;safety_warnings_he;common_mistakes_he;quality_score;quality_reason_he;skill_level;risk_level;domain;primary_category;secondary_categories;tags;motorcycle_types;motorcycle_weight_classes;terrain_types;road_conditions;chapters;verification;last_checked,chapters;last_checked;verification;why_watch_he;fit_for_he;quality_reason_he,removed_generic=0,retain,הראיות והסיווג נמצאו תואמים; נשמרה הרשומה המאומתת.,הרשומה נבדקה מחדש מול מטא־דאטה חי וראיות התוכן המתועדות; לא נשמר תמלול בפרויקט.,2026-08-04T12:00:00+03:00
yt-2ng4QS_nGKM,2ng4QS_nGKM,https://www.youtube.com/watch?v=2ng4QS_nGKM,original,he,4X4 ISRAEL,training_channel,True,True,True,True,True,False,,True,description;transcript,high,high,summary_he;learning_points_he;fit_for_he;why_watch_he;exercises_he;equipment_he;safety_warnings_he;common_mistakes_he;quality_score;quality_reason_he;skill_level;risk_level;domain;primary_category;secondary_categories;tags;motorcycle_types;motorcycle_weight_classes;terrain_types;road_conditions;chapters;verification;last_checked,chapters;last_checked;verification;why_watch_he;fit_for_he;quality_reason_he,removed_generic=0,retain,הראיות והסיווג נמצאו תואמים; נשמרה הרשומה המאומתת.,הרשומה נבדקה מחדש מול מטא־דאטה חי וראיות התוכן המתועדות; לא נשמר תמלול בפרויקט.,2026-08-04T12:00:00+03:00
yt-Dv8cfbJ09Uw,Dv8cfbJ09Uw,https://www.youtube.com/watch?v=Dv8cfbJ09Uw,original,en,MOTOTREK,training_channel,True,True,True,True,True,False,,True,description;chapters;transcript,high,high,summary_he;learning_points_he;fit_for_he;why_watch_he;exercises_he;equipment_he;safety_warnings_he;common_mistakes_he;quality_score;quality_reason_he;skill_level;risk_level;domain;primary_category;secondary_categories;tags;motorcycle_types;motorcycle_weight_classes;terrain_types;road_conditions;chapters;verification;last_checked,chapters;last_checked;verification,removed_generic=0,retain,הראיות והסיווג נמצאו תואמים; נשמרה הרשומה המאומתת.,הרשומה נבדקה מחדש מול מטא־דאטה חי וראיות התוכן המתועדות; לא נשמר תמלול בפרויקט.,2026-08-04T12:00:00+03:00
yt-WkeMWUDkqgc,WkeMWUDkqgc,https://www.youtube.com/watch?v=WkeMWUDkqgc,original,en,Cross Training Adventure,training_channel,True,True,True,True,True,False,,True,description;chapters;transcript,high,high,summary_he;learning_points_he;fit_for_he;why_watch_he;exercises_he;equipment_he;safety_warnings_he;common_mistakes_he;quality_score;quality_reason_he;skill_level;risk_level;domain;primary_category;secondary_categories;tags;motorcycle_types;motorcycle_weight_classes;terrain_types;road_conditions;chapters;verification;last_checked,chapters;last_checked;verification,removed_generic=0,retain,הראיות והסיווג נמצאו תואמים; נשמרה הרשומה המאומתת.,הרשומה נבדקה מחדש מול מטא־דאטה חי וראיות התוכן המתועדות; לא נשמר תמלול בפרויקט.,2026-08-04T12:00:00+03:00
yt-OrPiMSJWZ5o,OrPiMSJWZ5o,https://www.youtube.com/watch?v=OrPiMSJWZ5o,original,en,ADVMotoSkillZ,riding_school,True,True,True,True,True,False,,True,description;chapters;transcript,high,high,summary_he;learning_points_he;fit_for_he;why_watch_he;exercises_he;equipment_he;safety_warnings_he;common_mistakes_he;quality_score;quality_reason_he;skill_level;risk_level;domain;primary_category;secondary_categories;tags;motorcycle_types;motorcycle_weight_classes;terrain_types;road_conditions;chapters;verification;last_checked,chapters;last_checked;verification,removed_generic=1,retain,הראיות והסיווג נמצאו תואמים; נשמרה הרשומה המאומתת.,הרשומה נבדקה מחדש מול מטא־דאטה חי וראיות התוכן המתועדות; לא נשמר תמלול בפרויקט.,2026-08-04T12:00:00+03:00
yt-CD8zbN_lpHQ,CD8zbN_lpHQ,https://www.youtube.com/watch?v=CD8zbN_lpHQ,original,en,Bret Tkacs ADV,professional_instructor,True,True,True,True,True,False,,True,description;chapters;transcript,high,high,summary_he;learning_points_he;fit_for_he;why_watch_he;exercises_he;equipment_he;safety_warnings_he;common_mistakes_he;quality_score;quality_reason_he;skill_level;risk_level;domain;primary_category;secondary_categories;tags;motorcycle_types;motorcycle_weight_classes;terrain_types;road_conditions;chapters;verification;last_checked,chapters;last_checked;verification,removed_generic=0,retain,הראיות והסיווג נמצאו תואמים; נשמרה הרשומה המאומתת.,הרשומה נבדקה מחדש מול מטא־דאטה חי וראיות התוכן המתועדות; לא נשמר תמלול בפרויקט.,2026-08-04T12:00:00+03:00
yt-py2_NwJCzN0,py2_NwJCzN0,https://www.youtube.com/watch?v=py2_NwJCzN0,original,en,MOTOTREK,training_channel,True,True,True,True,True,False,,True,description;chapters;transcript,high,high,summary_he;learning_points_he;fit_for_he;why_watch_he;exercises_he;equipment_he;safety_warnings_he;common_mistakes_he;quality_score;quality_reason_he;skill_level;risk_level;domain;primary_category;secondary_categories;tags;motorcycle_types;motorcycle_weight_classes;terrain_types;road_conditions;chapters;verification;last_checked,chapters;last_checked;verification,removed_generic=1,retain,הראיות והסיווג נמצאו תואמים; נשמרה הרשומה המאומתת.,הרשומה נבדקה מחדש מול מטא־דאטה חי וראיות התוכן המתועדות; לא נשמר תמלול בפרויקט.,2026-08-04T12:00:00+03:00
yt-Z4G8NxyI4I8,Z4G8NxyI4I8,https://www.youtube.com/watch?v=Z4G8NxyI4I8,original,en,Bret Tkacs ADV,professional_instructor,True,True,True,True,True,False,,True,description;chapters;transcript,high,high,summary_he;learning_points_he;fit_for_he;why_watch_he;exercises_he;equipment_he;safety_warnings_he;common_mistakes_he;quality_score;quality_reason_he;skill_level;risk_level;domain;primary_category;secondary_categories;tags;motorcycle_types;motorcycle_weight_classes;terrain_types;road_conditions;chapters;verification;last_checked,chapters;last_checked;verification,removed_generic=1,retain,הראיות והסיווג נמצאו תואמים; נשמרה הרשומה המאומתת.,הרשומה נבדקה מחדש מול מטא־דאטה חי וראיות התוכן המתועדות; לא נשמר תמלול בפרויקט.,2026-08-04T12:00:00+03:00
yt-9og820RWDao,9og820RWDao,https://www.youtube.com/watch?v=9og820RWDao,original,en,RIDE Adventures,training_channel,True,True,True,True,True,False,,True,description;chapters;transcript,high,high,summary_he;learning_points_he;fit_for_he;why_watch_he;exercises_he;equipment_he;safety_warnings_he;common_mistakes_he;quality_score;quality_reason_he;skill_level;risk_level;domain;primary_category;secondary_categories;tags;motorcycle_types;motorcycle_weight_classes;terrain_types;road_conditions;chapters;verification;last_checked,chapters;last_checked;verification,removed_generic=0,retain,הראיות והסיווג נמצאו תואמים; נשמרה הרשומה המאומתת.,הרשומה נבדקה מחדש מול מטא־דאטה חי וראיות התוכן המתועדות; לא נשמר תמלול בפרויקט.,2026-08-04T12:00:00+03:00
yt-T-NlEZr1-ws,T-NlEZr1-ws,https://www.youtube.com/watch?v=T-NlEZr1-ws,original,en,SoCal Off-Road School,riding_school,True,True,True,True,True,False,,True,description;chapters;transcript,high,high,summary_he;learning_points_he;fit_for_he;why_watch_he;exercises_he;equipment_he;safety_warnings_he;common_mistakes_he;quality_score;quality_reason_he;skill_level;risk_level;domain;primary_category;secondary_categories;tags;motorcycle_types;motorcycle_weight_classes;terrain_types;road_conditions;chapters;verification;last_checked,chapters;last_checked;verification,removed_generic=1,retain,הראיות והסיווג נמצאו תואמים; נשמרה הרשומה המאומתת.,הרשומה נבדקה מחדש מול מטא־דאטה חי וראיות התוכן המתועדות; לא נשמר תמלול בפרויקט.,2026-08-04T12:00:00+03:00
yt-Fo75lHpLBOM,Fo75lHpLBOM,https://www.youtube.com/watch?v=Fo75lHpLBOM,original,en,MOTOTREK,training_channel,True,True,True,True,True,False,,True,description;chapters;transcript,high,high,summary_he;learning_points_he;fit_for_he;why_watch_he;exercises_he;equipment_he;safety_warnings_he;common_mistakes_he;quality_score;quality_reason_he;skill_level;risk_level;domain;primary_category;secondary_categories;tags;motorcycle_types;motorcycle_weight_classes;terrain_types;road_conditions;chapters;verification;last_checked,chapters;last_checked;verification,removed_generic=1,retain,הראיות והסיווג נמצאו תואמים; נשמרה הרשומה המאומתת.,הרשומה נבדקה מחדש מול מטא־דאטה חי וראיות התוכן המתועדות; לא נשמר תמלול בפרויקט.,2026-08-04T12:00:00+03:00
yt-AVbt7M2xHQ4,AVbt7M2xHQ4,https://www.youtube.com/watch?v=AVbt7M2xHQ4,original,en,Brake Magazine,training_channel,True,True,True,True,True,False,,True,description;chapters;transcript,high,high,summary_he;learning_points_he;fit_for_he;why_watch_he;exercises_he;equipment_he;safety_warnings_he;common_mistakes_he;quality_score;quality_reason_he;skill_level;risk_level;domain;primary_category;secondary_categories;tags;motorcycle_types;motorcycle_weight_classes;terrain_types;road_conditions;chapters;verification;last_checked,chapters;last_checked;verification,removed_generic=0,retain,הראיות והסיווג נמצאו תואמים; נשמרה הרשומה המאומתת.,הרשומה נבדקה מחדש מול מטא־דאטה חי וראיות התוכן המתועדות; לא נשמר תמלול בפרויקט.,2026-08-04T12:00:00+03:00
yt-SXJZ_kYGLRY,SXJZ_kYGLRY,https://www.youtube.com/watch?v=SXJZ_kYGLRY,original,en,SoCal Off-Road School,riding_school,True,True,True,True,True,False,,True,description;chapters;transcript,high,high,summary_he;learning_points_he;fit_for_he;why_watch_he;exercises_he;equipment_he;safety_warnings_he;common_mistakes_he;quality_score;quality_reason_he;skill_level;risk_level;domain;primary_category;secondary_categories;tags;motorcycle_types;motorcycle_weight_classes;terrain_types;road_conditions;chapters;verification;last_checked,chapters;last_checked;verification,removed_generic=2,retain,הראיות והסיווג נמצאו תואמים; נשמרה הרשומה המאומתת.,הרשומה נבדקה מחדש מול מטא־דאטה חי וראיות התוכן המתועדות; לא נשמר תמלול בפרויקט.,2026-08-04T12:00:00+03:00
yt-yRY9-sKUUZ4,yRY9-sKUUZ4,https://www.youtube.com/watch?v=yRY9-sKUUZ4,original,en,RIDE Adventures,training_channel,True,True,True,True,True,False,,True,description;chapters;transcript,high,high,summary_he;learning_points_he;fit_for_he;why_watch_he;exercises_he;equipment_he;safety_warnings_he;common_mistakes_he;quality_score;quality_reason_he;skill_level;risk_level;domain;primary_category;secondary_categories;tags;motorcycle_types;motorcycle_weight_classes;terrain_types;road_conditions;chapters;verification;last_checked,chapters;last_checked;verification,removed_generic=1,retain,הראיות והסיווג נמצאו תואמים; נשמרה הרשומה המאומתת.,הרשומה נבדקה מחדש מול מטא־דאטה חי וראיות התוכן המתועדות; לא נשמר תמלול בפרויקט.,2026-08-04T12:00:00+03:00
yt-oOD9NnTevH0,oOD9NnTevH0,https://www.youtube.com/watch?v=oOD9NnTevH0,original,en,MOTOTREK,training_channel,True,True,True,False,False,False,,True,description;chapters,high,high,summary_he;learning_points_he;fit_for_he;why_watch_he;exercises_he;equipment_he;safety_warnings_he;common_mistakes_he;quality_score;quality_reason_he;skill_level;risk_level;domain;primary_category;secondary_categories;tags;motorcycle_types;motorcycle_weight_classes;terrain_types;road_conditions;chapters;verification;last_checked,chapters;last_checked;verification,removed_generic=1,retain,הראיות והסיווג נמצאו תואמים; נשמרה הרשומה המאומתת.,הרשומה נבדקה מחדש מול מטא־דאטה חי וראיות התוכן המתועדות; לא נשמר תמלול בפרויקט.,2026-08-04T12:00:00+03:00
yt-fPBC3-rB994,fPBC3-rB994,https://www.youtube.com/watch?v=fPBC3-rB994,original,en,MOTOTREK,training_channel,True,True,True,True,True,False,,True,description;chapters;transcript,high,high,summary_he;learning_points_he;fit_for_he;why_watch_he;exercises_he;equipment_he;safety_warnings_he;common_mistakes_he;quality_score;quality_reason_he;skill_level;risk_level;domain;primary_category;secondary_categories;tags;motorcycle_types;motorcycle_weight_classes;terrain_types;road_conditions;chapters;verification;last_checked,chapters;last_checked;verification,removed_generic=0,retain,הראיות והסיווג נמצאו תואמים; נשמרה הרשומה המאומתת.,הרשומה נבדקה מחדש מול מטא־דאטה חי וראיות התוכן המתועדות; לא נשמר תמלול בפרויקט.,2026-08-04T12:00:00+03:00
yt-CI6h7XtyINY,CI6h7XtyINY,https://www.youtube.com/watch?v=CI6h7XtyINY,original,en,OFFroad-OFFcourse,community_educator,True,True,True,False,False,False,,True,description;chapters,high,removed,summary_he;learning_points_he;fit_for_he;why_watch_he;exercises_he;equipment_he;safety_warnings_he;common_mistakes_he;quality_score;quality_reason_he;skill_level;risk_level;domain;primary_category;secondary_categories;tags;motorcycle_types;motorcycle_weight_classes;terrain_types;road_conditions;chapters;verification;last_checked,record_removed,removed_with_record=3,replace,"רשומת מתלים בציון 3 הוחלפה משום שהמאגר כבר כולל כיסוי מתלים עמוק ואיכותי יותר, בעוד שבדיקת החיפוש הסופית הוכיחה שחסר סרטון שלישי ישיר ל־ABS בשטח.",ההחלפה בוצעה לאחר בדיקת Top-3 סופית; כיסוי המתלים נשאר רחב ומאומת.,2026-08-04T14:00:00+03:00
yt-iLqs-fA7RRk,iLqs-fA7RRk,https://www.youtube.com/watch?v=iLqs-fA7RRk,original,en,RIDE Adventures,training_channel,True,True,True,True,True,False,,True,description;chapters;transcript,high,high,summary_he;learning_points_he;fit_for_he;why_watch_he;exercises_he;equipment_he;safety_warnings_he;common_mistakes_he;quality_score;quality_reason_he;skill_level;risk_level;domain;primary_category;secondary_categories;tags;motorcycle_types;motorcycle_weight_classes;terrain_types;road_conditions;chapters;verification;last_checked,chapters;last_checked;verification,removed_generic=1,retain,הראיות והסיווג נמצאו תואמים; נשמרה הרשומה המאומתת.,הרשומה נבדקה מחדש מול מטא־דאטה חי וראיות התוכן המתועדות; לא נשמר תמלול בפרויקט.,2026-08-04T12:00:00+03:00
yt-QQfz2G4E1zo,QQfz2G4E1zo,https://www.youtube.com/watch?v=QQfz2G4E1zo,original,en,SoCal Off-Road School,riding_school,True,True,True,True,True,False,,True,description;transcript,medium,high,summary_he;learning_points_he;fit_for_he;why_watch_he;exercises_he;equipment_he;safety_warnings_he;common_mistakes_he;quality_score;quality_reason_he;skill_level;risk_level;domain;primary_category;secondary_categories;tags;motorcycle_types;motorcycle_weight_classes;terrain_types;road_conditions;chapters;verification;last_checked,chapters;last_checked;verification,removed_generic=0,retain,הראיות והסיווג נמצאו תואמים; נשמרה הרשומה המאומתת.,הרשומה נבדקה מחדש מול מטא־דאטה חי וראיות התוכן המתועדות; לא נשמר תמלול בפרויקט.,2026-08-04T12:00:00+03:00
yt-187PCpqGp74,187PCpqGp74,https://www.youtube.com/watch?v=187PCpqGp74,original,en,SoCal Off-Road School,riding_school,True,True,True,False,False,False,,True,description;chapters,high,high,summary_he;learning_points_he;fit_for_he;why_watch_he;exercises_he;equipment_he;safety_warnings_he;common_mistakes_he;quality_score;quality_reason_he;skill_level;risk_level;domain;primary_category;secondary_categories;tags;motorcycle_types;motorcycle_weight_classes;terrain_types;road_conditions;chapters;verification;last_checked,chapters;last_checked;verification,removed_generic=2,retain,הראיות והסיווג נמצאו תואמים; נשמרה הרשומה המאומתת.,הרשומה נבדקה מחדש מול מטא־דאטה חי וראיות התוכן המתועדות; לא נשמר תמלול בפרויקט.,2026-08-04T12:00:00+03:00
yt-gOsYp0-dBuc,gOsYp0-dBuc,https://www.youtube.com/watch?v=gOsYp0-dBuc,original,en,Adam Riemann,experienced_rider,True,True,True,True,True,False,,True,description;chapters;transcript,high,high,summary_he;learning_points_he;fit_for_he;why_watch_he;exercises_he;equipment_he;safety_warnings_he;common_mistakes_he;quality_score;quality_reason_he;skill_level;risk_level;domain;primary_category;secondary_categories;tags;motorcycle_types;motorcycle_weight_classes;terrain_types;road_conditions;chapters;verification;last_checked,chapters;last_checked;verification,removed_generic=2,retain,הראיות והסיווג נמצאו תואמים; נשמרה הרשומה המאומתת.,הרשומה נבדקה מחדש מול מטא־דאטה חי וראיות התוכן המתועדות; לא נשמר תמלול בפרויקט.,2026-08-04T12:00:00+03:00
yt-fzzstihkRXI,fzzstihkRXI,https://www.youtube.com/watch?v=fzzstihkRXI,original,en,Adam Riemann,experienced_rider,True,True,True,True,True,False,,True,description;chapters;transcript,high,high,summary_he;learning_points_he;fit_for_he;why_watch_he;exercises_he;equipment_he;safety_warnings_he;common_mistakes_he;quality_score;quality_reason_he;skill_level;risk_level;domain;primary_category;secondary_categories;tags;motorcycle_types;motorcycle_weight_classes;terrain_types;road_conditions;chapters;verification;last_checked,chapters;last_checked;verification,removed_generic=1,retain,הראיות והסיווג נמצאו תואמים; נשמרה הרשומה המאומתת.,הרשומה נבדקה מחדש מול מטא־דאטה חי וראיות התוכן המתועדות; לא נשמר תמלול בפרויקט.,2026-08-04T12:00:00+03:00
yt-ZGS_MoW7yps,ZGS_MoW7yps,https://www.youtube.com/watch?v=ZGS_MoW7yps,original,en,Bret Tkacs ADV,professional_instructor,True,True,True,True,True,False,,True,description;chapters;transcript,high,high,summary_he;learning_points_he;fit_for_he;why_watch_he;exercises_he;equipment_he;safety_warnings_he;common_mistakes_he;quality_score;quality_reason_he;skill_level;risk_level;domain;primary_category;secondary_categories;tags;motorcycle_types;motorcycle_weight_classes;terrain_types;road_conditions;chapters;verification;last_checked,chapters;last_checked;verification,removed_generic=0,retain,הראיות והסיווג נמצאו תואמים; נשמרה הרשומה המאומתת.,הרשומה נבדקה מחדש מול מטא־דאטה חי וראיות התוכן המתועדות; לא נשמר תמלול בפרויקט.,2026-08-04T12:00:00+03:00
yt-qe-9xUK5V-c,qe-9xUK5V-c,https://www.youtube.com/watch?v=qe-9xUK5V-c,original,en,MOTOTREK,training_channel,True,True,True,False,False,False,,True,description,medium,removed,summary_he;learning_points_he;fit_for_he;why_watch_he;exercises_he;equipment_he;safety_warnings_he;common_mistakes_he;quality_score;quality_reason_he;skill_level;risk_level;domain;primary_category;secondary_categories;tags;motorcycle_types;motorcycle_weight_classes;terrain_types;road_conditions;chapters;verification;last_checked,record_removed,removed_generic=0,replace,הוחלף כי רמת הראיות לפני השחרור הייתה בינונית וכדי לעמוד במגבלת 20 סרטונים לערוץ.,הרשומה נבדקה מחדש מול מטא־דאטה חי וראיות התוכן המתועדות; לא נשמר תמלול בפרויקט.,2026-08-04T12:00:00+03:00
yt-x2Jy7TEAv7o,x2Jy7TEAv7o,https://www.youtube.com/watch?v=x2Jy7TEAv7o,original,en,SoCal Off-Road School,riding_school,True,True,True,True,True,False,,True,description;transcript,medium,high,summary_he;learning_points_he;fit_for_he;why_watch_he;exercises_he;equipment_he;safety_warnings_he;common_mistakes_he;quality_score;quality_reason_he;skill_level;risk_level;domain;primary_category;secondary_categories;tags;motorcycle_types;motorcycle_weight_classes;terrain_types;road_conditions;chapters;verification;last_checked,chapters;last_checked;verification,removed_generic=0,retain,הראיות והסיווג נמצאו תואמים; נשמרה הרשומה המאומתת.,הרשומה נבדקה מחדש מול מטא־דאטה חי וראיות התוכן המתועדות; לא נשמר תמלול בפרויקט.,2026-08-04T12:00:00+03:00
yt-2xksIqgdFaU,2xksIqgdFaU,https://www.youtube.com/watch?v=2xksIqgdFaU,original,en,ADVMotoSkillZ,riding_school,True,True,True,True,True,False,,True,description;transcript,medium,high,summary_he;learning_points_he;fit_for_he;why_watch_he;exercises_he;equipment_he;safety_warnings_he;common_mistakes_he;quality_score;quality_reason_he;skill_level;risk_level;domain;primary_category;secondary_categories;tags;motorcycle_types;motorcycle_weight_classes;terrain_types;road_conditions;chapters;verification;last_checked,chapters;last_checked;verification,removed_generic=0,retain,הראיות והסיווג נמצאו תואמים; נשמרה הרשומה המאומתת.,הרשומה נבדקה מחדש מול מטא־דאטה חי וראיות התוכן המתועדות; לא נשמר תמלול בפרויקט.,2026-08-04T12:00:00+03:00
yt-sqhJXK1wKsM,sqhJXK1wKsM,https://www.youtube.com/watch?v=sqhJXK1wKsM,original,en,MOTOTREK,training_channel,True,True,True,False,False,False,,True,description,medium,removed,summary_he;learning_points_he;fit_for_he;why_watch_he;exercises_he;equipment_he;safety_warnings_he;common_mistakes_he;quality_score;quality_reason_he;skill_level;risk_level;domain;primary_category;secondary_categories;tags;motorcycle_types;motorcycle_weight_classes;terrain_types;road_conditions;chapters;verification;last_checked,record_removed,removed_generic=0,replace,הוחלף כי רמת הראיות לפני השחרור הייתה בינונית וכדי לעמוד במגבלת 20 סרטונים לערוץ.,הרשומה נבדקה מחדש מול מטא־דאטה חי וראיות התוכן המתועדות; לא נשמר תמלול בפרויקט.,2026-08-04T12:00:00+03:00
yt-ltq3ZbQlh-M,ltq3ZbQlh-M,https://www.youtube.com/watch?v=ltq3ZbQlh-M,original,en,Safe2Ride,riding_school,True,True,True,True,True,False,,True,description;transcript,medium,high,summary_he;learning_points_he;fit_for_he;why_watch_he;exercises_he;equipment_he;safety_warnings_he;common_mistakes_he;quality_score;quality_reason_he;skill_level;risk_level;domain;primary_category;secondary_categories;tags;motorcycle_types;motorcycle_weight_classes;terrain_types;road_conditions;chapters;verification;last_checked,chapters;last_checked;verification,removed_generic=0,retain,הראיות והסיווג נמצאו תואמים; נשמרה הרשומה המאומתת.,הרשומה נבדקה מחדש מול מטא־דאטה חי וראיות התוכן המתועדות; לא נשמר תמלול בפרויקט.,2026-08-04T12:00:00+03:00
yt-c8_2rRxXmAc,c8_2rRxXmAc,https://www.youtube.com/watch?v=c8_2rRxXmAc,original,en,Adam Riemann,experienced_rider,True,True,True,True,True,False,,True,description;transcript,medium,high,summary_he;learning_points_he;fit_for_he;why_watch_he;exercises_he;equipment_he;safety_warnings_he;common_mistakes_he;quality_score;quality_reason_he;skill_level;risk_level;domain;primary_category;secondary_categories;tags;motorcycle_types;motorcycle_weight_classes;terrain_types;road_conditions;chapters;verification;last_checked,chapters;last_checked;verification,removed_generic=0,retain,הראיות והסיווג נמצאו תואמים; נשמרה הרשומה המאומתת.,הרשומה נבדקה מחדש מול מטא־דאטה חי וראיות התוכן המתועדות; לא נשמר תמלול בפרויקט.,2026-08-04T12:00:00+03:00
yt-Q_XbCeHBkt4,Q_XbCeHBkt4,https://www.youtube.com/watch?v=Q_XbCeHBkt4,original,en,Adventure Bike Experience ,riding_school,True,True,True,True,True,False,,True,description;transcript,medium,high,summary_he;learning_points_he;fit_for_he;why_watch_he;exercises_he;equipment_he;safety_warnings_he;common_mistakes_he;quality_score;quality_reason_he;skill_level;risk_level;domain;primary_category;secondary_categories;tags;motorcycle_types;motorcycle_weight_classes;terrain_types;road_conditions;chapters;verification;last_checked,chapters;last_checked;verification,removed_generic=0,retain,הראיות והסיווג נמצאו תואמים; נשמרה הרשומה המאומתת.,הרשומה נבדקה מחדש מול מטא־דאטה חי וראיות התוכן המתועדות; לא נשמר תמלול בפרויקט.,2026-08-04T12:00:00+03:00
yt-qrPj0Tr1r74,qrPj0Tr1r74,https://www.youtube.com/watch?v=qrPj0Tr1r74,original,en,Cross Training Enduro,training_channel,True,True,True,True,True,False,,True,description;chapters;transcript,high,high,summary_he;learning_points_he;fit_for_he;why_watch_he;exercises_he;equipment_he;safety_warnings_he;common_mistakes_he;quality_score;quality_reason_he;skill_level;risk_level;domain;primary_category;secondary_categories;tags;motorcycle_types;motorcycle_weight_classes;terrain_types;road_conditions;chapters;verification;last_checked,chapters;last_checked;verification,removed_generic=0,retain,הראיות והסיווג נמצאו תואמים; נשמרה הרשומה המאומתת.,הרשומה נבדקה מחדש מול מטא־דאטה חי וראיות התוכן המתועדות; לא נשמר תמלול בפרויקט.,2026-08-04T12:00:00+03:00
yt-soVOMETfYPA,soVOMETfYPA,https://www.youtube.com/watch?v=soVOMETfYPA,original,en,Adventure Bike Experience ,riding_school,True,True,True,True,True,False,,True,description;transcript,medium,high,summary_he;learning_points_he;fit_for_he;why_watch_he;exercises_he;equipment_he;safety_warnings_he;common_mistakes_he;quality_score;quality_reason_he;skill_level;risk_level;domain;primary_category;secondary_categories;tags;motorcycle_types;motorcycle_weight_classes;terrain_types;road_conditions;chapters;verification;last_checked,chapters;last_checked;verification,removed_generic=0,retain,הראיות והסיווג נמצאו תואמים; נשמרה הרשומה המאומתת.,הרשומה נבדקה מחדש מול מטא־דאטה חי וראיות התוכן המתועדות; לא נשמר תמלול בפרויקט.,2026-08-04T12:00:00+03:00
yt-60isWQSlMg0,60isWQSlMg0,https://www.youtube.com/watch?v=60isWQSlMg0,original,en,Bennetts BikeSocial,training_channel,True,True,True,False,False,False,,True,description;chapters,high,high,summary_he;learning_points_he;fit_for_he;why_watch_he;exercises_he;equipment_he;safety_warnings_he;common_mistakes_he;quality_score;quality_reason_he;skill_level;risk_level;domain;primary_category;secondary_categories;tags;motorcycle_types;motorcycle_weight_classes;terrain_types;road_conditions;chapters;verification;last_checked,chapters;last_checked;verification,removed_generic=1,retain,הראיות והסיווג נמצאו תואמים; נשמרה הרשומה המאומתת.,הרשומה נבדקה מחדש מול מטא־דאטה חי וראיות התוכן המתועדות; לא נשמר תמלול בפרויקט.,2026-08-04T12:00:00+03:00
yt-_ZH6lgTmpCs,_ZH6lgTmpCs,https://www.youtube.com/watch?v=_ZH6lgTmpCs,original,en,Motorcycle Lessons UK,riding_school,True,True,True,True,True,False,,True,description;chapters;transcript,high,high,summary_he;learning_points_he;fit_for_he;why_watch_he;exercises_he;equipment_he;safety_warnings_he;common_mistakes_he;quality_score;quality_reason_he;skill_level;risk_level;domain;primary_category;secondary_categories;tags;motorcycle_types;motorcycle_weight_classes;terrain_types;road_conditions;chapters;verification;last_checked,chapters;last_checked;verification,removed_generic=0,retain,הראיות והסיווג נמצאו תואמים; נשמרה הרשומה המאומתת.,הרשומה נבדקה מחדש מול מטא־דאטה חי וראיות התוכן המתועדות; לא נשמר תמלול בפרויקט.,2026-08-04T12:00:00+03:00
yt-wu01iLFdTE0,wu01iLFdTE0,https://www.youtube.com/watch?v=wu01iLFdTE0,original,en,Lets Ride Bikes,experienced_rider,True,True,True,True,True,False,,True,description;chapters;transcript,high,high,summary_he;learning_points_he;fit_for_he;why_watch_he;exercises_he;equipment_he;safety_warnings_he;common_mistakes_he;quality_score;quality_reason_he;skill_level;risk_level;domain;primary_category;secondary_categories;tags;motorcycle_types;motorcycle_weight_classes;terrain_types;road_conditions;chapters;verification;last_checked,chapters;last_checked;verification,removed_generic=2,retain,הראיות והסיווג נמצאו תואמים; נשמרה הרשומה המאומתת.,הרשומה נבדקה מחדש מול מטא־דאטה חי וראיות התוכן המתועדות; לא נשמר תמלול בפרויקט.,2026-08-04T12:00:00+03:00
yt-uvPpdzE1ZZ0,uvPpdzE1ZZ0,https://www.youtube.com/watch?v=uvPpdzE1ZZ0,original,en,Instructor Cory,professional_instructor,True,True,True,True,True,False,,True,description;chapters;transcript,high,high,summary_he;learning_points_he;fit_for_he;why_watch_he;exercises_he;equipment_he;safety_warnings_he;common_mistakes_he;quality_score;quality_reason_he;skill_level;risk_level;domain;primary_category;secondary_categories;tags;motorcycle_types;motorcycle_weight_classes;terrain_types;road_conditions;chapters;verification;last_checked,chapters;last_checked;verification,removed_generic=2,retain,הראיות והסיווג נמצאו תואמים; נשמרה הרשומה המאומתת.,הרשומה נבדקה מחדש מול מטא־דאטה חי וראיות התוכן המתועדות; לא נשמר תמלול בפרויקט.,2026-08-04T12:00:00+03:00
yt-zVxVAUB8n78,zVxVAUB8n78,https://www.youtube.com/watch?v=zVxVAUB8n78,original,en,CanyonChasers,professional_instructor,True,True,True,True,True,False,,True,description;chapters;transcript,high,high,summary_he;learning_points_he;fit_for_he;why_watch_he;exercises_he;equipment_he;safety_warnings_he;common_mistakes_he;quality_score;quality_reason_he;skill_level;risk_level;domain;primary_category;secondary_categories;tags;motorcycle_types;motorcycle_weight_classes;terrain_types;road_conditions;chapters;verification;last_checked,chapters;last_checked;verification,removed_generic=1,retain,הראיות והסיווג נמצאו תואמים; נשמרה הרשומה המאומתת.,הרשומה נבדקה מחדש מול מטא־דאטה חי וראיות התוכן המתועדות; לא נשמר תמלול בפרויקט.,2026-08-04T12:00:00+03:00
yt-IS2mLzMgals,IS2mLzMgals,https://www.youtube.com/watch?v=IS2mLzMgals,original,en,FortNine,training_channel,True,True,True,True,True,False,,True,description;chapters;transcript,high,high,summary_he;learning_points_he;fit_for_he;why_watch_he;exercises_he;equipment_he;safety_warnings_he;common_mistakes_he;quality_score;quality_reason_he;skill_level;risk_level;domain;primary_category;secondary_categories;tags;motorcycle_types;motorcycle_weight_classes;terrain_types;road_conditions;chapters;verification;last_checked,chapters;last_checked;verification,removed_generic=1,retain,הראיות והסיווג נמצאו תואמים; נשמרה הרשומה המאומתת.,הרשומה נבדקה מחדש מול מטא־דאטה חי וראיות התוכן המתועדות; לא נשמר תמלול בפרויקט.,2026-08-04T12:00:00+03:00
yt-wdESPaOqd8I,wdESPaOqd8I,https://www.youtube.com/watch?v=wdESPaOqd8I,original,en,Moto Control,training_channel,True,True,True,True,True,False,,True,description;chapters;transcript,high,high,summary_he;learning_points_he;fit_for_he;why_watch_he;exercises_he;equipment_he;safety_warnings_he;common_mistakes_he;quality_score;quality_reason_he;skill_level;risk_level;domain;primary_category;secondary_categories;tags;motorcycle_types;motorcycle_weight_classes;terrain_types;road_conditions;chapters;verification;last_checked,chapters;last_checked;verification,removed_generic=1,retain,הראיות והסיווג נמצאו תואמים; נשמרה הרשומה המאומתת.,הרשומה נבדקה מחדש מול מטא־דאטה חי וראיות התוכן המתועדות; לא נשמר תמלול בפרויקט.,2026-08-04T12:00:00+03:00
yt-LCYXUCRHzww,LCYXUCRHzww,https://www.youtube.com/watch?v=LCYXUCRHzww,original,en,Tularosa Moto,experienced_rider,True,True,True,True,True,False,,True,description;chapters;transcript,high,high,summary_he;learning_points_he;fit_for_he;why_watch_he;exercises_he;equipment_he;safety_warnings_he;common_mistakes_he;quality_score;quality_reason_he;skill_level;risk_level;domain;primary_category;secondary_categories;tags;motorcycle_types;motorcycle_weight_classes;terrain_types;road_conditions;chapters;verification;last_checked,chapters;last_checked;verification,removed_generic=2,retain,הראיות והסיווג נמצאו תואמים; נשמרה הרשומה המאומתת.,הרשומה נבדקה מחדש מול מטא־דאטה חי וראיות התוכן המתועדות; לא נשמר תמלול בפרויקט.,2026-08-04T12:00:00+03:00
yt-NN1twMtJrlA,NN1twMtJrlA,https://www.youtube.com/watch?v=NN1twMtJrlA,original,en,Northern Road Kings,community_educator,True,True,True,True,True,False,,True,description;chapters;transcript,high,high,summary_he;learning_points_he;fit_for_he;why_watch_he;exercises_he;equipment_he;safety_warnings_he;common_mistakes_he;quality_score;quality_reason_he;skill_level;risk_level;domain;primary_category;secondary_categories;tags;motorcycle_types;motorcycle_weight_classes;terrain_types;road_conditions;chapters;verification;last_checked,chapters;last_checked;verification,removed_generic=3,retain,הראיות והסיווג נמצאו תואמים; נשמרה הרשומה המאומתת.,הרשומה נבדקה מחדש מול מטא־דאטה חי וראיות התוכן המתועדות; לא נשמר תמלול בפרויקט.,2026-08-04T12:00:00+03:00
yt-fl9mfnpJ1wo,fl9mfnpJ1wo,https://www.youtube.com/watch?v=fl9mfnpJ1wo,original,en,StreetSmartsQLD,community_educator,True,True,True,True,True,False,,True,description;chapters;transcript,high,high,summary_he;learning_points_he;fit_for_he;why_watch_he;exercises_he;equipment_he;safety_warnings_he;common_mistakes_he;quality_score;quality_reason_he;skill_level;risk_level;domain;primary_category;secondary_categories;tags;motorcycle_types;motorcycle_weight_classes;terrain_types;road_conditions;chapters;verification;last_checked,chapters;last_checked;verification,removed_generic=0,retain,הראיות והסיווג נמצאו תואמים; נשמרה הרשומה המאומתת.,הרשומה נבדקה מחדש מול מטא־דאטה חי וראיות התוכן המתועדות; לא נשמר תמלול בפרויקט.,2026-08-04T12:00:00+03:00
yt-PtRYyP96HHA,PtRYyP96HHA,https://www.youtube.com/watch?v=PtRYyP96HHA,original,en,Lets Ride Bikes,experienced_rider,True,True,True,False,False,False,,True,description;chapters,high,high,summary_he;learning_points_he;fit_for_he;why_watch_he;exercises_he;equipment_he;safety_warnings_he;common_mistakes_he;quality_score;quality_reason_he;skill_level;risk_level;domain;primary_category;secondary_categories;tags;motorcycle_types;motorcycle_weight_classes;terrain_types;road_conditions;chapters;verification;last_checked,chapters;last_checked;verification,removed_generic=2,retain,הראיות והסיווג נמצאו תואמים; נשמרה הרשומה המאומתת.,הרשומה נבדקה מחדש מול מטא־דאטה חי וראיות התוכן המתועדות; לא נשמר תמלול בפרויקט.,2026-08-04T12:00:00+03:00
yt-U64nD-GHkik,U64nD-GHkik,https://www.youtube.com/watch?v=U64nD-GHkik,original,en,RevZilla,training_channel,True,True,True,False,False,False,,True,description;chapters,high,high,summary_he;learning_points_he;fit_for_he;why_watch_he;exercises_he;equipment_he;safety_warnings_he;common_mistakes_he;quality_score;quality_reason_he;skill_level;risk_level;domain;primary_category;secondary_categories;tags;motorcycle_types;motorcycle_weight_classes;terrain_types;road_conditions;chapters;verification;last_checked,chapters;last_checked;verification,removed_generic=3,retain,הראיות והסיווג נמצאו תואמים; נשמרה הרשומה המאומתת.,הרשומה נבדקה מחדש מול מטא־דאטה חי וראיות התוכן המתועדות; לא נשמר תמלול בפרויקט.,2026-08-04T12:00:00+03:00
yt-glxMLJ1A6rk,glxMLJ1A6rk,https://www.youtube.com/watch?v=glxMLJ1A6rk,original,en,Stay Upright Rider Training,riding_school,True,True,True,True,True,False,,True,description;chapters;transcript,high,high,summary_he;learning_points_he;fit_for_he;why_watch_he;exercises_he;equipment_he;safety_warnings_he;common_mistakes_he;quality_score;quality_reason_he;skill_level;risk_level;domain;primary_category;secondary_categories;tags;motorcycle_types;motorcycle_weight_classes;terrain_types;road_conditions;chapters;verification;last_checked,chapters;last_checked;verification,removed_generic=0,retain,הראיות והסיווג נמצאו תואמים; נשמרה הרשומה המאומתת.,הרשומה נבדקה מחדש מול מטא־דאטה חי וראיות התוכן המתועדות; לא נשמר תמלול בפרויקט.,2026-08-04T12:00:00+03:00
yt-PLH1U7SnnZA,PLH1U7SnnZA,https://www.youtube.com/watch?v=PLH1U7SnnZA,original,en,Herndon Police Department,professional_instructor,True,True,True,True,True,False,,True,description;transcript,medium,high,summary_he;learning_points_he;fit_for_he;why_watch_he;exercises_he;equipment_he;safety_warnings_he;common_mistakes_he;quality_score;quality_reason_he;skill_level;risk_level;domain;primary_category;secondary_categories;tags;motorcycle_types;motorcycle_weight_classes;terrain_types;road_conditions;chapters;verification;last_checked,chapters;last_checked;verification,removed_generic=0,retain,הראיות והסיווג נמצאו תואמים; נשמרה הרשומה המאומתת.,הרשומה נבדקה מחדש מול מטא־דאטה חי וראיות התוכן המתועדות; לא נשמר תמלול בפרויקט.,2026-08-04T12:00:00+03:00
yt-d89y0c0SP94,d89y0c0SP94,https://www.youtube.com/watch?v=d89y0c0SP94,original,ja,JAF Channel,community_educator,True,True,True,False,False,False,,True,description,high,removed,summary_he;learning_points_he;fit_for_he;why_watch_he;exercises_he;equipment_he;safety_warnings_he;common_mistakes_he;quality_score;quality_reason_he;skill_level;risk_level;domain;primary_category;secondary_categories;tags;motorcycle_types;motorcycle_weight_classes;terrain_types;road_conditions;chapters;verification;last_checked,record_removed,removed_generic=0,replace,שפת המקור יפנית ואינה מותרת ב־Release 1.0.,הרשומה נבדקה מחדש מול מטא־דאטה חי וראיות התוכן המתועדות; לא נשמר תמלול בפרויקט.,2026-08-04T12:00:00+03:00
yt-2MxS9AmtyDA,2MxS9AmtyDA,https://www.youtube.com/watch?v=2MxS9AmtyDA,original,ja,JAF Channel,community_educator,True,True,True,False,False,False,,True,description,high,removed,summary_he;learning_points_he;fit_for_he;why_watch_he;exercises_he;equipment_he;safety_warnings_he;common_mistakes_he;quality_score;quality_reason_he;skill_level;risk_level;domain;primary_category;secondary_categories;tags;motorcycle_types;motorcycle_weight_classes;terrain_types;road_conditions;chapters;verification;last_checked,record_removed,removed_generic=0,replace,שפת המקור יפנית ואינה מותרת ב־Release 1.0.,הרשומה נבדקה מחדש מול מטא־דאטה חי וראיות התוכן המתועדות; לא נשמר תמלול בפרויקט.,2026-08-04T12:00:00+03:00
yt-HxJPOQ_4L18,HxJPOQ_4L18,https://www.youtube.com/watch?v=HxJPOQ_4L18,original,en,Joe Goe Motorcycle Adventures,experienced_rider,True,True,True,True,True,False,,True,description;transcript,medium,high,summary_he;learning_points_he;fit_for_he;why_watch_he;exercises_he;equipment_he;safety_warnings_he;common_mistakes_he;quality_score;quality_reason_he;skill_level;risk_level;domain;primary_category;secondary_categories;tags;motorcycle_types;motorcycle_weight_classes;terrain_types;road_conditions;chapters;verification;last_checked,chapters;last_checked;verification,removed_generic=0,retain,הראיות והסיווג נמצאו תואמים; נשמרה הרשומה המאומתת.,הרשומה נבדקה מחדש מול מטא־דאטה חי וראיות התוכן המתועדות; לא נשמר תמלול בפרויקט.,2026-08-04T12:00:00+03:00
yt-SQhttXPPOsU,SQhttXPPOsU,https://www.youtube.com/watch?v=SQhttXPPOsU,original,en,Stay Upright Rider Training,riding_school,True,True,True,False,False,False,,True,description;chapters,high,high,summary_he;learning_points_he;fit_for_he;why_watch_he;exercises_he;equipment_he;safety_warnings_he;common_mistakes_he;quality_score;quality_reason_he;skill_level;risk_level;domain;primary_category;secondary_categories;tags;motorcycle_types;motorcycle_weight_classes;terrain_types;road_conditions;chapters;verification;last_checked,chapters;last_checked;verification,removed_generic=1,retain,הראיות והסיווג נמצאו תואמים; נשמרה הרשומה המאומתת.,הרשומה נבדקה מחדש מול מטא־דאטה חי וראיות התוכן המתועדות; לא נשמר תמלול בפרויקט.,2026-08-04T12:00:00+03:00
yt-PCrh2Jp0w_8,PCrh2Jp0w_8,https://www.youtube.com/watch?v=PCrh2Jp0w_8,original,en,AyseRides,community_educator,True,True,True,False,False,False,,True,description;chapters,high,high,summary_he;learning_points_he;fit_for_he;why_watch_he;exercises_he;equipment_he;safety_warnings_he;common_mistakes_he;quality_score;quality_reason_he;skill_level;risk_level;domain;primary_category;secondary_categories;tags;motorcycle_types;motorcycle_weight_classes;terrain_types;road_conditions;chapters;verification;last_checked,chapters;last_checked;verification,removed_generic=1,retain,הראיות והסיווג נמצאו תואמים; נשמרה הרשומה המאומתת.,הרשומה נבדקה מחדש מול מטא־דאטה חי וראיות התוכן המתועדות; לא נשמר תמלול בפרויקט.,2026-08-04T12:00:00+03:00
yt-aAybwTYH8YY,aAybwTYH8YY,https://www.youtube.com/watch?v=aAybwTYH8YY,original,en,Stay Upright Rider Training,riding_school,True,True,True,True,True,False,,True,description;chapters;transcript,high,high,summary_he;learning_points_he;fit_for_he;why_watch_he;exercises_he;equipment_he;safety_warnings_he;common_mistakes_he;quality_score;quality_reason_he;skill_level;risk_level;domain;primary_category;secondary_categories;tags;motorcycle_types;motorcycle_weight_classes;terrain_types;road_conditions;chapters;verification;last_checked,chapters;last_checked;verification,removed_generic=2,retain,הראיות והסיווג נמצאו תואמים; נשמרה הרשומה המאומתת.,הרשומה נבדקה מחדש מול מטא־דאטה חי וראיות התוכן המתועדות; לא נשמר תמלול בפרויקט.,2026-08-04T12:00:00+03:00
yt-VFZoZLMZGqQ,VFZoZLMZGqQ,https://www.youtube.com/watch?v=VFZoZLMZGqQ,original,en,CanyonChasers,professional_instructor,True,True,True,True,True,False,,True,description;chapters;transcript,high,high,summary_he;learning_points_he;fit_for_he;why_watch_he;exercises_he;equipment_he;safety_warnings_he;common_mistakes_he;quality_score;quality_reason_he;skill_level;risk_level;domain;primary_category;secondary_categories;tags;motorcycle_types;motorcycle_weight_classes;terrain_types;road_conditions;chapters;verification;last_checked,chapters;last_checked;verification,removed_generic=0,retain,הראיות והסיווג נמצאו תואמים; נשמרה הרשומה המאומתת.,הרשומה נבדקה מחדש מול מטא־דאטה חי וראיות התוכן המתועדות; לא נשמר תמלול בפרויקט.,2026-08-04T12:00:00+03:00
yt-nIBaSEVtkoM,nIBaSEVtkoM,https://www.youtube.com/watch?v=nIBaSEVtkoM,original,en,Sandman Rides,experienced_rider,True,True,True,True,True,False,,True,description;chapters;transcript,high,high,summary_he;learning_points_he;fit_for_he;why_watch_he;exercises_he;equipment_he;safety_warnings_he;common_mistakes_he;quality_score;quality_reason_he;skill_level;risk_level;domain;primary_category;secondary_categories;tags;motorcycle_types;motorcycle_weight_classes;terrain_types;road_conditions;chapters;verification;last_checked,chapters;last_checked;verification,removed_generic=1,retain,הראיות והסיווג נמצאו תואמים; נשמרה הרשומה המאומתת.,הרשומה נבדקה מחדש מול מטא־דאטה חי וראיות התוכן המתועדות; לא נשמר תמלול בפרויקט.,2026-08-04T12:00:00+03:00
yt-rntIL0OFaBE,rntIL0OFaBE,https://www.youtube.com/watch?v=rntIL0OFaBE,original,en,Living Off The Slab,experienced_rider,True,True,True,True,True,False,,True,description;chapters;transcript,high,high,summary_he;learning_points_he;fit_for_he;why_watch_he;exercises_he;equipment_he;safety_warnings_he;common_mistakes_he;quality_score;quality_reason_he;skill_level;risk_level;domain;primary_category;secondary_categories;tags;motorcycle_types;motorcycle_weight_classes;terrain_types;road_conditions;chapters;verification;last_checked,chapters;last_checked;verification,removed_generic=1,retain,הראיות והסיווג נמצאו תואמים; נשמרה הרשומה המאומתת.,הרשומה נבדקה מחדש מול מטא־דאטה חי וראיות התוכן המתועדות; לא נשמר תמלול בפרויקט.,2026-08-04T12:00:00+03:00
yt-HGU8gAIq9ME,HGU8gAIq9ME,https://www.youtube.com/watch?v=HGU8gAIq9ME,original,en,Road Safety Commission,community_educator,True,True,True,False,False,True,00:35-00:40,True,description;visual_review,medium,high,summary_he;learning_points_he;fit_for_he;why_watch_he;exercises_he;equipment_he;safety_warnings_he;common_mistakes_he;quality_score;quality_reason_he;skill_level;risk_level;domain;primary_category;secondary_categories;tags;motorcycle_types;motorcycle_weight_classes;terrain_types;road_conditions;chapters;verification;last_checked,chapters;last_checked;verification,removed_generic=0,retain,הראיות והסיווג נמצאו תואמים; נשמרה הרשומה המאומתת.,הרשומה נבדקה מחדש מול מטא־דאטה חי וראיות התוכן המתועדות; לא נשמר תמלול בפרויקט.,2026-08-04T12:00:00+03:00
yt-iAtMCkCzmOE,iAtMCkCzmOE,https://www.youtube.com/watch?v=iAtMCkCzmOE,original,en,RevZilla,training_channel,True,True,True,False,False,False,,True,description;chapters,high,high,summary_he;learning_points_he;fit_for_he;why_watch_he;exercises_he;equipment_he;safety_warnings_he;common_mistakes_he;quality_score;quality_reason_he;skill_level;risk_level;domain;primary_category;secondary_categories;tags;motorcycle_types;motorcycle_weight_classes;terrain_types;road_conditions;chapters;verification;last_checked,chapters;last_checked;verification,removed_generic=1,retain,הראיות והסיווג נמצאו תואמים; נשמרה הרשומה המאומתת.,הרשומה נבדקה מחדש מול מטא־דאטה חי וראיות התוכן המתועדות; לא נשמר תמלול בפרויקט.,2026-08-04T12:00:00+03:00
yt-wSHXslQGg9A,wSHXslQGg9A,https://www.youtube.com/watch?v=wSHXslQGg9A,original,en,DanDanTheFireman,training_channel,True,True,True,False,False,False,,True,description;chapters,high,high,summary_he;learning_points_he;fit_for_he;why_watch_he;exercises_he;equipment_he;safety_warnings_he;common_mistakes_he;quality_score;quality_reason_he;skill_level;risk_level;domain;primary_category;secondary_categories;tags;motorcycle_types;motorcycle_weight_classes;terrain_types;road_conditions;chapters;verification;last_checked,chapters;last_checked;verification,removed_generic=0,retain,הראיות והסיווג נמצאו תואמים; נשמרה הרשומה המאומתת.,הרשומה נבדקה מחדש מול מטא־דאטה חי וראיות התוכן המתועדות; לא נשמר תמלול בפרויקט.,2026-08-04T12:00:00+03:00
yt-LWeMd7FBctk,LWeMd7FBctk,https://www.youtube.com/watch?v=LWeMd7FBctk,original,en,Gray Beard Biker,community_educator,True,True,True,False,False,False,,True,description;chapters,high,high,summary_he;learning_points_he;fit_for_he;why_watch_he;exercises_he;equipment_he;safety_warnings_he;common_mistakes_he;quality_score;quality_reason_he;skill_level;risk_level;domain;primary_category;secondary_categories;tags;motorcycle_types;motorcycle_weight_classes;terrain_types;road_conditions;chapters;verification;last_checked,chapters;last_checked;verification,removed_generic=1,retain,הראיות והסיווג נמצאו תואמים; נשמרה הרשומה המאומתת.,הרשומה נבדקה מחדש מול מטא־דאטה חי וראיות התוכן המתועדות; לא נשמר תמלול בפרויקט.,2026-08-04T12:00:00+03:00
yt-3J_iwYsggGM,3J_iwYsggGM,https://www.youtube.com/watch?v=3J_iwYsggGM,original,en,DanDanTheFireman,training_channel,True,True,True,True,True,False,,True,description;chapters;transcript,high,high,summary_he;learning_points_he;fit_for_he;why_watch_he;exercises_he;equipment_he;safety_warnings_he;common_mistakes_he;quality_score;quality_reason_he;skill_level;risk_level;domain;primary_category;secondary_categories;tags;motorcycle_types;motorcycle_weight_classes;terrain_types;road_conditions;chapters;verification;last_checked,chapters;last_checked;verification,removed_generic=2,retain,הראיות והסיווג נמצאו תואמים; נשמרה הרשומה המאומתת.,הרשומה נבדקה מחדש מול מטא־דאטה חי וראיות התוכן המתועדות; לא נשמר תמלול בפרויקט.,2026-08-04T12:00:00+03:00
yt-HbeehN-Ustk,HbeehN-Ustk,https://www.youtube.com/watch?v=HbeehN-Ustk,original,en,Firm Foundation,experienced_rider,True,True,True,True,True,False,,True,description;transcript,medium,high,summary_he;learning_points_he;fit_for_he;why_watch_he;exercises_he;equipment_he;safety_warnings_he;common_mistakes_he;quality_score;quality_reason_he;skill_level;risk_level;domain;primary_category;secondary_categories;tags;motorcycle_types;motorcycle_weight_classes;terrain_types;road_conditions;chapters;verification;last_checked,chapters;last_checked;verification,removed_generic=0,retain,הראיות והסיווג נמצאו תואמים; נשמרה הרשומה המאומתת.,הרשומה נבדקה מחדש מול מטא־דאטה חי וראיות התוכן המתועדות; לא נשמר תמלול בפרויקט.,2026-08-04T12:00:00+03:00
yt-H7osB9Apaq8,H7osB9Apaq8,https://www.youtube.com/watch?v=H7osB9Apaq8,original,en,Motorcycle Adventures,experienced_rider,True,True,True,True,True,False,,True,description;transcript,medium,high,summary_he;learning_points_he;fit_for_he;why_watch_he;exercises_he;equipment_he;safety_warnings_he;common_mistakes_he;quality_score;quality_reason_he;skill_level;risk_level;domain;primary_category;secondary_categories;tags;motorcycle_types;motorcycle_weight_classes;terrain_types;road_conditions;chapters;verification;last_checked,chapters;last_checked;verification,removed_generic=0,retain,הראיות והסיווג נמצאו תואמים; נשמרה הרשומה המאומתת.,הרשומה נבדקה מחדש מול מטא־דאטה חי וראיות התוכן המתועדות; לא נשמר תמלול בפרויקט.,2026-08-04T12:00:00+03:00
yt-QXl542xFnhU,QXl542xFnhU,https://www.youtube.com/watch?v=QXl542xFnhU,original,en,Cross Training Adventure,training_channel,True,True,True,False,False,False,,True,description;chapters,high,high,summary_he;learning_points_he;fit_for_he;why_watch_he;exercises_he;equipment_he;safety_warnings_he;common_mistakes_he;quality_score;quality_reason_he;skill_level;risk_level;domain;primary_category;secondary_categories;tags;motorcycle_types;motorcycle_weight_classes;terrain_types;road_conditions;chapters;verification;last_checked,chapters;last_checked;verification,removed_generic=1,retain,הראיות והסיווג נמצאו תואמים; נשמרה הרשומה המאומתת.,הרשומה נבדקה מחדש מול מטא־דאטה חי וראיות התוכן המתועדות; לא נשמר תמלול בפרויקט.,2026-08-04T12:00:00+03:00
yt-CCCl2KBpP5g,CCCl2KBpP5g,https://www.youtube.com/watch?v=CCCl2KBpP5g,original,en,MOTOTREK,professional_instructor,True,True,True,False,False,False,,True,description;chapters,high,high,summary_he;learning_points_he;fit_for_he;why_watch_he;exercises_he;equipment_he;safety_warnings_he;common_mistakes_he;quality_score;quality_reason_he;skill_level;risk_level;domain;primary_category;secondary_categories;tags;motorcycle_types;motorcycle_weight_classes;terrain_types;road_conditions;chapters;verification;last_checked,chapters;last_checked;verification,removed_generic=1,retain,הראיות והסיווג נמצאו תואמים; נשמרה הרשומה המאומתת.,הרשומה נבדקה מחדש מול מטא־דאטה חי וראיות התוכן המתועדות; לא נשמר תמלול בפרויקט.,2026-08-04T12:00:00+03:00
yt-sJg_rAPp0Rg,sJg_rAPp0Rg,https://www.youtube.com/watch?v=sJg_rAPp0Rg,original,en,MOTOTREK,professional_instructor,True,True,True,False,False,False,,True,description;chapters,high,high,summary_he;learning_points_he;fit_for_he;why_watch_he;exercises_he;equipment_he;safety_warnings_he;common_mistakes_he;quality_score;quality_reason_he;skill_level;risk_level;domain;primary_category;secondary_categories;tags;motorcycle_types;motorcycle_weight_classes;terrain_types;road_conditions;chapters;verification;last_checked,chapters;last_checked;verification,removed_generic=0,retain,הראיות והסיווג נמצאו תואמים; נשמרה הרשומה המאומתת.,הרשומה נבדקה מחדש מול מטא־דאטה חי וראיות התוכן המתועדות; לא נשמר תמלול בפרויקט.,2026-08-04T12:00:00+03:00
yt-zsKLdi_nYYQ,zsKLdi_nYYQ,https://www.youtube.com/watch?v=zsKLdi_nYYQ,original,en,RIDE Adventures,riding_school,True,True,True,True,True,False,,True,description;chapters;transcript,high,high,summary_he;learning_points_he;fit_for_he;why_watch_he;exercises_he;equipment_he;safety_warnings_he;common_mistakes_he;quality_score;quality_reason_he;skill_level;risk_level;domain;primary_category;secondary_categories;tags;motorcycle_types;motorcycle_weight_classes;terrain_types;road_conditions;chapters;verification;last_checked,chapters;last_checked;verification,removed_generic=2,retain,הראיות והסיווג נמצאו תואמים; נשמרה הרשומה המאומתת.,הרשומה נבדקה מחדש מול מטא־דאטה חי וראיות התוכן המתועדות; לא נשמר תמלול בפרויקט.,2026-08-04T12:00:00+03:00
yt-_zQoFML9xPk,_zQoFML9xPk,https://www.youtube.com/watch?v=_zQoFML9xPk,original,en,Bret Tkacs ADV,professional_instructor,True,True,True,True,True,False,,True,description;transcript,medium,high,summary_he;learning_points_he;fit_for_he;why_watch_he;exercises_he;equipment_he;safety_warnings_he;common_mistakes_he;quality_score;quality_reason_he;skill_level;risk_level;domain;primary_category;secondary_categories;tags;motorcycle_types;motorcycle_weight_classes;terrain_types;road_conditions;chapters;verification;last_checked,chapters;last_checked;verification,removed_generic=0,retain,הראיות והסיווג נמצאו תואמים; נשמרה הרשומה המאומתת.,הרשומה נבדקה מחדש מול מטא־דאטה חי וראיות התוכן המתועדות; לא נשמר תמלול בפרויקט.,2026-08-04T12:00:00+03:00
yt-oW7eVgdCC58,oW7eVgdCC58,https://www.youtube.com/watch?v=oW7eVgdCC58,original,en,Big Rock Moto,experienced_rider,True,True,True,False,False,False,,True,description;chapters,high,high,summary_he;learning_points_he;fit_for_he;why_watch_he;exercises_he;equipment_he;safety_warnings_he;common_mistakes_he;quality_score;quality_reason_he;skill_level;risk_level;domain;primary_category;secondary_categories;tags;motorcycle_types;motorcycle_weight_classes;terrain_types;road_conditions;chapters;verification;last_checked,chapters;last_checked;verification,removed_generic=2,retain,הראיות והסיווג נמצאו תואמים; נשמרה הרשומה המאומתת.,הרשומה נבדקה מחדש מול מטא־דאטה חי וראיות התוכן המתועדות; לא נשמר תמלול בפרויקט.,2026-08-04T12:00:00+03:00
yt-YlseO0ceUcw,YlseO0ceUcw,https://www.youtube.com/watch?v=YlseO0ceUcw,original,en,Motorcycle Adventures,experienced_rider,True,True,True,True,True,False,,True,description;transcript,medium,high,summary_he;learning_points_he;fit_for_he;why_watch_he;exercises_he;equipment_he;safety_warnings_he;common_mistakes_he;quality_score;quality_reason_he;skill_level;risk_level;domain;primary_category;secondary_categories;tags;motorcycle_types;motorcycle_weight_classes;terrain_types;road_conditions;chapters;verification;last_checked,chapters;last_checked;verification,removed_generic=0,retain,הראיות והסיווג נמצאו תואמים; נשמרה הרשומה המאומתת.,הרשומה נבדקה מחדש מול מטא־דאטה חי וראיות התוכן המתועדות; לא נשמר תמלול בפרויקט.,2026-08-04T12:00:00+03:00
yt-dPmq8jpUL5s,dPmq8jpUL5s,https://www.youtube.com/watch?v=dPmq8jpUL5s,original,en,Bret Tkacs ADV,professional_instructor,True,True,True,False,False,False,,True,description;chapters,high,high,summary_he;learning_points_he;fit_for_he;why_watch_he;exercises_he;equipment_he;safety_warnings_he;common_mistakes_he;quality_score;quality_reason_he;skill_level;risk_level;domain;primary_category;secondary_categories;tags;motorcycle_types;motorcycle_weight_classes;terrain_types;road_conditions;chapters;verification;last_checked,chapters;last_checked;verification,removed_generic=0,retain,הראיות והסיווג נמצאו תואמים; נשמרה הרשומה המאומתת.,הרשומה נבדקה מחדש מול מטא־דאטה חי וראיות התוכן המתועדות; לא נשמר תמלול בפרויקט.,2026-08-04T12:00:00+03:00
yt-KC0Rv0aM7OI,KC0Rv0aM7OI,https://www.youtube.com/watch?v=KC0Rv0aM7OI,original,en,SoCal Off-Road School,riding_school,True,True,True,False,False,False,,True,description;chapters,high,high,summary_he;learning_points_he;fit_for_he;why_watch_he;exercises_he;equipment_he;safety_warnings_he;common_mistakes_he;quality_score;quality_reason_he;skill_level;risk_level;domain;primary_category;secondary_categories;tags;motorcycle_types;motorcycle_weight_classes;terrain_types;road_conditions;chapters;verification;last_checked,chapters;last_checked;verification,removed_generic=1,retain,הראיות והסיווג נמצאו תואמים; נשמרה הרשומה המאומתת.,הרשומה נבדקה מחדש מול מטא־דאטה חי וראיות התוכן המתועדות; לא נשמר תמלול בפרויקט.,2026-08-04T12:00:00+03:00
yt-uscjPZXNyMc,uscjPZXNyMc,https://www.youtube.com/watch?v=uscjPZXNyMc,original,en,Adam Riemann,professional_instructor,True,True,True,True,True,False,,True,description;chapters;transcript,high,high,summary_he;learning_points_he;fit_for_he;why_watch_he;exercises_he;equipment_he;safety_warnings_he;common_mistakes_he;quality_score;quality_reason_he;skill_level;risk_level;domain;primary_category;secondary_categories;tags;motorcycle_types;motorcycle_weight_classes;terrain_types;road_conditions;chapters;verification;last_checked,chapters;last_checked;verification,removed_generic=2,retain,הראיות והסיווג נמצאו תואמים; נשמרה הרשומה המאומתת.,הרשומה נבדקה מחדש מול מטא־דאטה חי וראיות התוכן המתועדות; לא נשמר תמלול בפרויקט.,2026-08-04T12:00:00+03:00
yt-3nwR3t6-Ftg,3nwR3t6-Ftg,https://www.youtube.com/watch?v=3nwR3t6-Ftg,new,he,ADV Moto Life,community_educator,True,True,True,True,True,False,,True,description;chapters;transcript,not_applicable,high,summary_he;learning_points_he;fit_for_he;why_watch_he;exercises_he;equipment_he;safety_warnings_he;common_mistakes_he;quality_score;quality_reason_he;skill_level;risk_level;domain;primary_category;secondary_categories;tags;motorcycle_types;motorcycle_weight_classes;terrain_types;road_conditions;chapters;verification;last_checked,new_record,removed_generic=2,approve,"הקישור ציבורי, הראיות עומדות ברף והאוצרות הידנית עברה בדיקת התאמה ובטיחות.","מטא־דאטה, תיאור, פרקים וכתוביות נבדקו לפי הזמינות; קובצי התמלול הזמניים אינם חלק מהשחרור.",2026-08-04T12:00:00+03:00
yt-lYBhzHlFmNU,lYBhzHlFmNU,https://www.youtube.com/watch?v=lYBhzHlFmNU,new,he,ADV Moto Life,community_educator,True,True,True,True,True,False,,True,description;transcript,not_applicable,high,summary_he;learning_points_he;fit_for_he;why_watch_he;exercises_he;equipment_he;safety_warnings_he;common_mistakes_he;quality_score;quality_reason_he;skill_level;risk_level;domain;primary_category;secondary_categories;tags;motorcycle_types;motorcycle_weight_classes;terrain_types;road_conditions;chapters;verification;last_checked,new_record,removed_generic=0,approve,"הקישור ציבורי, הראיות עומדות ברף והאוצרות הידנית עברה בדיקת התאמה ובטיחות.","מטא־דאטה, תיאור, פרקים וכתוביות נבדקו לפי הזמינות; קובצי התמלול הזמניים אינם חלק מהשחרור.",2026-08-04T12:00:00+03:00
yt-HWNbjhnBTMM,HWNbjhnBTMM,https://www.youtube.com/watch?v=HWNbjhnBTMM,new,he,ProRiding Israel,riding_school,True,True,True,True,True,False,,True,description;transcript,not_applicable,high,summary_he;learning_points_he;fit_for_he;why_watch_he;exercises_he;equipment_he;safety_warnings_he;common_mistakes_he;quality_score;quality_reason_he;skill_level;risk_level;domain;primary_category;secondary_categories;tags;motorcycle_types;motorcycle_weight_classes;terrain_types;road_conditions;chapters;verification;last_checked,new_record,removed_generic=0,approve,"הקישור ציבורי, הראיות עומדות ברף והאוצרות הידנית עברה בדיקת התאמה ובטיחות.","מטא־דאטה, תיאור, פרקים וכתוביות נבדקו לפי הזמינות; קובצי התמלול הזמניים אינם חלק מהשחרור.",2026-08-04T12:00:00+03:00
yt-GqUgDGd04XE,GqUgDGd04XE,https://www.youtube.com/watch?v=GqUgDGd04XE,new,he,ADV Moto Life,community_educator,True,True,True,True,True,False,,True,description;transcript,not_applicable,high,summary_he;learning_points_he;fit_for_he;why_watch_he;exercises_he;equipment_he;safety_warnings_he;common_mistakes_he;quality_score;quality_reason_he;skill_level;risk_level;domain;primary_category;secondary_categories;tags;motorcycle_types;motorcycle_weight_classes;terrain_types;road_conditions;chapters;verification;last_checked,new_record,removed_generic=0,approve,"הקישור ציבורי, הראיות עומדות ברף והאוצרות הידנית עברה בדיקת התאמה ובטיחות.","מטא־דאטה, תיאור, פרקים וכתוביות נבדקו לפי הזמינות; קובצי התמלול הזמניים אינם חלק מהשחרור.",2026-08-04T12:00:00+03:00
yt-6ynYOU6NQW4,6ynYOU6NQW4,https://www.youtube.com/watch?v=6ynYOU6NQW4,new,he,guy radar,training_channel,True,True,True,True,True,False,,True,description;transcript,not_applicable,high,summary_he;learning_points_he;fit_for_he;why_watch_he;exercises_he;equipment_he;safety_warnings_he;common_mistakes_he;quality_score;quality_reason_he;skill_level;risk_level;domain;primary_category;secondary_categories;tags;motorcycle_types;motorcycle_weight_classes;terrain_types;road_conditions;chapters;verification;last_checked,new_record,removed_generic=0,approve,"הקישור ציבורי, הראיות עומדות ברף והאוצרות הידנית עברה בדיקת התאמה ובטיחות.","מטא־דאטה, תיאור, פרקים וכתוביות נבדקו לפי הזמינות; קובצי התמלול הזמניים אינם חלק מהשחרור.",2026-08-04T12:00:00+03:00
yt-i7vcL3L7750,i7vcL3L7750,https://www.youtube.com/watch?v=i7vcL3L7750,new,he,מימוטו - MYMOTO,experienced_rider,True,True,True,True,True,False,,True,description;chapters;transcript,not_applicable,high,summary_he;learning_points_he;fit_for_he;why_watch_he;exercises_he;equipment_he;safety_warnings_he;common_mistakes_he;quality_score;quality_reason_he;skill_level;risk_level;domain;primary_category;secondary_categories;tags;motorcycle_types;motorcycle_weight_classes;terrain_types;road_conditions;chapters;verification;last_checked,new_record,removed_generic=1,approve,"הקישור ציבורי, הראיות עומדות ברף והאוצרות הידנית עברה בדיקת התאמה ובטיחות.","מטא־דאטה, תיאור, פרקים וכתוביות נבדקו לפי הזמינות; קובצי התמלול הזמניים אינם חלק מהשחרור.",2026-08-04T12:00:00+03:00
yt-CsCvU1qOAag,CsCvU1qOAag,https://www.youtube.com/watch?v=CsCvU1qOAag,new,he,FullgaZ Magazine,training_channel,True,True,True,True,True,False,,True,description;transcript,not_applicable,high,summary_he;learning_points_he;fit_for_he;why_watch_he;exercises_he;equipment_he;safety_warnings_he;common_mistakes_he;quality_score;quality_reason_he;skill_level;risk_level;domain;primary_category;secondary_categories;tags;motorcycle_types;motorcycle_weight_classes;terrain_types;road_conditions;chapters;verification;last_checked,new_record,removed_generic=0,approve,"הקישור ציבורי, הראיות עומדות ברף והאוצרות הידנית עברה בדיקת התאמה ובטיחות.","מטא־דאטה, תיאור, פרקים וכתוביות נבדקו לפי הזמינות; קובצי התמלול הזמניים אינם חלק מהשחרור.",2026-08-04T12:00:00+03:00
yt-GwXb1oEWeMY,GwXb1oEWeMY,https://www.youtube.com/watch?v=GwXb1oEWeMY,new,he,מימוטו - MYMOTO,experienced_rider,True,True,True,True,True,False,,True,description;chapters;transcript,not_applicable,high,summary_he;learning_points_he;fit_for_he;why_watch_he;exercises_he;equipment_he;safety_warnings_he;common_mistakes_he;quality_score;quality_reason_he;skill_level;risk_level;domain;primary_category;secondary_categories;tags;motorcycle_types;motorcycle_weight_classes;terrain_types;road_conditions;chapters;verification;last_checked,new_record,removed_generic=0,approve,"הקישור ציבורי, הראיות עומדות ברף והאוצרות הידנית עברה בדיקת התאמה ובטיחות.","מטא־דאטה, תיאור, פרקים וכתוביות נבדקו לפי הזמינות; קובצי התמלול הזמניים אינם חלק מהשחרור.",2026-08-04T12:00:00+03:00
yt-l_vLv-Fds5g,l_vLv-Fds5g,https://www.youtube.com/watch?v=l_vLv-Fds5g,new,he,הרשות הלאומית לבטיחות בדרכים,training_channel,True,True,True,True,True,False,,True,description;transcript,not_applicable,high,summary_he;learning_points_he;fit_for_he;why_watch_he;exercises_he;equipment_he;safety_warnings_he;common_mistakes_he;quality_score;quality_reason_he;skill_level;risk_level;domain;primary_category;secondary_categories;tags;motorcycle_types;motorcycle_weight_classes;terrain_types;road_conditions;chapters;verification;last_checked,new_record,removed_generic=0,approve,"הקישור ציבורי, הראיות עומדות ברף והאוצרות הידנית עברה בדיקת התאמה ובטיחות.","מטא־דאטה, תיאור, פרקים וכתוביות נבדקו לפי הזמינות; קובצי התמלול הזמניים אינם חלק מהשחרור.",2026-08-04T12:00:00+03:00
yt-Qx6G0gkQ048,Qx6G0gkQ048,https://www.youtube.com/watch?v=Qx6G0gkQ048,new,he,Ask Ralbad,training_channel,True,True,True,True,True,False,,True,description;transcript,not_applicable,high,summary_he;learning_points_he;fit_for_he;why_watch_he;exercises_he;equipment_he;safety_warnings_he;common_mistakes_he;quality_score;quality_reason_he;skill_level;risk_level;domain;primary_category;secondary_categories;tags;motorcycle_types;motorcycle_weight_classes;terrain_types;road_conditions;chapters;verification;last_checked,new_record,removed_generic=0,approve,"הקישור ציבורי, הראיות עומדות ברף והאוצרות הידנית עברה בדיקת התאמה ובטיחות.","מטא־דאטה, תיאור, פרקים וכתוביות נבדקו לפי הזמינות; קובצי התמלול הזמניים אינם חלק מהשחרור.",2026-08-04T12:00:00+03:00
yt-EPkNtdXkWpY,EPkNtdXkWpY,https://www.youtube.com/watch?v=EPkNtdXkWpY,new,he,מימוטו - MYMOTO,experienced_rider,True,True,True,True,False,False,,True,description;chapters,not_applicable,high,summary_he;learning_points_he;fit_for_he;why_watch_he;exercises_he;equipment_he;safety_warnings_he;common_mistakes_he;quality_score;quality_reason_he;skill_level;risk_level;domain;primary_category;secondary_categories;tags;motorcycle_types;motorcycle_weight_classes;terrain_types;road_conditions;chapters;verification;last_checked,new_record,removed_generic=1,approve,"הקישור ציבורי, הראיות עומדות ברף והאוצרות הידנית עברה בדיקת התאמה ובטיחות.","מטא־דאטה, תיאור, פרקים וכתוביות נבדקו לפי הזמינות; קובצי התמלול הזמניים אינם חלק מהשחרור.",2026-08-04T12:00:00+03:00
yt-qt262cjyWAc,qt262cjyWAc,https://www.youtube.com/watch?v=qt262cjyWAc,new,he,Ask Ralbad,training_channel,True,True,True,True,True,False,,True,description;transcript,not_applicable,high,summary_he;learning_points_he;fit_for_he;why_watch_he;exercises_he;equipment_he;safety_warnings_he;common_mistakes_he;quality_score;quality_reason_he;skill_level;risk_level;domain;primary_category;secondary_categories;tags;motorcycle_types;motorcycle_weight_classes;terrain_types;road_conditions;chapters;verification;last_checked,new_record,removed_generic=0,approve,"הקישור ציבורי, הראיות עומדות ברף והאוצרות הידנית עברה בדיקת התאמה ובטיחות.","מטא־דאטה, תיאור, פרקים וכתוביות נבדקו לפי הזמינות; קובצי התמלול הזמניים אינם חלק מהשחרור.",2026-08-04T12:00:00+03:00
yt-zm1MR16FaC4,zm1MR16FaC4,https://www.youtube.com/watch?v=zm1MR16FaC4,new,he,מימוטו - MYMOTO,experienced_rider,True,True,True,True,True,False,,True,description;chapters;transcript,not_applicable,high,summary_he;learning_points_he;fit_for_he;why_watch_he;exercises_he;equipment_he;safety_warnings_he;common_mistakes_he;quality_score;quality_reason_he;skill_level;risk_level;domain;primary_category;secondary_categories;tags;motorcycle_types;motorcycle_weight_classes;terrain_types;road_conditions;chapters;verification;last_checked,new_record,removed_generic=2,approve,"הקישור ציבורי, הראיות עומדות ברף והאוצרות הידנית עברה בדיקת התאמה ובטיחות.","מטא־דאטה, תיאור, פרקים וכתוביות נבדקו לפי הזמינות; קובצי התמלול הזמניים אינם חלק מהשחרור.",2026-08-04T12:00:00+03:00
yt-vHoAoVHkS64,vHoAoVHkS64,https://www.youtube.com/watch?v=vHoAoVHkS64,new,he,מימוטו - MYMOTO,experienced_rider,True,True,True,True,False,False,,True,description;chapters,not_applicable,high,summary_he;learning_points_he;fit_for_he;why_watch_he;exercises_he;equipment_he;safety_warnings_he;common_mistakes_he;quality_score;quality_reason_he;skill_level;risk_level;domain;primary_category;secondary_categories;tags;motorcycle_types;motorcycle_weight_classes;terrain_types;road_conditions;chapters;verification;last_checked,new_record,removed_generic=1,approve,"הקישור ציבורי, הראיות עומדות ברף והאוצרות הידנית עברה בדיקת התאמה ובטיחות.","מטא־דאטה, תיאור, פרקים וכתוביות נבדקו לפי הזמינות; קובצי התמלול הזמניים אינם חלק מהשחרור.",2026-08-04T12:00:00+03:00
yt-dF9KY2w7dmY,dF9KY2w7dmY,https://www.youtube.com/watch?v=dF9KY2w7dmY,new,he,FullgaZ Magazine,training_channel,True,True,True,True,True,False,,True,description;transcript,not_applicable,high,summary_he;learning_points_he;fit_for_he;why_watch_he;exercises_he;equipment_he;safety_warnings_he;common_mistakes_he;quality_score;quality_reason_he;skill_level;risk_level;domain;primary_category;secondary_categories;tags;motorcycle_types;motorcycle_weight_classes;terrain_types;road_conditions;chapters;verification;last_checked,new_record,removed_generic=0,approve,"הקישור ציבורי, הראיות עומדות ברף והאוצרות הידנית עברה בדיקת התאמה ובטיחות.","מטא־דאטה, תיאור, פרקים וכתוביות נבדקו לפי הזמינות; קובצי התמלול הזמניים אינם חלק מהשחרור.",2026-08-04T12:00:00+03:00
yt-dBdoSMm5N5s,dBdoSMm5N5s,https://www.youtube.com/watch?v=dBdoSMm5N5s,new,he,פוקס אנדורו - fox enduro,professional_instructor,True,True,True,True,True,False,,True,description;transcript,not_applicable,high,summary_he;learning_points_he;fit_for_he;why_watch_he;exercises_he;equipment_he;safety_warnings_he;common_mistakes_he;quality_score;quality_reason_he;skill_level;risk_level;domain;primary_category;secondary_categories;tags;motorcycle_types;motorcycle_weight_classes;terrain_types;road_conditions;chapters;verification;last_checked,new_record,removed_generic=0,approve,"הקישור ציבורי, הראיות עומדות ברף והאוצרות הידנית עברה בדיקת התאמה ובטיחות.","מטא־דאטה, תיאור, פרקים וכתוביות נבדקו לפי הזמינות; קובצי התמלול הזמניים אינם חלק מהשחרור.",2026-08-04T12:00:00+03:00
yt-FUoXWECH40A,FUoXWECH40A,https://www.youtube.com/watch?v=FUoXWECH40A,new,he,Cohen Adventure (‫צביקה כהן השטח‬‎),professional_instructor,True,True,True,True,True,False,,True,description;transcript,not_applicable,high,summary_he;learning_points_he;fit_for_he;why_watch_he;exercises_he;equipment_he;safety_warnings_he;common_mistakes_he;quality_score;quality_reason_he;skill_level;risk_level;domain;primary_category;secondary_categories;tags;motorcycle_types;motorcycle_weight_classes;terrain_types;road_conditions;chapters;verification;last_checked,new_record,removed_generic=0,approve,"הקישור ציבורי, הראיות עומדות ברף והאוצרות הידנית עברה בדיקת התאמה ובטיחות.","מטא־דאטה, תיאור, פרקים וכתוביות נבדקו לפי הזמינות; קובצי התמלול הזמניים אינם חלק מהשחרור.",2026-08-04T12:00:00+03:00
yt-YH48E19KF8o,YH48E19KF8o,https://www.youtube.com/watch?v=YH48E19KF8o,new,he,Cohen Adventure (‫צביקה כהן השטח‬‎),professional_instructor,True,True,True,True,True,False,,True,description;transcript,not_applicable,high,summary_he;learning_points_he;fit_for_he;why_watch_he;exercises_he;equipment_he;safety_warnings_he;common_mistakes_he;quality_score;quality_reason_he;skill_level;risk_level;domain;primary_category;secondary_categories;tags;motorcycle_types;motorcycle_weight_classes;terrain_types;road_conditions;chapters;verification;last_checked,new_record,removed_generic=0,approve,"הקישור ציבורי, הראיות עומדות ברף והאוצרות הידנית עברה בדיקת התאמה ובטיחות.","מטא־דאטה, תיאור, פרקים וכתוביות נבדקו לפי הזמינות; קובצי התמלול הזמניים אינם חלק מהשחרור.",2026-08-04T12:00:00+03:00
yt-kYZQaPo2R7Q,kYZQaPo2R7Q,https://www.youtube.com/watch?v=kYZQaPo2R7Q,new,he,הרשות הלאומית לבטיחות בדרכים,training_channel,True,True,True,True,True,False,,True,description;transcript,not_applicable,high,summary_he;learning_points_he;fit_for_he;why_watch_he;exercises_he;equipment_he;safety_warnings_he;common_mistakes_he;quality_score;quality_reason_he;skill_level;risk_level;domain;primary_category;secondary_categories;tags;motorcycle_types;motorcycle_weight_classes;terrain_types;road_conditions;chapters;verification;last_checked,new_record,removed_generic=0,approve,"הקישור ציבורי, הראיות עומדות ברף והאוצרות הידנית עברה בדיקת התאמה ובטיחות.","מטא־דאטה, תיאור, פרקים וכתוביות נבדקו לפי הזמינות; קובצי התמלול הזמניים אינם חלק מהשחרור.",2026-08-04T12:00:00+03:00
yt-domdIpzNKbc,domdIpzNKbc,https://www.youtube.com/watch?v=domdIpzNKbc,new,he,Netivims,riding_school,True,True,True,True,True,False,,True,description;transcript,not_applicable,high,summary_he;learning_points_he;fit_for_he;why_watch_he;exercises_he;equipment_he;safety_warnings_he;common_mistakes_he;quality_score;quality_reason_he;skill_level;risk_level;domain;primary_category;secondary_categories;tags;motorcycle_types;motorcycle_weight_classes;terrain_types;road_conditions;chapters;verification;last_checked,new_record,removed_generic=0,approve,"הקישור ציבורי, הראיות עומדות ברף והאוצרות הידנית עברה בדיקת התאמה ובטיחות.","מטא־דאטה, תיאור, פרקים וכתוביות נבדקו לפי הזמינות; קובצי התמלול הזמניים אינם חלק מהשחרור.",2026-08-04T12:00:00+03:00
yt-SoxnKw9sv_0,SoxnKw9sv_0,https://www.youtube.com/watch?v=SoxnKw9sv_0,new,he,מימוטו - MYMOTO,experienced_rider,True,True,True,True,False,True,00:50-01:26;01:26-03:13;03:13-04:23;04:23-05:30;05:30-06:30;10:30-11:34,True,description;chapters;visual_review,not_applicable,high,summary_he;learning_points_he;fit_for_he;why_watch_he;exercises_he;equipment_he;safety_warnings_he;common_mistakes_he;quality_score;quality_reason_he;skill_level;risk_level;domain;primary_category;secondary_categories;tags;motorcycle_types;motorcycle_weight_classes;terrain_types;road_conditions;chapters;verification;last_checked,new_record,removed_generic=0,approve,"הקישור ציבורי, הראיות עומדות ברף והאוצרות הידנית עברה בדיקת התאמה ובטיחות.","מטא־דאטה, תיאור, פרקים וכתוביות נבדקו לפי הזמינות; קובצי התמלול הזמניים אינם חלק מהשחרור.",2026-08-04T12:00:00+03:00
yt-3uttfaaeYrA,3uttfaaeYrA,https://www.youtube.com/watch?v=3uttfaaeYrA,new,he,Cohen Adventure (‫צביקה כהן השטח‬‎),professional_instructor,True,True,True,True,True,False,,True,description;transcript,not_applicable,high,summary_he;learning_points_he;fit_for_he;why_watch_he;exercises_he;equipment_he;safety_warnings_he;common_mistakes_he;quality_score;quality_reason_he;skill_level;risk_level;domain;primary_category;secondary_categories;tags;motorcycle_types;motorcycle_weight_classes;terrain_types;road_conditions;chapters;verification;last_checked,new_record,removed_generic=0,approve,"הקישור ציבורי, הראיות עומדות ברף והאוצרות הידנית עברה בדיקת התאמה ובטיחות.","מטא־דאטה, תיאור, פרקים וכתוביות נבדקו לפי הזמינות; קובצי התמלול הזמניים אינם חלק מהשחרור.",2026-08-04T12:00:00+03:00
yt-_5-fh-qmqMg,_5-fh-qmqMg,https://www.youtube.com/watch?v=_5-fh-qmqMg,new,en,Autozium,training_channel,True,True,True,True,True,False,,True,description;chapters;transcript,not_applicable,high,summary_he;learning_points_he;fit_for_he;why_watch_he;exercises_he;equipment_he;safety_warnings_he;common_mistakes_he;quality_score;quality_reason_he;skill_level;risk_level;domain;primary_category;secondary_categories;tags;motorcycle_types;motorcycle_weight_classes;terrain_types;road_conditions;chapters;verification;last_checked,new_record,removed_generic=1,approve,"הקישור ציבורי, הראיות עומדות ברף והאוצרות הידנית עברה בדיקת התאמה ובטיחות.","מטא־דאטה, תיאור, פרקים וכתוביות נבדקו לפי הזמינות; קובצי התמלול הזמניים אינם חלק מהשחרור.",2026-08-04T12:00:00+03:00
yt-bJkK-Z0eDq0,bJkK-Z0eDq0,https://www.youtube.com/watch?v=bJkK-Z0eDq0,new,en,Bennetts BikeSocial,professional_instructor,True,True,True,True,True,False,,True,description;chapters;transcript,not_applicable,high,summary_he;learning_points_he;fit_for_he;why_watch_he;exercises_he;equipment_he;safety_warnings_he;common_mistakes_he;quality_score;quality_reason_he;skill_level;risk_level;domain;primary_category;secondary_categories;tags;motorcycle_types;motorcycle_weight_classes;terrain_types;road_conditions;chapters;verification;last_checked,new_record,removed_generic=1,approve,"הקישור ציבורי, הראיות עומדות ברף והאוצרות הידנית עברה בדיקת התאמה ובטיחות.","מטא־דאטה, תיאור, פרקים וכתוביות נבדקו לפי הזמינות; קובצי התמלול הזמניים אינם חלק מהשחרור.",2026-08-04T12:00:00+03:00
yt-hDX4TBsPKLU,hDX4TBsPKLU,https://www.youtube.com/watch?v=hDX4TBsPKLU,new,en,Cross Training Adventure,training_channel,True,True,True,True,True,False,,True,description;chapters;transcript,not_applicable,high,summary_he;learning_points_he;fit_for_he;why_watch_he;exercises_he;equipment_he;safety_warnings_he;common_mistakes_he;quality_score;quality_reason_he;skill_level;risk_level;domain;primary_category;secondary_categories;tags;motorcycle_types;motorcycle_weight_classes;terrain_types;road_conditions;chapters;verification;last_checked,new_record,removed_generic=1,approve,"הקישור ציבורי, הראיות עומדות ברף והאוצרות הידנית עברה בדיקת התאמה ובטיחות.","מטא־דאטה, תיאור, פרקים וכתוביות נבדקו לפי הזמינות; קובצי התמלול הזמניים אינם חלק מהשחרור.",2026-08-04T12:00:00+03:00
yt-6hgkx7ZScqY,6hgkx7ZScqY,https://www.youtube.com/watch?v=6hgkx7ZScqY,new,en,Cross Training Enduro,training_channel,True,True,True,True,True,False,,True,description;chapters;transcript,not_applicable,removed,summary_he;learning_points_he;fit_for_he;why_watch_he;exercises_he;equipment_he;safety_warnings_he;common_mistakes_he;quality_score;quality_reason_he;skill_level;risk_level;domain;primary_category;secondary_categories;tags;motorcycle_types;motorcycle_weight_classes;terrain_types;road_conditions;chapters;verification;last_checked,record_removed,removed_with_record=5,replace_unavailable,בדיקת הקישורים הסופית החזירה HTTP 401 ו־YouTube oEmbed לא אישר את הסרטון; הרשומה הוסרה ולא הושאר קישור שאינו זמין.,בדיקת Release חיה גברה על האימות המוקדם; הרשומה נשמרת בלדג'ר ההיסטורי בלבד.,2026-08-04T15:00:34+03:00
yt-sfNLSVghgRA,sfNLSVghgRA,https://www.youtube.com/watch?v=sfNLSVghgRA,new,en,Cross Training Enduro,training_channel,True,True,True,True,True,False,,True,description;chapters;transcript,not_applicable,high,summary_he;learning_points_he;fit_for_he;why_watch_he;exercises_he;equipment_he;safety_warnings_he;common_mistakes_he;quality_score;quality_reason_he;skill_level;risk_level;domain;primary_category;secondary_categories;tags;motorcycle_types;motorcycle_weight_classes;terrain_types;road_conditions;chapters;verification;last_checked,new_record,removed_generic=0,approve,"הקישור ציבורי, הראיות עומדות ברף והאוצרות הידנית עברה בדיקת התאמה ובטיחות.","מטא־דאטה, תיאור, פרקים וכתוביות נבדקו לפי הזמינות; קובצי התמלול הזמניים אינם חלק מהשחרור.",2026-08-04T12:00:00+03:00
yt-eiRMikxU3Z4,eiRMikxU3Z4,https://www.youtube.com/watch?v=eiRMikxU3Z4,new,en,Dirt Bike Academy,riding_school,True,True,True,True,True,False,,True,description;chapters;transcript,not_applicable,high,summary_he;learning_points_he;fit_for_he;why_watch_he;exercises_he;equipment_he;safety_warnings_he;common_mistakes_he;quality_score;quality_reason_he;skill_level;risk_level;domain;primary_category;secondary_categories;tags;motorcycle_types;motorcycle_weight_classes;terrain_types;road_conditions;chapters;verification;last_checked,new_record,removed_generic=2,approve,"הקישור ציבורי, הראיות עומדות ברף והאוצרות הידנית עברה בדיקת התאמה ובטיחות.","מטא־דאטה, תיאור, פרקים וכתוביות נבדקו לפי הזמינות; קובצי התמלול הזמניים אינם חלק מהשחרור.",2026-08-04T12:00:00+03:00
yt-lP9Z1aw776A,lP9Z1aw776A,https://www.youtube.com/watch?v=lP9Z1aw776A,new,en,Luke Watson - Truck & Motorcycle Training,professional_instructor,True,True,True,True,True,False,,True,description;chapters;transcript,not_applicable,high,summary_he;learning_points_he;fit_for_he;why_watch_he;exercises_he;equipment_he;safety_warnings_he;common_mistakes_he;quality_score;quality_reason_he;skill_level;risk_level;domain;primary_category;secondary_categories;tags;motorcycle_types;motorcycle_weight_classes;terrain_types;road_conditions;chapters;verification;last_checked,new_record,removed_generic=1,approve,"הקישור ציבורי, הראיות עומדות ברף והאוצרות הידנית עברה בדיקת התאמה ובטיחות.","מטא־דאטה, תיאור, פרקים וכתוביות נבדקו לפי הזמינות; קובצי התמלול הזמניים אינם חלק מהשחרור.",2026-08-04T12:00:00+03:00
yt--blfunHiGzg,-blfunHiGzg,https://www.youtube.com/watch?v=-blfunHiGzg,new,en,Roadcraft Nottingham - Motorcycle Training,professional_instructor,True,True,True,True,True,False,,True,description;chapters;transcript,not_applicable,high,summary_he;learning_points_he;fit_for_he;why_watch_he;exercises_he;equipment_he;safety_warnings_he;common_mistakes_he;quality_score;quality_reason_he;skill_level;risk_level;domain;primary_category;secondary_categories;tags;motorcycle_types;motorcycle_weight_classes;terrain_types;road_conditions;chapters;verification;last_checked,new_record,removed_generic=1,approve,"הקישור ציבורי, הראיות עומדות ברף והאוצרות הידנית עברה בדיקת התאמה ובטיחות.","מטא־דאטה, תיאור, פרקים וכתוביות נבדקו לפי הזמינות; קובצי התמלול הזמניים אינם חלק מהשחרור.",2026-08-04T12:00:00+03:00
yt-5CfJENGn07s,5CfJENGn07s,https://www.youtube.com/watch?v=5CfJENGn07s,new,en,SoCal Off-Road School,riding_school,True,True,True,True,True,False,,True,description;chapters;transcript,not_applicable,high,summary_he;learning_points_he;fit_for_he;why_watch_he;exercises_he;equipment_he;safety_warnings_he;common_mistakes_he;quality_score;quality_reason_he;skill_level;risk_level;domain;primary_category;secondary_categories;tags;motorcycle_types;motorcycle_weight_classes;terrain_types;road_conditions;chapters;verification;last_checked,new_record,removed_generic=2,approve,"הקישור ציבורי, הראיות עומדות ברף והאוצרות הידנית עברה בדיקת התאמה ובטיחות.","מטא־דאטה, תיאור, פרקים וכתוביות נבדקו לפי הזמינות; קובצי התמלול הזמניים אינם חלק מהשחרור.",2026-08-04T12:00:00+03:00
yt-sWj02x9PYdw,sWj02x9PYdw,https://www.youtube.com/watch?v=sWj02x9PYdw,new,en,SoCal Off-Road School,riding_school,True,True,True,True,True,False,,True,description;chapters;transcript,not_applicable,high,summary_he;learning_points_he;fit_for_he;why_watch_he;exercises_he;equipment_he;safety_warnings_he;common_mistakes_he;quality_score;quality_reason_he;skill_level;risk_level;domain;primary_category;secondary_categories;tags;motorcycle_types;motorcycle_weight_classes;terrain_types;road_conditions;chapters;verification;last_checked,new_record,removed_generic=2,approve,"הקישור ציבורי, הראיות עומדות ברף והאוצרות הידנית עברה בדיקת התאמה ובטיחות.","מטא־דאטה, תיאור, פרקים וכתוביות נבדקו לפי הזמינות; קובצי התמלול הזמניים אינם חלק מהשחרור.",2026-08-04T12:00:00+03:00
yt-bYIzeyCubcw,bYIzeyCubcw,https://www.youtube.com/watch?v=bYIzeyCubcw,new,en,TEAM Arizona Motorcyclist Training Centers,riding_school,True,True,True,True,True,False,,True,description;chapters;transcript,not_applicable,high,summary_he;learning_points_he;fit_for_he;why_watch_he;exercises_he;equipment_he;safety_warnings_he;common_mistakes_he;quality_score;quality_reason_he;skill_level;risk_level;domain;primary_category;secondary_categories;tags;motorcycle_types;motorcycle_weight_classes;terrain_types;road_conditions;chapters;verification;last_checked,new_record,removed_generic=2,approve,"הקישור ציבורי, הראיות עומדות ברף והאוצרות הידנית עברה בדיקת התאמה ובטיחות.","מטא־דאטה, תיאור, פרקים וכתוביות נבדקו לפי הזמינות; קובצי התמלול הזמניים אינם חלק מהשחרור.",2026-08-04T12:00:00+03:00
yt-UILe5YDA4B8,UILe5YDA4B8,https://www.youtube.com/watch?v=UILe5YDA4B8,new,en,TOPS Motorcycle Training,riding_school,True,True,True,True,True,False,,True,description;chapters;transcript,not_applicable,high,summary_he;learning_points_he;fit_for_he;why_watch_he;exercises_he;equipment_he;safety_warnings_he;common_mistakes_he;quality_score;quality_reason_he;skill_level;risk_level;domain;primary_category;secondary_categories;tags;motorcycle_types;motorcycle_weight_classes;terrain_types;road_conditions;chapters;verification;last_checked,new_record,removed_generic=0,approve,"הקישור ציבורי, הראיות עומדות ברף והאוצרות הידנית עברה בדיקת התאמה ובטיחות.","מטא־דאטה, תיאור, פרקים וכתוביות נבדקו לפי הזמינות; קובצי התמלול הזמניים אינם חלק מהשחרור.",2026-08-04T12:00:00+03:00
yt-6yE85BVYNKY,6yE85BVYNKY,https://www.youtube.com/watch?v=6yE85BVYNKY,new,en,Two Wheel Buckeyes,experienced_rider,True,True,True,True,True,False,,True,description;chapters;transcript,not_applicable,high,summary_he;learning_points_he;fit_for_he;why_watch_he;exercises_he;equipment_he;safety_warnings_he;common_mistakes_he;quality_score;quality_reason_he;skill_level;risk_level;domain;primary_category;secondary_categories;tags;motorcycle_types;motorcycle_weight_classes;terrain_types;road_conditions;chapters;verification;last_checked,new_record,removed_generic=1,approve,"הקישור ציבורי, הראיות עומדות ברף והאוצרות הידנית עברה בדיקת התאמה ובטיחות.","מטא־דאטה, תיאור, פרקים וכתוביות נבדקו לפי הזמינות; קובצי התמלול הזמניים אינם חלק מהשחרור.",2026-08-04T12:00:00+03:00
yt-eqbeqc2xeBc,eqbeqc2xeBc,https://www.youtube.com/watch?v=eqbeqc2xeBc,new,en,Bennetts BikeSocial,professional_instructor,True,True,True,True,True,False,,True,description;chapters;transcript,not_applicable,high,summary_he;learning_points_he;fit_for_he;why_watch_he;exercises_he;equipment_he;safety_warnings_he;common_mistakes_he;quality_score;quality_reason_he;skill_level;risk_level;domain;primary_category;secondary_categories;tags;motorcycle_types;motorcycle_weight_classes;terrain_types;road_conditions;chapters;verification;last_checked,new_record,removed_generic=0,approve,"הקישור ציבורי, הראיות עומדות ברף והאוצרות הידנית עברה בדיקת התאמה ובטיחות.","מטא־דאטה, תיאור, פרקים וכתוביות נבדקו לפי הזמינות; קובצי התמלול הזמניים אינם חלק מהשחרור.",2026-08-04T12:00:00+03:00
yt--_a3Hk4Jeg8,-_a3Hk4Jeg8,https://www.youtube.com/watch?v=-_a3Hk4Jeg8,new,en,Instructor Cory,professional_instructor,True,True,True,True,True,False,,True,description;chapters;transcript,not_applicable,high,summary_he;learning_points_he;fit_for_he;why_watch_he;exercises_he;equipment_he;safety_warnings_he;common_mistakes_he;quality_score;quality_reason_he;skill_level;risk_level;domain;primary_category;secondary_categories;tags;motorcycle_types;motorcycle_weight_classes;terrain_types;road_conditions;chapters;verification;last_checked,new_record,removed_generic=2,approve,"הקישור ציבורי, הראיות עומדות ברף והאוצרות הידנית עברה בדיקת התאמה ובטיחות.","מטא־דאטה, תיאור, פרקים וכתוביות נבדקו לפי הזמינות; קובצי התמלול הזמניים אינם חלק מהשחרור.",2026-08-04T12:00:00+03:00
yt-gJH1pn4Cq68,gJH1pn4Cq68,https://www.youtube.com/watch?v=gJH1pn4Cq68,new,en,LET'S RIDE! Motorcycle Training,riding_school,True,True,True,True,True,False,,True,description;chapters;transcript,not_applicable,high,summary_he;learning_points_he;fit_for_he;why_watch_he;exercises_he;equipment_he;safety_warnings_he;common_mistakes_he;quality_score;quality_reason_he;skill_level;risk_level;domain;primary_category;secondary_categories;tags;motorcycle_types;motorcycle_weight_classes;terrain_types;road_conditions;chapters;verification;last_checked,new_record,removed_generic=0,approve,"הקישור ציבורי, הראיות עומדות ברף והאוצרות הידנית עברה בדיקת התאמה ובטיחות.","מטא־דאטה, תיאור, פרקים וכתוביות נבדקו לפי הזמינות; קובצי התמלול הזמניים אינם חלק מהשחרור.",2026-08-04T12:00:00+03:00
yt-n13PAgtjaz0,n13PAgtjaz0,https://www.youtube.com/watch?v=n13PAgtjaz0,new,en,LET'S RIDE! Motorcycle Training,riding_school,True,True,True,True,True,False,,True,description;chapters;transcript,not_applicable,high,summary_he;learning_points_he;fit_for_he;why_watch_he;exercises_he;equipment_he;safety_warnings_he;common_mistakes_he;quality_score;quality_reason_he;skill_level;risk_level;domain;primary_category;secondary_categories;tags;motorcycle_types;motorcycle_weight_classes;terrain_types;road_conditions;chapters;verification;last_checked,new_record,removed_generic=1,approve,"הקישור ציבורי, הראיות עומדות ברף והאוצרות הידנית עברה בדיקת התאמה ובטיחות.","מטא־דאטה, תיאור, פרקים וכתוביות נבדקו לפי הזמינות; קובצי התמלול הזמניים אינם חלק מהשחרור.",2026-08-04T12:00:00+03:00
yt-ko70RgiF5OQ,ko70RgiF5OQ,https://www.youtube.com/watch?v=ko70RgiF5OQ,new,en,Luke Watson - Truck & Motorcycle Training,professional_instructor,True,True,True,True,True,False,,True,description;chapters;transcript,not_applicable,high,summary_he;learning_points_he;fit_for_he;why_watch_he;exercises_he;equipment_he;safety_warnings_he;common_mistakes_he;quality_score;quality_reason_he;skill_level;risk_level;domain;primary_category;secondary_categories;tags;motorcycle_types;motorcycle_weight_classes;terrain_types;road_conditions;chapters;verification;last_checked,new_record,removed_generic=1,approve,"הקישור ציבורי, הראיות עומדות ברף והאוצרות הידנית עברה בדיקת התאמה ובטיחות.","מטא־דאטה, תיאור, פרקים וכתוביות נבדקו לפי הזמינות; קובצי התמלול הזמניים אינם חלק מהשחרור.",2026-08-04T12:00:00+03:00
yt-aDybIOOaYzM,aDybIOOaYzM,https://www.youtube.com/watch?v=aDybIOOaYzM,new,en,Street Skills Moto,professional_instructor,True,True,True,True,True,False,,True,description;chapters;transcript,not_applicable,high,summary_he;learning_points_he;fit_for_he;why_watch_he;exercises_he;equipment_he;safety_warnings_he;common_mistakes_he;quality_score;quality_reason_he;skill_level;risk_level;domain;primary_category;secondary_categories;tags;motorcycle_types;motorcycle_weight_classes;terrain_types;road_conditions;chapters;verification;last_checked,new_record,removed_generic=0,approve,"הקישור ציבורי, הראיות עומדות ברף והאוצרות הידנית עברה בדיקת התאמה ובטיחות.","מטא־דאטה, תיאור, פרקים וכתוביות נבדקו לפי הזמינות; קובצי התמלול הזמניים אינם חלק מהשחרור.",2026-08-04T12:00:00+03:00
yt-8RC4KpQmSBY,8RC4KpQmSBY,https://www.youtube.com/watch?v=8RC4KpQmSBY,new,en,1st Gear Motorcycle Training School,riding_school,True,True,True,True,True,False,,True,description;transcript,not_applicable,high,summary_he;learning_points_he;fit_for_he;why_watch_he;exercises_he;equipment_he;safety_warnings_he;common_mistakes_he;quality_score;quality_reason_he;skill_level;risk_level;domain;primary_category;secondary_categories;tags;motorcycle_types;motorcycle_weight_classes;terrain_types;road_conditions;chapters;verification;last_checked,new_record,removed_generic=0,approve,"הקישור ציבורי, הראיות עומדות ברף והאוצרות הידנית עברה בדיקת התאמה ובטיחות.","מטא־דאטה, תיאור, פרקים וכתוביות נבדקו לפי הזמינות; קובצי התמלול הזמניים אינם חלק מהשחרור.",2026-08-04T12:00:00+03:00
yt-JN8c-OWRPkY,JN8c-OWRPkY,https://www.youtube.com/watch?v=JN8c-OWRPkY,new,en,1st Gear Motorcycle Training School,riding_school,True,True,True,True,True,False,,True,description;transcript,not_applicable,high,summary_he;learning_points_he;fit_for_he;why_watch_he;exercises_he;equipment_he;safety_warnings_he;common_mistakes_he;quality_score;quality_reason_he;skill_level;risk_level;domain;primary_category;secondary_categories;tags;motorcycle_types;motorcycle_weight_classes;terrain_types;road_conditions;chapters;verification;last_checked,new_record,removed_generic=0,approve,"הקישור ציבורי, הראיות עומדות ברף והאוצרות הידנית עברה בדיקת התאמה ובטיחות.","מטא־דאטה, תיאור, פרקים וכתוביות נבדקו לפי הזמינות; קובצי התמלול הזמניים אינם חלק מהשחרור.",2026-08-04T12:00:00+03:00
yt--4MAlj_S52Q,-4MAlj_S52Q,https://www.youtube.com/watch?v=-4MAlj_S52Q,new,en,ADVMotoSkillZ,training_channel,True,True,True,True,True,False,,True,description;transcript,not_applicable,high,summary_he;learning_points_he;fit_for_he;why_watch_he;exercises_he;equipment_he;safety_warnings_he;common_mistakes_he;quality_score;quality_reason_he;skill_level;risk_level;domain;primary_category;secondary_categories;tags;motorcycle_types;motorcycle_weight_classes;terrain_types;road_conditions;chapters;verification;last_checked,new_record,removed_generic=0,approve,"הקישור ציבורי, הראיות עומדות ברף והאוצרות הידנית עברה בדיקת התאמה ובטיחות.","מטא־דאטה, תיאור, פרקים וכתוביות נבדקו לפי הזמינות; קובצי התמלול הזמניים אינם חלק מהשחרור.",2026-08-04T12:00:00+03:00
yt-8RsJvOk1FvQ,8RsJvOk1FvQ,https://www.youtube.com/watch?v=8RsJvOk1FvQ,new,en,Autozium,training_channel,True,True,True,True,True,False,,True,description;transcript,not_applicable,high,summary_he;learning_points_he;fit_for_he;why_watch_he;exercises_he;equipment_he;safety_warnings_he;common_mistakes_he;quality_score;quality_reason_he;skill_level;risk_level;domain;primary_category;secondary_categories;tags;motorcycle_types;motorcycle_weight_classes;terrain_types;road_conditions;chapters;verification;last_checked,new_record,removed_generic=0,approve,"הקישור ציבורי, הראיות עומדות ברף והאוצרות הידנית עברה בדיקת התאמה ובטיחות.","מטא־דאטה, תיאור, פרקים וכתוביות נבדקו לפי הזמינות; קובצי התמלול הזמניים אינם חלק מהשחרור.",2026-08-04T12:00:00+03:00
yt-PMtBYt19pD4,PMtBYt19pD4,https://www.youtube.com/watch?v=PMtBYt19pD4,new,en,Autozium,training_channel,True,True,True,True,True,False,,True,description;transcript,not_applicable,high,summary_he;learning_points_he;fit_for_he;why_watch_he;exercises_he;equipment_he;safety_warnings_he;common_mistakes_he;quality_score;quality_reason_he;skill_level;risk_level;domain;primary_category;secondary_categories;tags;motorcycle_types;motorcycle_weight_classes;terrain_types;road_conditions;chapters;verification;last_checked,new_record,removed_generic=0,approve,"הקישור ציבורי, הראיות עומדות ברף והאוצרות הידנית עברה בדיקת התאמה ובטיחות.","מטא־דאטה, תיאור, פרקים וכתוביות נבדקו לפי הזמינות; קובצי התמלול הזמניים אינם חלק מהשחרור.",2026-08-04T12:00:00+03:00
yt-hVnR2QeRxTI,hVnR2QeRxTI,https://www.youtube.com/watch?v=hVnR2QeRxTI,new,en,Autozium,training_channel,True,True,True,True,True,False,,True,description;transcript,not_applicable,high,summary_he;learning_points_he;fit_for_he;why_watch_he;exercises_he;equipment_he;safety_warnings_he;common_mistakes_he;quality_score;quality_reason_he;skill_level;risk_level;domain;primary_category;secondary_categories;tags;motorcycle_types;motorcycle_weight_classes;terrain_types;road_conditions;chapters;verification;last_checked,new_record,removed_generic=0,approve,"הקישור ציבורי, הראיות עומדות ברף והאוצרות הידנית עברה בדיקת התאמה ובטיחות.","מטא־דאטה, תיאור, פרקים וכתוביות נבדקו לפי הזמינות; קובצי התמלול הזמניים אינם חלק מהשחרור.",2026-08-04T12:00:00+03:00
yt-M6d1cWB-4gY,M6d1cWB-4gY,https://www.youtube.com/watch?v=M6d1cWB-4gY,new,en,Cafe Racer New York City,community_educator,True,True,True,True,True,False,,True,description;transcript,not_applicable,removed,summary_he;learning_points_he;fit_for_he;why_watch_he;exercises_he;equipment_he;safety_warnings_he;common_mistakes_he;quality_score;quality_reason_he;skill_level;risk_level;domain;primary_category;secondary_categories;tags;motorcycle_types;motorcycle_weight_classes;terrain_types;road_conditions;chapters;verification;last_checked,record_removed,removed_with_record=0,replace_unavailable,בדיקת הקישורים הסופית החזירה HTTP 401 ו־YouTube oEmbed לא אישר את הסרטון; הרשומה הוסרה ולא הושאר קישור שאינו זמין.,בדיקת Release חיה גברה על האימות המוקדם; הרשומה נשמרת בלדג'ר ההיסטורי בלבד.,2026-08-04T15:00:34+03:00
yt-ShWc7D5HllY,ShWc7D5HllY,https://www.youtube.com/watch?v=ShWc7D5HllY,new,en,ChampSchool,riding_school,True,True,True,True,True,False,,True,description;transcript,not_applicable,high,summary_he;learning_points_he;fit_for_he;why_watch_he;exercises_he;equipment_he;safety_warnings_he;common_mistakes_he;quality_score;quality_reason_he;skill_level;risk_level;domain;primary_category;secondary_categories;tags;motorcycle_types;motorcycle_weight_classes;terrain_types;road_conditions;chapters;verification;last_checked,new_record,removed_generic=0,approve,"הקישור ציבורי, הראיות עומדות ברף והאוצרות הידנית עברה בדיקת התאמה ובטיחות.","מטא־דאטה, תיאור, פרקים וכתוביות נבדקו לפי הזמינות; קובצי התמלול הזמניים אינם חלק מהשחרור.",2026-08-04T12:00:00+03:00
yt-NWHX807Xq9Y,NWHX807Xq9Y,https://www.youtube.com/watch?v=NWHX807Xq9Y,new,en,Clinton Smout,professional_instructor,True,True,True,True,True,False,,True,description;transcript,not_applicable,high,summary_he;learning_points_he;fit_for_he;why_watch_he;exercises_he;equipment_he;safety_warnings_he;common_mistakes_he;quality_score;quality_reason_he;skill_level;risk_level;domain;primary_category;secondary_categories;tags;motorcycle_types;motorcycle_weight_classes;terrain_types;road_conditions;chapters;verification;last_checked,new_record,removed_generic=0,approve,"הקישור ציבורי, הראיות עומדות ברף והאוצרות הידנית עברה בדיקת התאמה ובטיחות.","מטא־דאטה, תיאור, פרקים וכתוביות נבדקו לפי הזמינות; קובצי התמלול הזמניים אינם חלק מהשחרור.",2026-08-04T12:00:00+03:00
yt-wsokPULhmv0,wsokPULhmv0,https://www.youtube.com/watch?v=wsokPULhmv0,new,en,Dirt Bike Academy,riding_school,True,True,True,True,True,False,,True,description;transcript,not_applicable,high,summary_he;learning_points_he;fit_for_he;why_watch_he;exercises_he;equipment_he;safety_warnings_he;common_mistakes_he;quality_score;quality_reason_he;skill_level;risk_level;domain;primary_category;secondary_categories;tags;motorcycle_types;motorcycle_weight_classes;terrain_types;road_conditions;chapters;verification;last_checked,new_record,removed_generic=0,approve,"הקישור ציבורי, הראיות עומדות ברף והאוצרות הידנית עברה בדיקת התאמה ובטיחות.","מטא־דאטה, תיאור, פרקים וכתוביות נבדקו לפי הזמינות; קובצי התמלול הזמניים אינם חלק מהשחרור.",2026-08-04T12:00:00+03:00
yt-bO88ooYOLhw,bO88ooYOLhw,https://www.youtube.com/watch?v=bO88ooYOLhw,new,en,Low Altitude Flyer,riding_school,True,True,True,True,True,False,,True,description;transcript,not_applicable,high,summary_he;learning_points_he;fit_for_he;why_watch_he;exercises_he;equipment_he;safety_warnings_he;common_mistakes_he;quality_score;quality_reason_he;skill_level;risk_level;domain;primary_category;secondary_categories;tags;motorcycle_types;motorcycle_weight_classes;terrain_types;road_conditions;chapters;verification;last_checked,new_record,removed_generic=0,approve,"הקישור ציבורי, הראיות עומדות ברף והאוצרות הידנית עברה בדיקת התאמה ובטיחות.","מטא־דאטה, תיאור, פרקים וכתוביות נבדקו לפי הזמינות; קובצי התמלול הזמניים אינם חלק מהשחרור.",2026-08-04T12:00:00+03:00
yt-0Llcyhyh8vY,0Llcyhyh8vY,https://www.youtube.com/watch?v=0Llcyhyh8vY,new,en,Luke Watson - Truck & Motorcycle Training,professional_instructor,True,True,True,True,True,False,,True,description;transcript,not_applicable,high,summary_he;learning_points_he;fit_for_he;why_watch_he;exercises_he;equipment_he;safety_warnings_he;common_mistakes_he;quality_score;quality_reason_he;skill_level;risk_level;domain;primary_category;secondary_categories;tags;motorcycle_types;motorcycle_weight_classes;terrain_types;road_conditions;chapters;verification;last_checked,new_record,removed_generic=0,approve,"הקישור ציבורי, הראיות עומדות ברף והאוצרות הידנית עברה בדיקת התאמה ובטיחות.","מטא־דאטה, תיאור, פרקים וכתוביות נבדקו לפי הזמינות; קובצי התמלול הזמניים אינם חלק מהשחרור.",2026-08-04T12:00:00+03:00
yt-9hgXMIY4cbc,9hgXMIY4cbc,https://www.youtube.com/watch?v=9hgXMIY4cbc,new,en,MXHideout,training_channel,True,True,True,True,True,False,,True,description;transcript,not_applicable,high,summary_he;learning_points_he;fit_for_he;why_watch_he;exercises_he;equipment_he;safety_warnings_he;common_mistakes_he;quality_score;quality_reason_he;skill_level;risk_level;domain;primary_category;secondary_categories;tags;motorcycle_types;motorcycle_weight_classes;terrain_types;road_conditions;chapters;verification;last_checked,new_record,removed_generic=0,approve,"הקישור ציבורי, הראיות עומדות ברף והאוצרות הידנית עברה בדיקת התאמה ובטיחות.","מטא־דאטה, תיאור, פרקים וכתוביות נבדקו לפי הזמינות; קובצי התמלול הזמניים אינם חלק מהשחרור.",2026-08-04T12:00:00+03:00
yt-FNLUBBMypmI,FNLUBBMypmI,https://www.youtube.com/watch?v=FNLUBBMypmI,new,en,Motorcycle Lessons UK,riding_school,True,True,True,True,True,False,,True,description;transcript,not_applicable,high,summary_he;learning_points_he;fit_for_he;why_watch_he;exercises_he;equipment_he;safety_warnings_he;common_mistakes_he;quality_score;quality_reason_he;skill_level;risk_level;domain;primary_category;secondary_categories;tags;motorcycle_types;motorcycle_weight_classes;terrain_types;road_conditions;chapters;verification;last_checked,new_record,removed_generic=0,approve,"הקישור ציבורי, הראיות עומדות ברף והאוצרות הידנית עברה בדיקת התאמה ובטיחות.","מטא־דאטה, תיאור, פרקים וכתוביות נבדקו לפי הזמינות; קובצי התמלול הזמניים אינם חלק מהשחרור.",2026-08-04T12:00:00+03:00
yt-5pUSer1l8jI,5pUSer1l8jI,https://www.youtube.com/watch?v=5pUSer1l8jI,new,en,OFFroad-OFFcourse,experienced_rider,True,True,True,True,True,False,,True,description;transcript,not_applicable,high,summary_he;learning_points_he;fit_for_he;why_watch_he;exercises_he;equipment_he;safety_warnings_he;common_mistakes_he;quality_score;quality_reason_he;skill_level;risk_level;domain;primary_category;secondary_categories;tags;motorcycle_types;motorcycle_weight_classes;terrain_types;road_conditions;chapters;verification;last_checked,new_record,removed_generic=0,approve,"הקישור ציבורי, הראיות עומדות ברף והאוצרות הידנית עברה בדיקת התאמה ובטיחות.","מטא־דאטה, תיאור, פרקים וכתוביות נבדקו לפי הזמינות; קובצי התמלול הזמניים אינם חלק מהשחרור.",2026-08-04T12:00:00+03:00
yt-Z4z0mCP8UPk,Z4z0mCP8UPk,https://www.youtube.com/watch?v=Z4z0mCP8UPk,new,en,Peak Rider Services,riding_school,True,True,True,True,True,False,,True,description;transcript,not_applicable,high,summary_he;learning_points_he;fit_for_he;why_watch_he;exercises_he;equipment_he;safety_warnings_he;common_mistakes_he;quality_score;quality_reason_he;skill_level;risk_level;domain;primary_category;secondary_categories;tags;motorcycle_types;motorcycle_weight_classes;terrain_types;road_conditions;chapters;verification;last_checked,new_record,removed_generic=0,approve,"הקישור ציבורי, הראיות עומדות ברף והאוצרות הידנית עברה בדיקת התאמה ובטיחות.","מטא־דאטה, תיאור, פרקים וכתוביות נבדקו לפי הזמינות; קובצי התמלול הזמניים אינם חלק מהשחרור.",2026-08-04T12:00:00+03:00
yt-iw9zeS0wLW8,iw9zeS0wLW8,https://www.youtube.com/watch?v=iw9zeS0wLW8,new,en,PetroHead,training_channel,True,True,True,True,True,False,,True,description;transcript,not_applicable,high,summary_he;learning_points_he;fit_for_he;why_watch_he;exercises_he;equipment_he;safety_warnings_he;common_mistakes_he;quality_score;quality_reason_he;skill_level;risk_level;domain;primary_category;secondary_categories;tags;motorcycle_types;motorcycle_weight_classes;terrain_types;road_conditions;chapters;verification;last_checked,new_record,removed_generic=0,approve,"הקישור ציבורי, הראיות עומדות ברף והאוצרות הידנית עברה בדיקת התאמה ובטיחות.","מטא־דאטה, תיאור, פרקים וכתוביות נבדקו לפי הזמינות; קובצי התמלול הזמניים אינם חלק מהשחרור.",2026-08-04T12:00:00+03:00
yt-MwZSi-LHWuw,MwZSi-LHWuw,https://www.youtube.com/watch?v=MwZSi-LHWuw,new,en,ProRider- Advanced Motorcycle Skills Training,riding_school,True,True,True,True,True,False,,True,description;transcript,not_applicable,high,summary_he;learning_points_he;fit_for_he;why_watch_he;exercises_he;equipment_he;safety_warnings_he;common_mistakes_he;quality_score;quality_reason_he;skill_level;risk_level;domain;primary_category;secondary_categories;tags;motorcycle_types;motorcycle_weight_classes;terrain_types;road_conditions;chapters;verification;last_checked,new_record,removed_generic=0,approve,"הקישור ציבורי, הראיות עומדות ברף והאוצרות הידנית עברה בדיקת התאמה ובטיחות.","מטא־דאטה, תיאור, פרקים וכתוביות נבדקו לפי הזמינות; קובצי התמלול הזמניים אינם חלק מהשחרור.",2026-08-04T12:00:00+03:00
yt-51gsYMB2beQ,51gsYMB2beQ,https://www.youtube.com/watch?v=51gsYMB2beQ,new,en,RIDER GUIDER,community_educator,True,True,True,True,True,False,,True,description;transcript,not_applicable,high,summary_he;learning_points_he;fit_for_he;why_watch_he;exercises_he;equipment_he;safety_warnings_he;common_mistakes_he;quality_score;quality_reason_he;skill_level;risk_level;domain;primary_category;secondary_categories;tags;motorcycle_types;motorcycle_weight_classes;terrain_types;road_conditions;chapters;verification;last_checked,new_record,removed_generic=0,approve,"הקישור ציבורי, הראיות עומדות ברף והאוצרות הידנית עברה בדיקת התאמה ובטיחות.","מטא־דאטה, תיאור, פרקים וכתוביות נבדקו לפי הזמינות; קובצי התמלול הזמניים אינם חלק מהשחרור.",2026-08-04T12:00:00+03:00
yt-SpEl45M02sI,SpEl45M02sI,https://www.youtube.com/watch?v=SpEl45M02sI,new,en,RIDER GUIDER,community_educator,True,True,True,True,True,False,,True,description;transcript,not_applicable,high,summary_he;learning_points_he;fit_for_he;why_watch_he;exercises_he;equipment_he;safety_warnings_he;common_mistakes_he;quality_score;quality_reason_he;skill_level;risk_level;domain;primary_category;secondary_categories;tags;motorcycle_types;motorcycle_weight_classes;terrain_types;road_conditions;chapters;verification;last_checked,new_record,removed_generic=0,approve,"הקישור ציבורי, הראיות עומדות ברף והאוצרות הידנית עברה בדיקת התאמה ובטיחות.","מטא־דאטה, תיאור, פרקים וכתוביות נבדקו לפי הזמינות; קובצי התמלול הזמניים אינם חלק מהשחרור.",2026-08-04T12:00:00+03:00
yt-Rmd7mV_a_i8,Rmd7mV_a_i8,https://www.youtube.com/watch?v=Rmd7mV_a_i8,new,en,Relishlife,community_educator,True,True,True,True,True,False,,True,description;transcript,not_applicable,high,summary_he;learning_points_he;fit_for_he;why_watch_he;exercises_he;equipment_he;safety_warnings_he;common_mistakes_he;quality_score;quality_reason_he;skill_level;risk_level;domain;primary_category;secondary_categories;tags;motorcycle_types;motorcycle_weight_classes;terrain_types;road_conditions;chapters;verification;last_checked,new_record,removed_generic=0,approve,"הקישור ציבורי, הראיות עומדות ברף והאוצרות הידנית עברה בדיקת התאמה ובטיחות.","מטא־דאטה, תיאור, פרקים וכתוביות נבדקו לפי הזמינות; קובצי התמלול הזמניים אינם חלק מהשחרור.",2026-08-04T12:00:00+03:00
yt-fm88yhrX9bk,fm88yhrX9bk,https://www.youtube.com/watch?v=fm88yhrX9bk,new,en,Ride or Die Motorcycles,community_educator,True,True,True,True,True,False,,True,description;transcript,not_applicable,high,summary_he;learning_points_he;fit_for_he;why_watch_he;exercises_he;equipment_he;safety_warnings_he;common_mistakes_he;quality_score;quality_reason_he;skill_level;risk_level;domain;primary_category;secondary_categories;tags;motorcycle_types;motorcycle_weight_classes;terrain_types;road_conditions;chapters;verification;last_checked,new_record,removed_generic=0,approve,"הקישור ציבורי, הראיות עומדות ברף והאוצרות הידנית עברה בדיקת התאמה ובטיחות.","מטא־דאטה, תיאור, פרקים וכתוביות נבדקו לפי הזמינות; קובצי התמלול הזמניים אינם חלק מהשחרור.",2026-08-04T12:00:00+03:00
yt-lcauMhznleg,lcauMhznleg,https://www.youtube.com/watch?v=lcauMhznleg,new,en,Ride or Die Motorcycles,community_educator,True,True,True,True,True,False,,True,description;transcript,not_applicable,high,summary_he;learning_points_he;fit_for_he;why_watch_he;exercises_he;equipment_he;safety_warnings_he;common_mistakes_he;quality_score;quality_reason_he;skill_level;risk_level;domain;primary_category;secondary_categories;tags;motorcycle_types;motorcycle_weight_classes;terrain_types;road_conditions;chapters;verification;last_checked,new_record,removed_generic=0,approve,"הקישור ציבורי, הראיות עומדות ברף והאוצרות הידנית עברה בדיקת התאמה ובטיחות.","מטא־דאטה, תיאור, פרקים וכתוביות נבדקו לפי הזמינות; קובצי התמלול הזמניים אינם חלק מהשחרור.",2026-08-04T12:00:00+03:00
yt-k6mUJ309W3k,k6mUJ309W3k,https://www.youtube.com/watch?v=k6mUJ309W3k,new,en,Roadcraft Nottingham - Motorcycle Training,professional_instructor,True,True,True,True,True,False,,True,description;transcript,not_applicable,high,summary_he;learning_points_he;fit_for_he;why_watch_he;exercises_he;equipment_he;safety_warnings_he;common_mistakes_he;quality_score;quality_reason_he;skill_level;risk_level;domain;primary_category;secondary_categories;tags;motorcycle_types;motorcycle_weight_classes;terrain_types;road_conditions;chapters;verification;last_checked,new_record,removed_generic=0,approve,"הקישור ציבורי, הראיות עומדות ברף והאוצרות הידנית עברה בדיקת התאמה ובטיחות.","מטא־דאטה, תיאור, פרקים וכתוביות נבדקו לפי הזמינות; קובצי התמלול הזמניים אינם חלק מהשחרור.",2026-08-04T12:00:00+03:00
yt-y1_j_49as9s,y1_j_49as9s,https://www.youtube.com/watch?v=y1_j_49as9s,new,en,SIK Baggers,experienced_rider,True,True,True,True,True,False,,True,description;transcript,not_applicable,high,summary_he;learning_points_he;fit_for_he;why_watch_he;exercises_he;equipment_he;safety_warnings_he;common_mistakes_he;quality_score;quality_reason_he;skill_level;risk_level;domain;primary_category;secondary_categories;tags;motorcycle_types;motorcycle_weight_classes;terrain_types;road_conditions;chapters;verification;last_checked,new_record,removed_generic=0,approve,"הקישור ציבורי, הראיות עומדות ברף והאוצרות הידנית עברה בדיקת התאמה ובטיחות.","מטא־דאטה, תיאור, פרקים וכתוביות נבדקו לפי הזמינות; קובצי התמלול הזמניים אינם חלק מהשחרור.",2026-08-04T12:00:00+03:00
yt-3QNTu2pzRfg,3QNTu2pzRfg,https://www.youtube.com/watch?v=3QNTu2pzRfg,new,en,SoCal Off-Road School,riding_school,True,True,True,True,True,False,,True,description;transcript,not_applicable,high,summary_he;learning_points_he;fit_for_he;why_watch_he;exercises_he;equipment_he;safety_warnings_he;common_mistakes_he;quality_score;quality_reason_he;skill_level;risk_level;domain;primary_category;secondary_categories;tags;motorcycle_types;motorcycle_weight_classes;terrain_types;road_conditions;chapters;verification;last_checked,new_record,removed_generic=0,approve,"הקישור ציבורי, הראיות עומדות ברף והאוצרות הידנית עברה בדיקת התאמה ובטיחות.","מטא־דאטה, תיאור, פרקים וכתוביות נבדקו לפי הזמינות; קובצי התמלול הזמניים אינם חלק מהשחרור.",2026-08-04T12:00:00+03:00
yt-5S4fHLYnjgM,5S4fHLYnjgM,https://www.youtube.com/watch?v=5S4fHLYnjgM,new,en,SoCal Off-Road School,riding_school,True,True,True,True,True,False,,True,description;transcript,not_applicable,high,summary_he;learning_points_he;fit_for_he;why_watch_he;exercises_he;equipment_he;safety_warnings_he;common_mistakes_he;quality_score;quality_reason_he;skill_level;risk_level;domain;primary_category;secondary_categories;tags;motorcycle_types;motorcycle_weight_classes;terrain_types;road_conditions;chapters;verification;last_checked,new_record,removed_generic=0,approve,"הקישור ציבורי, הראיות עומדות ברף והאוצרות הידנית עברה בדיקת התאמה ובטיחות.","מטא־דאטה, תיאור, פרקים וכתוביות נבדקו לפי הזמינות; קובצי התמלול הזמניים אינם חלק מהשחרור.",2026-08-04T12:00:00+03:00
yt-5uiMlyOgjjg,5uiMlyOgjjg,https://www.youtube.com/watch?v=5uiMlyOgjjg,new,en,SoCal Off-Road School,riding_school,True,True,True,True,True,False,,True,description;transcript,not_applicable,high,summary_he;learning_points_he;fit_for_he;why_watch_he;exercises_he;equipment_he;safety_warnings_he;common_mistakes_he;quality_score;quality_reason_he;skill_level;risk_level;domain;primary_category;secondary_categories;tags;motorcycle_types;motorcycle_weight_classes;terrain_types;road_conditions;chapters;verification;last_checked,new_record,removed_generic=0,approve,"הקישור ציבורי, הראיות עומדות ברף והאוצרות הידנית עברה בדיקת התאמה ובטיחות.","מטא־דאטה, תיאור, פרקים וכתוביות נבדקו לפי הזמינות; קובצי התמלול הזמניים אינם חלק מהשחרור.",2026-08-04T12:00:00+03:00
yt-vFRDMa7gwIU,vFRDMa7gwIU,https://www.youtube.com/watch?v=vFRDMa7gwIU,new,en,Suzuki2Wheelers,training_channel,True,True,True,True,True,False,,True,description;transcript,not_applicable,high,summary_he;learning_points_he;fit_for_he;why_watch_he;exercises_he;equipment_he;safety_warnings_he;common_mistakes_he;quality_score;quality_reason_he;skill_level;risk_level;domain;primary_category;secondary_categories;tags;motorcycle_types;motorcycle_weight_classes;terrain_types;road_conditions;chapters;verification;last_checked,new_record,removed_generic=0,approve,"הקישור ציבורי, הראיות עומדות ברף והאוצרות הידנית עברה בדיקת התאמה ובטיחות.","מטא־דאטה, תיאור, פרקים וכתוביות נבדקו לפי הזמינות; קובצי התמלול הזמניים אינם חלק מהשחרור.",2026-08-04T12:00:00+03:00
yt-eTBshYyXrW0,eTBshYyXrW0,https://www.youtube.com/watch?v=eTBshYyXrW0,new,en,TWO WHEELS PARADISE,community_educator,True,True,True,True,True,False,,True,description;transcript,not_applicable,high,summary_he;learning_points_he;fit_for_he;why_watch_he;exercises_he;equipment_he;safety_warnings_he;common_mistakes_he;quality_score;quality_reason_he;skill_level;risk_level;domain;primary_category;secondary_categories;tags;motorcycle_types;motorcycle_weight_classes;terrain_types;road_conditions;chapters;verification;last_checked,new_record,removed_generic=0,approve,"הקישור ציבורי, הראיות עומדות ברף והאוצרות הידנית עברה בדיקת התאמה ובטיחות.","מטא־דאטה, תיאור, פרקים וכתוביות נבדקו לפי הזמינות; קובצי התמלול הזמניים אינם חלק מהשחרור.",2026-08-04T12:00:00+03:00
yt-i1eqhcPC6g8,i1eqhcPC6g8,https://www.youtube.com/watch?v=i1eqhcPC6g8,new,en,TWO WHEELS PARADISE,community_educator,True,True,True,True,True,False,,True,description;transcript,not_applicable,high,summary_he;learning_points_he;fit_for_he;why_watch_he;exercises_he;equipment_he;safety_warnings_he;common_mistakes_he;quality_score;quality_reason_he;skill_level;risk_level;domain;primary_category;secondary_categories;tags;motorcycle_types;motorcycle_weight_classes;terrain_types;road_conditions;chapters;verification;last_checked,new_record,removed_generic=0,approve,"הקישור ציבורי, הראיות עומדות ברף והאוצרות הידנית עברה בדיקת התאמה ובטיחות.","מטא־דאטה, תיאור, פרקים וכתוביות נבדקו לפי הזמינות; קובצי התמלול הזמניים אינם חלק מהשחרור.",2026-08-04T12:00:00+03:00
yt-ZCCxERsvQdw,ZCCxERsvQdw,https://www.youtube.com/watch?v=ZCCxERsvQdw,new,en,Two-Wheel Truth,community_educator,True,True,True,True,True,False,,True,description;transcript,not_applicable,high,summary_he;learning_points_he;fit_for_he;why_watch_he;exercises_he;equipment_he;safety_warnings_he;common_mistakes_he;quality_score;quality_reason_he;skill_level;risk_level;domain;primary_category;secondary_categories;tags;motorcycle_types;motorcycle_weight_classes;terrain_types;road_conditions;chapters;verification;last_checked,new_record,removed_generic=0,approve,"הקישור ציבורי, הראיות עומדות ברף והאוצרות הידנית עברה בדיקת התאמה ובטיחות.","מטא־דאטה, תיאור, פרקים וכתוביות נבדקו לפי הזמינות; קובצי התמלול הזמניים אינם חלק מהשחרור.",2026-08-04T12:00:00+03:00
yt-oZiD8uxH0hQ,oZiD8uxH0hQ,https://www.youtube.com/watch?v=oZiD8uxH0hQ,new,en,Wanderlust Revs,professional_instructor,True,True,True,True,True,False,,True,description;transcript,not_applicable,high,summary_he;learning_points_he;fit_for_he;why_watch_he;exercises_he;equipment_he;safety_warnings_he;common_mistakes_he;quality_score;quality_reason_he;skill_level;risk_level;domain;primary_category;secondary_categories;tags;motorcycle_types;motorcycle_weight_classes;terrain_types;road_conditions;chapters;verification;last_checked,new_record,removed_generic=0,approve,"הקישור ציבורי, הראיות עומדות ברף והאוצרות הידנית עברה בדיקת התאמה ובטיחות.","מטא־דאטה, תיאור, פרקים וכתוביות נבדקו לפי הזמינות; קובצי התמלול הזמניים אינם חלק מהשחרור.",2026-08-04T12:00:00+03:00
yt-ov7AqO_51iI,ov7AqO_51iI,https://www.youtube.com/watch?v=ov7AqO_51iI,new,en,Youthbuddy,community_educator,True,True,True,True,True,False,,True,description;transcript,not_applicable,high,summary_he;learning_points_he;fit_for_he;why_watch_he;exercises_he;equipment_he;safety_warnings_he;common_mistakes_he;quality_score;quality_reason_he;skill_level;risk_level;domain;primary_category;secondary_categories;tags;motorcycle_types;motorcycle_weight_classes;terrain_types;road_conditions;chapters;verification;last_checked,new_record,removed_generic=0,approve,"הקישור ציבורי, הראיות עומדות ברף והאוצרות הידנית עברה בדיקת התאמה ובטיחות.","מטא־דאטה, תיאור, פרקים וכתוביות נבדקו לפי הזמינות; קובצי התמלול הזמניים אינם חלק מהשחרור.",2026-08-04T12:00:00+03:00
yt-h5YrGuIGgVI,h5YrGuIGgVI,https://www.youtube.com/watch?v=h5YrGuIGgVI,new,en,Big Rock Moto,professional_instructor,True,True,True,True,True,False,,True,description;chapters;transcript,not_applicable,high,summary_he;learning_points_he;fit_for_he;why_watch_he;exercises_he;equipment_he;safety_warnings_he;common_mistakes_he;quality_score;quality_reason_he;skill_level;risk_level;domain;primary_category;secondary_categories;tags;motorcycle_types;motorcycle_weight_classes;terrain_types;road_conditions;chapters;verification;last_checked,new_record,removed_generic=2,approve,"הקישור ציבורי, הראיות עומדות ברף והאוצרות הידנית עברה בדיקת התאמה ובטיחות.","מטא־דאטה, תיאור, פרקים וכתוביות נבדקו לפי הזמינות; קובצי התמלול הזמניים אינם חלק מהשחרור.",2026-08-04T12:00:00+03:00
yt-6tlSdNGLPkY,6tlSdNGLPkY,https://www.youtube.com/watch?v=6tlSdNGLPkY,new,en,CanyonChasers,training_channel,True,True,True,True,True,False,,True,description;chapters;transcript,not_applicable,high,summary_he;learning_points_he;fit_for_he;why_watch_he;exercises_he;equipment_he;safety_warnings_he;common_mistakes_he;quality_score;quality_reason_he;skill_level;risk_level;domain;primary_category;secondary_categories;tags;motorcycle_types;motorcycle_weight_classes;terrain_types;road_conditions;chapters;verification;last_checked,new_record,removed_generic=0,approve,"הקישור ציבורי, הראיות עומדות ברף והאוצרות הידנית עברה בדיקת התאמה ובטיחות.","מטא־דאטה, תיאור, פרקים וכתוביות נבדקו לפי הזמינות; קובצי התמלול הזמניים אינם חלק מהשחרור.",2026-08-04T12:00:00+03:00
yt-HlZvuK_3kPQ,HlZvuK_3kPQ,https://www.youtube.com/watch?v=HlZvuK_3kPQ,new,en,DanDanTheFireman,training_channel,True,True,True,True,True,False,,True,description;chapters;transcript,not_applicable,high,summary_he;learning_points_he;fit_for_he;why_watch_he;exercises_he;equipment_he;safety_warnings_he;common_mistakes_he;quality_score;quality_reason_he;skill_level;risk_level;domain;primary_category;secondary_categories;tags;motorcycle_types;motorcycle_weight_classes;terrain_types;road_conditions;chapters;verification;last_checked,new_record,removed_generic=1,approve,"הקישור ציבורי, הראיות עומדות ברף והאוצרות הידנית עברה בדיקת התאמה ובטיחות.","מטא־דאטה, תיאור, פרקים וכתוביות נבדקו לפי הזמינות; קובצי התמלול הזמניים אינם חלק מהשחרור.",2026-08-04T12:00:00+03:00
yt-bQws3UL3lSc,bQws3UL3lSc,https://www.youtube.com/watch?v=bQws3UL3lSc,new,en,DanDanTheFireman,training_channel,True,True,True,True,True,False,,True,description;chapters;transcript,not_applicable,high,summary_he;learning_points_he;fit_for_he;why_watch_he;exercises_he;equipment_he;safety_warnings_he;common_mistakes_he;quality_score;quality_reason_he;skill_level;risk_level;domain;primary_category;secondary_categories;tags;motorcycle_types;motorcycle_weight_classes;terrain_types;road_conditions;chapters;verification;last_checked,new_record,removed_generic=1,approve,"הקישור ציבורי, הראיות עומדות ברף והאוצרות הידנית עברה בדיקת התאמה ובטיחות.","מטא־דאטה, תיאור, פרקים וכתוביות נבדקו לפי הזמינות; קובצי התמלול הזמניים אינם חלק מהשחרור.",2026-08-04T12:00:00+03:00
yt-2HTa9iHvI6U,2HTa9iHvI6U,https://www.youtube.com/watch?v=2HTa9iHvI6U,new,en,FTA Adventures,experienced_rider,True,True,True,True,True,False,,True,description;chapters;transcript,not_applicable,high,summary_he;learning_points_he;fit_for_he;why_watch_he;exercises_he;equipment_he;safety_warnings_he;common_mistakes_he;quality_score;quality_reason_he;skill_level;risk_level;domain;primary_category;secondary_categories;tags;motorcycle_types;motorcycle_weight_classes;terrain_types;road_conditions;chapters;verification;last_checked,new_record,removed_generic=0,approve,"הקישור ציבורי, הראיות עומדות ברף והאוצרות הידנית עברה בדיקת התאמה ובטיחות.","מטא־דאטה, תיאור, פרקים וכתוביות נבדקו לפי הזמינות; קובצי התמלול הזמניים אינם חלק מהשחרור.",2026-08-04T12:00:00+03:00
yt-1LVSrs4HucI,1LVSrs4HucI,https://www.youtube.com/watch?v=1LVSrs4HucI,new,en,Moto Control,training_channel,True,True,True,True,True,False,,True,description;chapters;transcript,not_applicable,high,summary_he;learning_points_he;fit_for_he;why_watch_he;exercises_he;equipment_he;safety_warnings_he;common_mistakes_he;quality_score;quality_reason_he;skill_level;risk_level;domain;primary_category;secondary_categories;tags;motorcycle_types;motorcycle_weight_classes;terrain_types;road_conditions;chapters;verification;last_checked,new_record,removed_generic=2,approve,"הקישור ציבורי, הראיות עומדות ברף והאוצרות הידנית עברה בדיקת התאמה ובטיחות.","מטא־דאטה, תיאור, פרקים וכתוביות נבדקו לפי הזמינות; קובצי התמלול הזמניים אינם חלק מהשחרור.",2026-08-04T12:00:00+03:00
yt-S36MgsVsHsA,S36MgsVsHsA,https://www.youtube.com/watch?v=S36MgsVsHsA,new,en,Moto Control,training_channel,True,True,True,True,True,False,,True,description;chapters;transcript,not_applicable,high,summary_he;learning_points_he;fit_for_he;why_watch_he;exercises_he;equipment_he;safety_warnings_he;common_mistakes_he;quality_score;quality_reason_he;skill_level;risk_level;domain;primary_category;secondary_categories;tags;motorcycle_types;motorcycle_weight_classes;terrain_types;road_conditions;chapters;verification;last_checked,new_record,removed_generic=0,approve,"הקישור ציבורי, הראיות עומדות ברף והאוצרות הידנית עברה בדיקת התאמה ובטיחות.","מטא־דאטה, תיאור, פרקים וכתוביות נבדקו לפי הזמינות; קובצי התמלול הזמניים אינם חלק מהשחרור.",2026-08-04T12:00:00+03:00
yt-GerHAGwhX9k,GerHAGwhX9k,https://www.youtube.com/watch?v=GerHAGwhX9k,new,en,Riding in the Ozarks,experienced_rider,True,True,True,True,True,False,,True,description;chapters;transcript,not_applicable,high,summary_he;learning_points_he;fit_for_he;why_watch_he;exercises_he;equipment_he;safety_warnings_he;common_mistakes_he;quality_score;quality_reason_he;skill_level;risk_level;domain;primary_category;secondary_categories;tags;motorcycle_types;motorcycle_weight_classes;terrain_types;road_conditions;chapters;verification;last_checked,new_record,removed_generic=1,approve,"הקישור ציבורי, הראיות עומדות ברף והאוצרות הידנית עברה בדיקת התאמה ובטיחות.","מטא־דאטה, תיאור, פרקים וכתוביות נבדקו לפי הזמינות; קובצי התמלול הזמניים אינם חלק מהשחרור.",2026-08-04T12:00:00+03:00
yt-LvmXbZlf6M8,LvmXbZlf6M8,https://www.youtube.com/watch?v=LvmXbZlf6M8,new,en,Taylor Mackenzie,professional_instructor,True,True,True,True,True,False,,True,description;chapters;transcript,not_applicable,high,summary_he;learning_points_he;fit_for_he;why_watch_he;exercises_he;equipment_he;safety_warnings_he;common_mistakes_he;quality_score;quality_reason_he;skill_level;risk_level;domain;primary_category;secondary_categories;tags;motorcycle_types;motorcycle_weight_classes;terrain_types;road_conditions;chapters;verification;last_checked,new_record,removed_generic=1,approve,"הקישור ציבורי, הראיות עומדות ברף והאוצרות הידנית עברה בדיקת התאמה ובטיחות.","מטא־דאטה, תיאור, פרקים וכתוביות נבדקו לפי הזמינות; קובצי התמלול הזמניים אינם חלק מהשחרור.",2026-08-04T12:00:00+03:00
yt-6VjSNKBobko,6VjSNKBobko,https://www.youtube.com/watch?v=6VjSNKBobko,new,en,ExpertVillage Leaf Group,experienced_rider,True,True,True,True,True,False,,True,description;transcript,not_applicable,high,summary_he;learning_points_he;fit_for_he;why_watch_he;exercises_he;equipment_he;safety_warnings_he;common_mistakes_he;quality_score;quality_reason_he;skill_level;risk_level;domain;primary_category;secondary_categories;tags;motorcycle_types;motorcycle_weight_classes;terrain_types;road_conditions;chapters;verification;last_checked,new_record,removed_generic=0,approve,"הקישור ציבורי, הראיות עומדות ברף והאוצרות הידנית עברה בדיקת התאמה ובטיחות.","מטא־דאטה, תיאור, פרקים וכתוביות נבדקו לפי הזמינות; קובצי התמלול הזמניים אינם חלק מהשחרור.",2026-08-04T12:00:00+03:00
yt-x10WJdhm0wU,x10WJdhm0wU,https://www.youtube.com/watch?v=x10WJdhm0wU,new,en,Megs Braap,experienced_rider,True,True,True,True,True,False,,True,description;transcript,not_applicable,high,summary_he;learning_points_he;fit_for_he;why_watch_he;exercises_he;equipment_he;safety_warnings_he;common_mistakes_he;quality_score;quality_reason_he;skill_level;risk_level;domain;primary_category;secondary_categories;tags;motorcycle_types;motorcycle_weight_classes;terrain_types;road_conditions;chapters;verification;last_checked,new_record,removed_generic=0,approve,"הקישור ציבורי, הראיות עומדות ברף והאוצרות הידנית עברה בדיקת התאמה ובטיחות.","מטא־דאטה, תיאור, פרקים וכתוביות נבדקו לפי הזמינות; קובצי התמלול הזמניים אינם חלק מהשחרור.",2026-08-04T12:00:00+03:00
yt-uT-staOOo9w,uT-staOOo9w,https://www.youtube.com/watch?v=uT-staOOo9w,new,en,Paul Tannahill,riding_school,True,True,True,True,True,False,,True,description;transcript,not_applicable,high,summary_he;learning_points_he;fit_for_he;why_watch_he;exercises_he;equipment_he;safety_warnings_he;common_mistakes_he;quality_score;quality_reason_he;skill_level;risk_level;domain;primary_category;secondary_categories;tags;motorcycle_types;motorcycle_weight_classes;terrain_types;road_conditions;chapters;verification;last_checked,new_record,removed_generic=0,approve,"הקישור ציבורי, הראיות עומדות ברף והאוצרות הידנית עברה בדיקת התאמה ובטיחות.","מטא־דאטה, תיאור, פרקים וכתוביות נבדקו לפי הזמינות; קובצי התמלול הזמניים אינם חלק מהשחרור.",2026-08-04T12:00:00+03:00
yt-CXMqS_gMOS0,CXMqS_gMOS0,https://www.youtube.com/watch?v=CXMqS_gMOS0,new,en,DanDanTheFireman,training_channel,True,True,True,True,True,False,,True,description;chapters;transcript,not_applicable,high,summary_he;learning_points_he;fit_for_he;why_watch_he;exercises_he;equipment_he;safety_warnings_he;common_mistakes_he;quality_score;quality_reason_he;skill_level;risk_level;domain;primary_category;secondary_categories;tags;motorcycle_types;motorcycle_weight_classes;terrain_types;road_conditions;chapters;verification;last_checked,new_record,removed_generic=1,approve,"הקישור ציבורי, הראיות עומדות ברף והאוצרות הידנית עברה בדיקת התאמה ובטיחות.","מטא־דאטה, תיאור, פרקים וכתוביות נבדקו לפי הזמינות; קובצי התמלול הזמניים אינם חלק מהשחרור.",2026-08-04T12:00:00+03:00
yt-3tSkUdUYaA4,3tSkUdUYaA4,https://www.youtube.com/watch?v=3tSkUdUYaA4,new,en,Adam Riemann,experienced_rider,True,True,True,True,True,False,,True,description;chapters;transcript,not_applicable,high,summary_he;learning_points_he;fit_for_he;why_watch_he;exercises_he;equipment_he;safety_warnings_he;common_mistakes_he;quality_score;quality_reason_he;skill_level;risk_level;domain;primary_category;secondary_categories;tags;motorcycle_types;motorcycle_weight_classes;terrain_types;road_conditions;chapters;verification;last_checked,new_record,removed_generic=1,approve,"הקישור ציבורי, הראיות עומדות ברף והאוצרות הידנית עברה בדיקת התאמה ובטיחות.","מטא־דאטה, תיאור, פרקים וכתוביות נבדקו לפי הזמינות; קובצי התמלול הזמניים אינם חלק מהשחרור.",2026-08-04T12:00:00+03:00
yt-UbemLevjCHw,UbemLevjCHw,https://www.youtube.com/watch?v=UbemLevjCHw,new,en,Adam Riemann,experienced_rider,True,True,True,True,True,False,,True,description;chapters;transcript,not_applicable,high,summary_he;learning_points_he;fit_for_he;why_watch_he;exercises_he;equipment_he;safety_warnings_he;common_mistakes_he;quality_score;quality_reason_he;skill_level;risk_level;domain;primary_category;secondary_categories;tags;motorcycle_types;motorcycle_weight_classes;terrain_types;road_conditions;chapters;verification;last_checked,new_record,removed_generic=2,approve,"הקישור ציבורי, הראיות עומדות ברף והאוצרות הידנית עברה בדיקת התאמה ובטיחות.","מטא־דאטה, תיאור, פרקים וכתוביות נבדקו לפי הזמינות; קובצי התמלול הזמניים אינם חלק מהשחרור.",2026-08-04T12:00:00+03:00
yt-dWkoJmTyrtI,dWkoJmTyrtI,https://www.youtube.com/watch?v=dWkoJmTyrtI,new,en,AdventurePiggy,experienced_rider,True,True,True,True,True,False,,True,description;chapters;transcript,not_applicable,high,summary_he;learning_points_he;fit_for_he;why_watch_he;exercises_he;equipment_he;safety_warnings_he;common_mistakes_he;quality_score;quality_reason_he;skill_level;risk_level;domain;primary_category;secondary_categories;tags;motorcycle_types;motorcycle_weight_classes;terrain_types;road_conditions;chapters;verification;last_checked,new_record,removed_generic=1,approve,"הקישור ציבורי, הראיות עומדות ברף והאוצרות הידנית עברה בדיקת התאמה ובטיחות.","מטא־דאטה, תיאור, פרקים וכתוביות נבדקו לפי הזמינות; קובצי התמלול הזמניים אינם חלק מהשחרור.",2026-08-04T12:00:00+03:00
yt-46iiFjZUEUA,46iiFjZUEUA,https://www.youtube.com/watch?v=46iiFjZUEUA,new,en,Autozium,training_channel,True,True,True,True,True,False,,True,description;chapters;transcript,not_applicable,high,summary_he;learning_points_he;fit_for_he;why_watch_he;exercises_he;equipment_he;safety_warnings_he;common_mistakes_he;quality_score;quality_reason_he;skill_level;risk_level;domain;primary_category;secondary_categories;tags;motorcycle_types;motorcycle_weight_classes;terrain_types;road_conditions;chapters;verification;last_checked,new_record,removed_generic=1,approve,"הקישור ציבורי, הראיות עומדות ברף והאוצרות הידנית עברה בדיקת התאמה ובטיחות.","מטא־דאטה, תיאור, פרקים וכתוביות נבדקו לפי הזמינות; קובצי התמלול הזמניים אינם חלק מהשחרור.",2026-08-04T12:00:00+03:00
yt-J0ijNI0HhFA,J0ijNI0HhFA,https://www.youtube.com/watch?v=J0ijNI0HhFA,new,en,Gliding_On_Two's,experienced_rider,True,True,True,True,True,False,,True,description;chapters;transcript,not_applicable,high,summary_he;learning_points_he;fit_for_he;why_watch_he;exercises_he;equipment_he;safety_warnings_he;common_mistakes_he;quality_score;quality_reason_he;skill_level;risk_level;domain;primary_category;secondary_categories;tags;motorcycle_types;motorcycle_weight_classes;terrain_types;road_conditions;chapters;verification;last_checked,new_record,removed_generic=2,approve,"הקישור ציבורי, הראיות עומדות ברף והאוצרות הידנית עברה בדיקת התאמה ובטיחות.","מטא־דאטה, תיאור, פרקים וכתוביות נבדקו לפי הזמינות; קובצי התמלול הזמניים אינם חלק מהשחרור.",2026-08-04T12:00:00+03:00
yt-nM4y8J-5ZCA,nM4y8J-5ZCA,https://www.youtube.com/watch?v=nM4y8J-5ZCA,new,en,Off Road Skills,riding_school,True,True,True,True,True,False,,True,description;chapters;transcript,not_applicable,high,summary_he;learning_points_he;fit_for_he;why_watch_he;exercises_he;equipment_he;safety_warnings_he;common_mistakes_he;quality_score;quality_reason_he;skill_level;risk_level;domain;primary_category;secondary_categories;tags;motorcycle_types;motorcycle_weight_classes;terrain_types;road_conditions;chapters;verification;last_checked,new_record,removed_generic=2,approve,"הקישור ציבורי, הראיות עומדות ברף והאוצרות הידנית עברה בדיקת התאמה ובטיחות.","מטא־דאטה, תיאור, פרקים וכתוביות נבדקו לפי הזמינות; קובצי התמלול הזמניים אינם חלק מהשחרור.",2026-08-04T12:00:00+03:00
yt-XgPpLKCUlbA,XgPpLKCUlbA,https://www.youtube.com/watch?v=XgPpLKCUlbA,new,en,RevZilla,training_channel,True,True,True,True,True,False,,True,description;chapters;transcript,not_applicable,high,summary_he;learning_points_he;fit_for_he;why_watch_he;exercises_he;equipment_he;safety_warnings_he;common_mistakes_he;quality_score;quality_reason_he;skill_level;risk_level;domain;primary_category;secondary_categories;tags;motorcycle_types;motorcycle_weight_classes;terrain_types;road_conditions;chapters;verification;last_checked,new_record,removed_generic=1,approve,"הקישור ציבורי, הראיות עומדות ברף והאוצרות הידנית עברה בדיקת התאמה ובטיחות.","מטא־דאטה, תיאור, פרקים וכתוביות נבדקו לפי הזמינות; קובצי התמלול הזמניים אינם חלק מהשחרור.",2026-08-04T12:00:00+03:00
yt-vVBdOqqKt-A,vVBdOqqKt-A,https://www.youtube.com/watch?v=vVBdOqqKt-A,new,en,Robert Baldinger,experienced_rider,True,True,True,True,True,False,,True,description;chapters;transcript,not_applicable,high,summary_he;learning_points_he;fit_for_he;why_watch_he;exercises_he;equipment_he;safety_warnings_he;common_mistakes_he;quality_score;quality_reason_he;skill_level;risk_level;domain;primary_category;secondary_categories;tags;motorcycle_types;motorcycle_weight_classes;terrain_types;road_conditions;chapters;verification;last_checked,new_record,removed_generic=0,approve,"הקישור ציבורי, הראיות עומדות ברף והאוצרות הידנית עברה בדיקת התאמה ובטיחות.","מטא־דאטה, תיאור, פרקים וכתוביות נבדקו לפי הזמינות; קובצי התמלול הזמניים אינם חלק מהשחרור.",2026-08-04T12:00:00+03:00
yt-_4KinOAw74Q,_4KinOAw74Q,https://www.youtube.com/watch?v=_4KinOAw74Q,new,en,Rocky Mountain ATV MC,training_channel,True,True,True,True,True,False,,True,description;chapters;transcript,not_applicable,high,summary_he;learning_points_he;fit_for_he;why_watch_he;exercises_he;equipment_he;safety_warnings_he;common_mistakes_he;quality_score;quality_reason_he;skill_level;risk_level;domain;primary_category;secondary_categories;tags;motorcycle_types;motorcycle_weight_classes;terrain_types;road_conditions;chapters;verification;last_checked,new_record,removed_generic=1,approve,"הקישור ציבורי, הראיות עומדות ברף והאוצרות הידנית עברה בדיקת התאמה ובטיחות.","מטא־דאטה, תיאור, פרקים וכתוביות נבדקו לפי הזמינות; קובצי התמלול הזמניים אינם חלק מהשחרור.",2026-08-04T12:00:00+03:00
yt-VKCEzq_fUNg,VKCEzq_fUNg,https://www.youtube.com/watch?v=VKCEzq_fUNg,new,en,Expat on Two Wheels,experienced_rider,True,True,True,True,True,False,,True,description;chapters;transcript,not_applicable,high,summary_he;learning_points_he;fit_for_he;why_watch_he;exercises_he;equipment_he;safety_warnings_he;common_mistakes_he;quality_score;quality_reason_he;skill_level;risk_level;domain;primary_category;secondary_categories;tags;motorcycle_types;motorcycle_weight_classes;terrain_types;road_conditions;chapters;verification;last_checked,new_record,removed_generic=1,approve,"הקישור ציבורי, הראיות עומדות ברף והאוצרות הידנית עברה בדיקת התאמה ובטיחות.","מטא־דאטה, תיאור, פרקים וכתוביות נבדקו לפי הזמינות; קובצי התמלול הזמניים אינם חלק מהשחרור.",2026-08-04T12:00:00+03:00
yt-bYhY-nzJnqY,bYhY-nzJnqY,https://www.youtube.com/watch?v=bYhY-nzJnqY,new,en,IRC Tire USA Moto,professional_instructor,True,True,True,True,True,False,,True,description;chapters;transcript,not_applicable,high,summary_he;learning_points_he;fit_for_he;why_watch_he;exercises_he;equipment_he;safety_warnings_he;common_mistakes_he;quality_score;quality_reason_he;skill_level;risk_level;domain;primary_category;secondary_categories;tags;motorcycle_types;motorcycle_weight_classes;terrain_types;road_conditions;chapters;verification;last_checked,new_record,removed_generic=0,approve,"הקישור ציבורי, הראיות עומדות ברף והאוצרות הידנית עברה בדיקת התאמה ובטיחות.","מטא־דאטה, תיאור, פרקים וכתוביות נבדקו לפי הזמינות; קובצי התמלול הזמניים אינם חלק מהשחרור.",2026-08-04T12:00:00+03:00
yt-6_VlZuPDOSM,6_VlZuPDOSM,https://www.youtube.com/watch?v=6_VlZuPDOSM,new,en,Ninja Nick,community_educator,True,True,True,True,True,False,,True,description;chapters;transcript,not_applicable,high,summary_he;learning_points_he;fit_for_he;why_watch_he;exercises_he;equipment_he;safety_warnings_he;common_mistakes_he;quality_score;quality_reason_he;skill_level;risk_level;domain;primary_category;secondary_categories;tags;motorcycle_types;motorcycle_weight_classes;terrain_types;road_conditions;chapters;verification;last_checked,new_record,removed_generic=2,approve,"הקישור ציבורי, הראיות עומדות ברף והאוצרות הידנית עברה בדיקת התאמה ובטיחות.","מטא־דאטה, תיאור, פרקים וכתוביות נבדקו לפי הזמינות; קובצי התמלול הזמניים אינם חלק מהשחרור.",2026-08-04T12:00:00+03:00
yt-tkQ-s7PI5Ds,tkQ-s7PI5Ds,https://www.youtube.com/watch?v=tkQ-s7PI5Ds,new,en,ADVMotoSkillZ,training_channel,True,True,True,True,True,False,,True,description;transcript,not_applicable,high,summary_he;learning_points_he;fit_for_he;why_watch_he;exercises_he;equipment_he;safety_warnings_he;common_mistakes_he;quality_score;quality_reason_he;skill_level;risk_level;domain;primary_category;secondary_categories;tags;motorcycle_types;motorcycle_weight_classes;terrain_types;road_conditions;chapters;verification;last_checked,new_record,removed_generic=0,approve,"הקישור ציבורי, הראיות עומדות ברף והאוצרות הידנית עברה בדיקת התאמה ובטיחות.","מטא־דאטה, תיאור, פרקים וכתוביות נבדקו לפי הזמינות; קובצי התמלול הזמניים אינם חלק מהשחרור.",2026-08-04T12:00:00+03:00
yt-qwK6pdXY7rw,qwK6pdXY7rw,https://www.youtube.com/watch?v=qwK6pdXY7rw,new,en,Boundless Backcountry,experienced_rider,True,True,True,True,True,False,,True,description;transcript,not_applicable,high,summary_he;learning_points_he;fit_for_he;why_watch_he;exercises_he;equipment_he;safety_warnings_he;common_mistakes_he;quality_score;quality_reason_he;skill_level;risk_level;domain;primary_category;secondary_categories;tags;motorcycle_types;motorcycle_weight_classes;terrain_types;road_conditions;chapters;verification;last_checked,new_record,removed_generic=0,approve,"הקישור ציבורי, הראיות עומדות ברף והאוצרות הידנית עברה בדיקת התאמה ובטיחות.","מטא־דאטה, תיאור, פרקים וכתוביות נבדקו לפי הזמינות; קובצי התמלול הזמניים אינם חלק מהשחרור.",2026-08-04T12:00:00+03:00
yt-FCTnaF_aZP0,FCTnaF_aZP0,https://www.youtube.com/watch?v=FCTnaF_aZP0,new,en,DanDanTheFireman,training_channel,True,True,True,True,True,False,,True,description;transcript,not_applicable,high,summary_he;learning_points_he;fit_for_he;why_watch_he;exercises_he;equipment_he;safety_warnings_he;common_mistakes_he;quality_score;quality_reason_he;skill_level;risk_level;domain;primary_category;secondary_categories;tags;motorcycle_types;motorcycle_weight_classes;terrain_types;road_conditions;chapters;verification;last_checked,new_record,removed_generic=0,approve,"הקישור ציבורי, הראיות עומדות ברף והאוצרות הידנית עברה בדיקת התאמה ובטיחות.","מטא־דאטה, תיאור, פרקים וכתוביות נבדקו לפי הזמינות; קובצי התמלול הזמניים אינם חלק מהשחרור.",2026-08-04T12:00:00+03:00
yt-MBS_7UeiXnQ,MBS_7UeiXnQ,https://www.youtube.com/watch?v=MBS_7UeiXnQ,new,en,Gray Beard Biker,experienced_rider,True,True,True,True,True,False,,True,description;transcript,not_applicable,high,summary_he;learning_points_he;fit_for_he;why_watch_he;exercises_he;equipment_he;safety_warnings_he;common_mistakes_he;quality_score;quality_reason_he;skill_level;risk_level;domain;primary_category;secondary_categories;tags;motorcycle_types;motorcycle_weight_classes;terrain_types;road_conditions;chapters;verification;last_checked,new_record,removed_generic=0,approve,"הקישור ציבורי, הראיות עומדות ברף והאוצרות הידנית עברה בדיקת התאמה ובטיחות.","מטא־דאטה, תיאור, פרקים וכתוביות נבדקו לפי הזמינות; קובצי התמלול הזמניים אינם חלק מהשחרור.",2026-08-04T12:00:00+03:00
yt-zMuVNBk9Ogw,zMuVNBk9Ogw,https://www.youtube.com/watch?v=zMuVNBk9Ogw,new,en,Chris Birch - Off Road Coach,professional_instructor,True,True,True,True,True,False,,True,description;transcript,not_applicable,high,summary_he;learning_points_he;fit_for_he;why_watch_he;exercises_he;equipment_he;safety_warnings_he;common_mistakes_he;quality_score;quality_reason_he;skill_level;risk_level;domain;primary_category;secondary_categories;tags;motorcycle_types;motorcycle_weight_classes;terrain_types;road_conditions;chapters;verification;last_checked,new_record,removed_generic=0,approve,"הקישור ציבורי, הראיות עומדות ברף והאוצרות הידנית עברה בדיקת התאמה ובטיחות.","מטא־דאטה, תיאור, פרקים וכתוביות נבדקו לפי הזמינות; קובצי התמלול הזמניים אינם חלק מהשחרור.",2026-08-04T12:00:00+03:00
yt-6IybZ8hvuDk,6IybZ8hvuDk,https://www.youtube.com/watch?v=6IybZ8hvuDk,new,en,MotoJitsu®,training_channel,True,True,True,True,True,False,,True,description;transcript,not_applicable,high,summary_he;learning_points_he;fit_for_he;why_watch_he;exercises_he;equipment_he;safety_warnings_he;common_mistakes_he;quality_score;quality_reason_he;skill_level;risk_level;domain;primary_category;secondary_categories;tags;motorcycle_types;motorcycle_weight_classes;terrain_types;road_conditions;chapters;verification;last_checked,new_record,removed_generic=0,approve,"הקישור ציבורי, הראיות עומדות ברף והאוצרות הידנית עברה בדיקת התאמה ובטיחות.","מטא־דאטה, תיאור, פרקים וכתוביות נבדקו לפי הזמינות; קובצי התמלול הזמניים אינם חלק מהשחרור.",2026-08-04T12:00:00+03:00
yt-KRgG21OBjcE,KRgG21OBjcE,https://www.youtube.com/watch?v=KRgG21OBjcE,new,en,RevZilla,training_channel,True,True,True,True,True,False,,True,description;transcript,not_applicable,high,summary_he;learning_points_he;fit_for_he;why_watch_he;exercises_he;equipment_he;safety_warnings_he;common_mistakes_he;quality_score;quality_reason_he;skill_level;risk_level;domain;primary_category;secondary_categories;tags;motorcycle_types;motorcycle_weight_classes;terrain_types;road_conditions;chapters;verification;last_checked,new_record,removed_generic=0,approve,"הקישור ציבורי, הראיות עומדות ברף והאוצרות הידנית עברה בדיקת התאמה ובטיחות.","מטא־דאטה, תיאור, פרקים וכתוביות נבדקו לפי הזמינות; קובצי התמלול הזמניים אינם חלק מהשחרור.",2026-08-04T12:00:00+03:00
yt-vfOO-xV02vo,vfOO-xV02vo,https://www.youtube.com/watch?v=vfOO-xV02vo,new,en,Roia Moto,experienced_rider,True,True,True,True,True,False,,True,description;transcript,not_applicable,high,summary_he;learning_points_he;fit_for_he;why_watch_he;exercises_he;equipment_he;safety_warnings_he;common_mistakes_he;quality_score;quality_reason_he;skill_level;risk_level;domain;primary_category;secondary_categories;tags;motorcycle_types;motorcycle_weight_classes;terrain_types;road_conditions;chapters;verification;last_checked,new_record,removed_generic=0,approve,"הקישור ציבורי, הראיות עומדות ברף והאוצרות הידנית עברה בדיקת התאמה ובטיחות.","מטא־דאטה, תיאור, פרקים וכתוביות נבדקו לפי הזמינות; קובצי התמלול הזמניים אינם חלק מהשחרור.",2026-08-04T12:00:00+03:00
yt-DW0GVIvub44,DW0GVIvub44,https://www.youtube.com/watch?v=DW0GVIvub44,new,en,Terra-Moto,professional_instructor,True,True,True,True,True,False,,True,description;transcript,not_applicable,high,summary_he;learning_points_he;fit_for_he;why_watch_he;exercises_he;equipment_he;safety_warnings_he;common_mistakes_he;quality_score;quality_reason_he;skill_level;risk_level;domain;primary_category;secondary_categories;tags;motorcycle_types;motorcycle_weight_classes;terrain_types;road_conditions;chapters;verification;last_checked,new_record,removed_generic=0,approve,"הקישור ציבורי, הראיות עומדות ברף והאוצרות הידנית עברה בדיקת התאמה ובטיחות.","מטא־דאטה, תיאור, פרקים וכתוביות נבדקו לפי הזמינות; קובצי התמלול הזמניים אינם חלק מהשחרור.",2026-08-04T12:00:00+03:00
yt-wrklB5UMWOU,wrklB5UMWOU,https://www.youtube.com/watch?v=wrklB5UMWOU,new,en,Adam Riemann,experienced_rider,True,True,True,True,True,False,,True,description;chapters;transcript,not_applicable,high,summary_he;learning_points_he;fit_for_he;why_watch_he;exercises_he;equipment_he;safety_warnings_he;common_mistakes_he;quality_score;quality_reason_he;skill_level;risk_level;domain;primary_category;secondary_categories;tags;motorcycle_types;motorcycle_weight_classes;terrain_types;road_conditions;chapters;verification;last_checked,new_record,removed_generic=1,approve,"הקישור ציבורי, הראיות עומדות ברף והאוצרות הידנית עברה בדיקת התאמה ובטיחות.","מטא־דאטה, תיאור, פרקים וכתוביות נבדקו לפי הזמינות; קובצי התמלול הזמניים אינם חלק מהשחרור.",2026-08-04T12:00:00+03:00
yt-jevfjCDOddA,jevfjCDOddA,https://www.youtube.com/watch?v=jevfjCDOddA,new,en,Big Rock Moto,experienced_rider,True,True,True,True,True,False,,True,description;chapters;transcript,not_applicable,high,summary_he;learning_points_he;fit_for_he;why_watch_he;exercises_he;equipment_he;safety_warnings_he;common_mistakes_he;quality_score;quality_reason_he;skill_level;risk_level;domain;primary_category;secondary_categories;tags;motorcycle_types;motorcycle_weight_classes;terrain_types;road_conditions;chapters;verification;last_checked,new_record,removed_generic=0,approve,"הקישור ציבורי, הראיות עומדות ברף והאוצרות הידנית עברה בדיקת התאמה ובטיחות.","מטא־דאטה, תיאור, פרקים וכתוביות נבדקו לפי הזמינות; קובצי התמלול הזמניים אינם חלק מהשחרור.",2026-08-04T12:00:00+03:00
yt-OFWtuGVuA2I,OFWtuGVuA2I,https://www.youtube.com/watch?v=OFWtuGVuA2I,new,en,Brake Magazine,training_channel,True,True,True,True,True,False,,True,description;chapters;transcript,not_applicable,high,summary_he;learning_points_he;fit_for_he;why_watch_he;exercises_he;equipment_he;safety_warnings_he;common_mistakes_he;quality_score;quality_reason_he;skill_level;risk_level;domain;primary_category;secondary_categories;tags;motorcycle_types;motorcycle_weight_classes;terrain_types;road_conditions;chapters;verification;last_checked,new_record,removed_generic=1,approve,"הקישור ציבורי, הראיות עומדות ברף והאוצרות הידנית עברה בדיקת התאמה ובטיחות.","מטא־דאטה, תיאור, פרקים וכתוביות נבדקו לפי הזמינות; קובצי התמלול הזמניים אינם חלק מהשחרור.",2026-08-04T12:00:00+03:00
yt-vQo1kb3kL60,vQo1kb3kL60,https://www.youtube.com/watch?v=vQo1kb3kL60,new,en,Dork in the Road,experienced_rider,True,True,True,True,True,False,,True,description;chapters;transcript,not_applicable,high,summary_he;learning_points_he;fit_for_he;why_watch_he;exercises_he;equipment_he;safety_warnings_he;common_mistakes_he;quality_score;quality_reason_he;skill_level;risk_level;domain;primary_category;secondary_categories;tags;motorcycle_types;motorcycle_weight_classes;terrain_types;road_conditions;chapters;verification;last_checked,new_record,removed_generic=2,approve,"הקישור ציבורי, הראיות עומדות ברף והאוצרות הידנית עברה בדיקת התאמה ובטיחות.","מטא־דאטה, תיאור, פרקים וכתוביות נבדקו לפי הזמינות; קובצי התמלול הזמניים אינם חלק מהשחרור.",2026-08-04T12:00:00+03:00
yt-AWd4shge0qc,AWd4shge0qc,https://www.youtube.com/watch?v=AWd4shge0qc,new,en,FortNine,training_channel,True,True,True,True,True,False,,True,description;chapters;transcript,not_applicable,high,summary_he;learning_points_he;fit_for_he;why_watch_he;exercises_he;equipment_he;safety_warnings_he;common_mistakes_he;quality_score;quality_reason_he;skill_level;risk_level;domain;primary_category;secondary_categories;tags;motorcycle_types;motorcycle_weight_classes;terrain_types;road_conditions;chapters;verification;last_checked,new_record,removed_generic=2,approve,"הקישור ציבורי, הראיות עומדות ברף והאוצרות הידנית עברה בדיקת התאמה ובטיחות.","מטא־דאטה, תיאור, פרקים וכתוביות נבדקו לפי הזמינות; קובצי התמלול הזמניים אינם חלק מהשחרור.",2026-08-04T12:00:00+03:00
yt-rmWQKoN6yX0,rmWQKoN6yX0,https://www.youtube.com/watch?v=rmWQKoN6yX0,new,en,FortNine,training_channel,True,True,True,True,True,False,,True,description;chapters;transcript,not_applicable,high,summary_he;learning_points_he;fit_for_he;why_watch_he;exercises_he;equipment_he;safety_warnings_he;common_mistakes_he;quality_score;quality_reason_he;skill_level;risk_level;domain;primary_category;secondary_categories;tags;motorcycle_types;motorcycle_weight_classes;terrain_types;road_conditions;chapters;verification;last_checked,new_record,removed_generic=1,approve,"הקישור ציבורי, הראיות עומדות ברף והאוצרות הידנית עברה בדיקת התאמה ובטיחות.","מטא־דאטה, תיאור, פרקים וכתוביות נבדקו לפי הזמינות; קובצי התמלול הזמניים אינם חלק מהשחרור.",2026-08-04T12:00:00+03:00
yt-Kt3mVmoityo,Kt3mVmoityo,https://www.youtube.com/watch?v=Kt3mVmoityo,new,en,Gray Beard Biker,experienced_rider,True,True,True,True,True,False,,True,description;chapters;transcript,not_applicable,high,summary_he;learning_points_he;fit_for_he;why_watch_he;exercises_he;equipment_he;safety_warnings_he;common_mistakes_he;quality_score;quality_reason_he;skill_level;risk_level;domain;primary_category;secondary_categories;tags;motorcycle_types;motorcycle_weight_classes;terrain_types;road_conditions;chapters;verification;last_checked,new_record,removed_generic=2,approve,"הקישור ציבורי, הראיות עומדות ברף והאוצרות הידנית עברה בדיקת התאמה ובטיחות.","מטא־דאטה, תיאור, פרקים וכתוביות נבדקו לפי הזמינות; קובצי התמלול הזמניים אינם חלק מהשחרור.",2026-08-04T12:00:00+03:00
yt-TujQZ4bRgjQ,TujQZ4bRgjQ,https://www.youtube.com/watch?v=TujQZ4bRgjQ,new,en,Great Motorcycle Roads,community_educator,True,True,True,True,True,False,,True,description;chapters;transcript,not_applicable,high,summary_he;learning_points_he;fit_for_he;why_watch_he;exercises_he;equipment_he;safety_warnings_he;common_mistakes_he;quality_score;quality_reason_he;skill_level;risk_level;domain;primary_category;secondary_categories;tags;motorcycle_types;motorcycle_weight_classes;terrain_types;road_conditions;chapters;verification;last_checked,new_record,removed_generic=1,approve,"הקישור ציבורי, הראיות עומדות ברף והאוצרות הידנית עברה בדיקת התאמה ובטיחות.","מטא־דאטה, תיאור, פרקים וכתוביות נבדקו לפי הזמינות; קובצי התמלול הזמניים אינם חלק מהשחרור.",2026-08-04T12:00:00+03:00
yt-kInjwfYnVYU,kInjwfYnVYU,https://www.youtube.com/watch?v=kInjwfYnVYU,new,en,Great Motorcycle Roads,community_educator,True,True,True,True,True,False,,True,description;chapters;transcript,not_applicable,high,summary_he;learning_points_he;fit_for_he;why_watch_he;exercises_he;equipment_he;safety_warnings_he;common_mistakes_he;quality_score;quality_reason_he;skill_level;risk_level;domain;primary_category;secondary_categories;tags;motorcycle_types;motorcycle_weight_classes;terrain_types;road_conditions;chapters;verification;last_checked,new_record,removed_generic=1,approve,"הקישור ציבורי, הראיות עומדות ברף והאוצרות הידנית עברה בדיקת התאמה ובטיחות.","מטא־דאטה, תיאור, פרקים וכתוביות נבדקו לפי הזמינות; קובצי התמלול הזמניים אינם חלק מהשחרור.",2026-08-04T12:00:00+03:00
yt-tNUbI03Pw4I,tNUbI03Pw4I,https://www.youtube.com/watch?v=tNUbI03Pw4I,new,en,Kyle Bradshaw,experienced_rider,True,True,True,True,True,False,,True,description;chapters;transcript,not_applicable,high,summary_he;learning_points_he;fit_for_he;why_watch_he;exercises_he;equipment_he;safety_warnings_he;common_mistakes_he;quality_score;quality_reason_he;skill_level;risk_level;domain;primary_category;secondary_categories;tags;motorcycle_types;motorcycle_weight_classes;terrain_types;road_conditions;chapters;verification;last_checked,new_record,removed_generic=0,approve,"הקישור ציבורי, הראיות עומדות ברף והאוצרות הידנית עברה בדיקת התאמה ובטיחות.","מטא־דאטה, תיאור, פרקים וכתוביות נבדקו לפי הזמינות; קובצי התמלול הזמניים אינם חלק מהשחרור.",2026-08-04T12:00:00+03:00
yt-n5d2muv5OtE,n5d2muv5OtE,https://www.youtube.com/watch?v=n5d2muv5OtE,new,en,FortNine,training_channel,True,True,True,True,True,False,,True,description;transcript,not_applicable,high,summary_he;learning_points_he;fit_for_he;why_watch_he;exercises_he;equipment_he;safety_warnings_he;common_mistakes_he;quality_score;quality_reason_he;skill_level;risk_level;domain;primary_category;secondary_categories;tags;motorcycle_types;motorcycle_weight_classes;terrain_types;road_conditions;chapters;verification;last_checked,new_record,removed_generic=0,approve,"הקישור ציבורי, הראיות עומדות ברף והאוצרות הידנית עברה בדיקת התאמה ובטיחות.","מטא־דאטה, תיאור, פרקים וכתוביות נבדקו לפי הזמינות; קובצי התמלול הזמניים אינם חלק מהשחרור.",2026-08-04T12:00:00+03:00
yt-mCIxtcnmeYQ,mCIxtcnmeYQ,https://www.youtube.com/watch?v=mCIxtcnmeYQ,new,en,IRC Tire USA Moto,professional_instructor,True,True,True,True,True,False,,True,description;transcript,not_applicable,high,summary_he;learning_points_he;fit_for_he;why_watch_he;exercises_he;equipment_he;safety_warnings_he;common_mistakes_he;quality_score;quality_reason_he;skill_level;risk_level;domain;primary_category;secondary_categories;tags;motorcycle_types;motorcycle_weight_classes;terrain_types;road_conditions;chapters;verification;last_checked,new_record,removed_generic=0,approve,"הקישור ציבורי, הראיות עומדות ברף והאוצרות הידנית עברה בדיקת התאמה ובטיחות.","מטא־דאטה, תיאור, פרקים וכתוביות נבדקו לפי הזמינות; קובצי התמלול הזמניים אינם חלק מהשחרור.",2026-08-04T12:00:00+03:00
yt-RQBTnhHzthU,RQBTnhHzthU,https://www.youtube.com/watch?v=RQBTnhHzthU,new,en,mxtvshow,training_channel,True,True,True,True,True,False,,True,description;transcript,not_applicable,high,summary_he;learning_points_he;fit_for_he;why_watch_he;exercises_he;equipment_he;safety_warnings_he;common_mistakes_he;quality_score;quality_reason_he;skill_level;risk_level;domain;primary_category;secondary_categories;tags;motorcycle_types;motorcycle_weight_classes;terrain_types;road_conditions;chapters;verification;last_checked,new_record,removed_generic=0,approve,"הקישור ציבורי, הראיות עומדות ברף והאוצרות הידנית עברה בדיקת התאמה ובטיחות.","מטא־דאטה, תיאור, פרקים וכתוביות נבדקו לפי הזמינות; קובצי התמלול הזמניים אינם חלק מהשחרור.",2026-08-04T12:00:00+03:00
yt-pNDdOJsAslg,pNDdOJsAslg,https://www.youtube.com/watch?v=pNDdOJsAslg,new,en,The Girl On A Bike,experienced_rider,True,True,True,True,True,False,,True,description;chapters;transcript,not_applicable,high,summary_he;learning_points_he;fit_for_he;why_watch_he;exercises_he;equipment_he;safety_warnings_he;common_mistakes_he;quality_score;quality_reason_he;skill_level;risk_level;domain;primary_category;secondary_categories;tags;motorcycle_types;motorcycle_weight_classes;terrain_types;road_conditions;chapters;verification;last_checked,new_record,removed_generic=0,approve,"הקישור ציבורי, הראיות עומדות ברף והאוצרות הידנית עברה בדיקת התאמה ובטיחות.","מטא־דאטה, תיאור, פרקים וכתוביות נבדקו לפי הזמינות; קובצי התמלול הזמניים אינם חלק מהשחרור.",2026-08-04T12:00:00+03:00
yt-DhtzQXjS8kA,DhtzQXjS8kA,https://www.youtube.com/watch?v=DhtzQXjS8kA,new,en,The Moto Barista,experienced_rider,True,True,True,True,True,False,,True,description;transcript,not_applicable,high,summary_he;learning_points_he;fit_for_he;why_watch_he;exercises_he;equipment_he;safety_warnings_he;common_mistakes_he;quality_score;quality_reason_he;skill_level;risk_level;domain;primary_category;secondary_categories;tags;motorcycle_types;motorcycle_weight_classes;terrain_types;road_conditions;chapters;verification;last_checked,new_record,removed_generic=0,approve,"הקישור ציבורי, הראיות עומדות ברף והאוצרות הידנית עברה בדיקת התאמה ובטיחות.","מטא־דאטה, תיאור, פרקים וכתוביות נבדקו לפי הזמינות; קובצי התמלול הזמניים אינם חלק מהשחרור.",2026-08-04T12:00:00+03:00
yt-_FzURX3rpyM,_FzURX3rpyM,https://www.youtube.com/watch?v=_FzURX3rpyM,new,en,Brake Magazine,training_channel,True,True,True,True,True,False,,True,description;chapters;transcript,not_applicable,high,summary_he;learning_points_he;fit_for_he;why_watch_he;exercises_he;equipment_he;safety_warnings_he;common_mistakes_he;quality_score;quality_reason_he;skill_level;risk_level;domain;primary_category;secondary_categories;tags;motorcycle_types;motorcycle_weight_classes;terrain_types;road_conditions;chapters;verification;last_checked,new_record,removed_generic=2,approve,"הקישור ציבורי, הראיות עומדות ברף והאוצרות הידנית עברה בדיקת התאמה ובטיחות.","מטא־דאטה, תיאור, פרקים וכתוביות נבדקו לפי הזמינות; קובצי התמלול הזמניים אינם חלק מהשחרור.",2026-08-04T12:00:00+03:00
yt-eqcDXVEtW9Q,eqcDXVEtW9Q,https://www.youtube.com/watch?v=eqcDXVEtW9Q,new,en,Brake Magazine,training_channel,True,True,True,True,True,False,,True,description;chapters;transcript,not_applicable,high,summary_he;learning_points_he;fit_for_he;why_watch_he;exercises_he;equipment_he;safety_warnings_he;common_mistakes_he;quality_score;quality_reason_he;skill_level;risk_level;domain;primary_category;secondary_categories;tags;motorcycle_types;motorcycle_weight_classes;terrain_types;road_conditions;chapters;verification;last_checked,new_record,removed_generic=2,approve,"הקישור ציבורי, הראיות עומדות ברף והאוצרות הידנית עברה בדיקת התאמה ובטיחות.","מטא־דאטה, תיאור, פרקים וכתוביות נבדקו לפי הזמינות; קובצי התמלול הזמניים אינם חלק מהשחרור.",2026-08-04T12:00:00+03:00
yt-oW1fVY2m7JI,oW1fVY2m7JI,https://www.youtube.com/watch?v=oW1fVY2m7JI,new,en,Adventure Warehouse,training_channel,True,True,True,True,True,False,,True,description;chapters;transcript,not_applicable,high,summary_he;learning_points_he;fit_for_he;why_watch_he;exercises_he;equipment_he;safety_warnings_he;common_mistakes_he;quality_score;quality_reason_he;skill_level;risk_level;domain;primary_category;secondary_categories;tags;motorcycle_types;motorcycle_weight_classes;terrain_types;road_conditions;chapters;verification;last_checked,new_record,removed_generic=2,approve,המועמד סוגר פער Top-3 ב־ABS בשטח עם כתוביות ידניות ופרקי מקור.,"נבדקו מטא־דאטה חי, תיאור, פרקים וכתוביות ידניות; קובץ הכתוביות הזמני יימחק לפני השחרור.",2026-08-04T14:00:00+03:00
yt-nBhWbHKCkks,nBhWbHKCkks,https://www.youtube.com/watch?v=nBhWbHKCkks,new,en,ADVMotoSkillZ,training_channel,True,True,True,True,True,False,,True,description;chapters;transcript,not_applicable,high,summary_he;learning_points_he;fit_for_he;why_watch_he;exercises_he;equipment_he;safety_warnings_he;common_mistakes_he;quality_score;quality_reason_he;skill_level;risk_level;domain;primary_category;secondary_categories;tags;motorcycle_types;motorcycle_weight_classes;terrain_types;road_conditions;chapters;verification;last_checked,new_record,removed_generic=1,approve,"קישור ציבורי פעיל, ראיות מקור מפורטות ואוצרות ידנית עומדים ברף Release 1.0.","מטא־דאטה, תיאור, פרקים וכתוביות ידניות נבדקו; קובצי הכתוביות הזמניים אינם חלק מן הפרויקט או השחרור.",2026-08-04T15:00:34+03:00
yt-cM4YrRjKVUc,cM4YrRjKVUc,https://www.youtube.com/watch?v=cM4YrRjKVUc,new,en,Bret Tkacs ADV,professional_instructor,True,True,True,True,True,False,,True,description;chapters;transcript,not_applicable,high,summary_he;learning_points_he;fit_for_he;why_watch_he;exercises_he;equipment_he;safety_warnings_he;common_mistakes_he;quality_score;quality_reason_he;skill_level;risk_level;domain;primary_category;secondary_categories;tags;motorcycle_types;motorcycle_weight_classes;terrain_types;road_conditions;chapters;verification;last_checked,new_record,removed_generic=0,approve,"קישור ציבורי פעיל, ראיות מקור מפורטות ואוצרות ידנית עומדים ברף Release 1.0.","מטא־דאטה, תיאור, פרקים וכתוביות ידניות נבדקו; קובצי הכתוביות הזמניים אינם חלק מן הפרויקט או השחרור.",2026-08-04T15:00:34+03:00
